district_code,district_name,taluka_code,taluka_name,village_code,village_name_marathi,village_name_english,has_data
26,Ahmednagar,01,अकोले,000000000000002609,Ahmednagar,Ahmednagar,True
26,Ahmednagar,01,अकोले,000000000000002603,Kopargaon,Kopargaon,True
26,Ahmednagar,01,अकोले,000000000000002608,Pathrdi,Pathrdi,True
26,Ahmednagar,01,अकोले,000000000000002604,Rahata,Rahata,True
26,Ahmednagar,01,अकोले,000000000000002610,Rahuri,Rahuri,True
26,Ahmednagar,01,अकोले,000000000000002602,Samgamner,Samgamner,True
26,Ahmednagar,01,अकोले,000000000000002612,Shrigonda,Shrigonda,True
26,Ahmednagar,01,अकोले,000000000000002605,Shrirampur,Shrirampur,True
26,Ahmednagar,01,अकोले,272600010320880000,अकोले,akole,True
26,Ahmednagar,01,अकोले,272600010320890000,अगस्तीनगर,agastInagara,True
26,Ahmednagar,01,अकोले,272600010320930000,अंबड,aMbaDa,True
26,Ahmednagar,01,अकोले,272600010320650000,अंबिकानगर,aMbikAnagara,True
26,Ahmednagar,01,अकोले,272600010320300000,अंबित,aMbita,True
26,Ahmednagar,01,अकोले,272600010321220000,अंभोळ,aMbhoLa,True
26,Ahmednagar,01,अकोले,272600010320780000,आगार,AgAra,True
26,Ahmednagar,01,अकोले,272600010321330000,आबीतखिंड,AbItakhiMDa,True
26,Ahmednagar,01,अकोले,272600010319790000,आंबेवंगण,AMbevaMgaNa,True
26,Ahmednagar,01,अकोले,272600010320740000,इंदुरी,iMdurI,True
26,Ahmednagar,01,अकोले,272600010319850000,उडदावणे,uDadAvaNe,True
26,Ahmednagar,01,अकोले,272600010320750000,उंचखडक खुर्द,uMchakhaDaka khurda,True
26,Ahmednagar,01,अकोले,272600010320660000,उंचखडक बुद्रुक,uMchakhaDaka budruka,True
26,Ahmednagar,01,अकोले,272600010321360000,उंबरेवाडी,uMbarevADI,True
26,Ahmednagar,01,अकोले,272600010320390000,एकदरे,ekadare,True
26,Ahmednagar,01,अकोले,272600010320920000,औरंगपूर,auraMgapUra,True
26,Ahmednagar,01,अकोले,272600010321450000,करंडी,karaMDI,True
26,Ahmednagar,01,अकोले,272600010320820000,कळस खुर्द,kaLasa khurda,True
26,Ahmednagar,01,अकोले,272600010320830000,कळस बुद्रुक,kaLasa budruka,True
26,Ahmednagar,01,अकोले,272600010321460000,कळंब,kaLaMba,True
26,Ahmednagar,01,अकोले,272600010319980000,कातळापूर,kAtaLApUra,True
26,Ahmednagar,01,अकोले,272600010321540000,काळेवाडी,kALevADI,True
26,Ahmednagar,01,अकोले,272600010320180000,कुमशेत,kumasheta,True
26,Ahmednagar,01,अकोले,272600010320810000,कुंभेफळ,kuMbhephaLa,True
26,Ahmednagar,01,अकोले,272600010321410000,केळी ओतुर,keLI otura,True
26,Ahmednagar,01,अकोले,272600010321420000,केळी कोतुळ,keLI kotuLa,True
26,Ahmednagar,01,अकोले,272600010320450000,केळीरूम्हणवाडी,keLIrUmhaNavADI,True
26,Ahmednagar,01,अकोले,272600010320050000,केळूंगण,keLUMgaNa,True
26,Ahmednagar,01,अकोले,272600010320370000,कोकणवाडी,kokaNavADI,True
26,Ahmednagar,01,अकोले,272600010321080000,कोतुळ,kotuLa,True
26,Ahmednagar,01,अकोले,272600010321150000,कोथळे,kothaLe,True
26,Ahmednagar,01,अकोले,272600010319930000,कोदणी,kodaNI,True
26,Ahmednagar,01,अकोले,272600010320170000,कोलटेंभे,kolaTeMbhe,True
26,Ahmednagar,01,अकोले,272600010321190000,कोहणे,kohaNe,True
26,Ahmednagar,01,अकोले,272600010319960000,कोहंडी,kohaMDI,True
26,Ahmednagar,01,अकोले,272600010320540000,कोंभाळणे,koMbhALaNe,True
26,Ahmednagar,01,अकोले,272600010320120000,कौठ वाडी,kauTha vADI,True
26,Ahmednagar,01,अकोले,272600010320260000,खडकी खुर्द,khaDakI khurda,True
26,Ahmednagar,01,अकोले,272600010320270000,खडकी बुद्रुक,khaDakI budruka,True
26,Ahmednagar,01,अकोले,272600010320770000,खानापूर,khAnApUra,True
26,Ahmednagar,01,अकोले,272600010320520000,खिरविरे,khiravire,True
26,Ahmednagar,01,अकोले,272600010321500000,खुंटेवाडी,khuMTevADI,True
26,Ahmednagar,01,अकोले,272600010321390000,खेतेवाडी,khetevADI,True
26,Ahmednagar,01,अकोले,272600010320600000,गणोरे,gaNore,True
26,Ahmednagar,01,अकोले,272600010320630000,गर्दणी,gardaNI,True
26,Ahmednagar,01,अकोले,272600010321440000,गारवाडी,gAravADI,True
26,Ahmednagar,01,अकोले,272600010320000000,गुहिरे,guhire,True
26,Ahmednagar,01,अकोले,272600010321430000,गोडेवाडी,goDevADI,True
26,Ahmednagar,01,अकोले,272600010320230000,गोदोंशी,godoMshI,True
26,Ahmednagar,01,अकोले,272600010319870000,घाटघर,ghATaghara,True
26,Ahmednagar,01,अकोले,272600010321100000,घोटी,ghoTI,True
26,Ahmednagar,01,अकोले,272600010320460000,घोडसरवाडी,ghoDasaravADI,True
26,Ahmednagar,01,अकोले,272600010321470000,चास,chAsa,True
26,Ahmednagar,01,अकोले,272600010319820000,चिचोंडी,chichoMDI,True
26,Ahmednagar,01,अकोले,272600010320070000,चितळवेढे,chitaLaveDhe,True
26,Ahmednagar,01,अकोले,272600010320960000,चिंचावणे,chiMchAvaNe,True
26,Ahmednagar,01,अकोले,272600010321520000,चैतन्यपूर,chaitanyapUra,True
26,Ahmednagar,01,अकोले,272600010321290000,चॉंदसुरज,chaॉMdasuraja,True
26,Ahmednagar,01,अकोले,272600010320380000,चंदगीरवाडी,chaMdagIravADI,True
26,Ahmednagar,01,अकोले,272600010319670000,जहागीरदारवाडी,jahAgIradAravADI,True
26,Ahmednagar,01,अकोले,272600010321560000,जाचकवाडी,jAchakavADI,True
26,Ahmednagar,01,अकोले,272600010320110000,जामगांव,jAmagAMva,True
26,Ahmednagar,01,अकोले,272600010320410000,जायनावाडी,jAyanAvADI,True
26,Ahmednagar,01,अकोले,272600010321530000,जांभळे,jAMbhaLe,True
26,Ahmednagar,01,अकोले,272600010320760000,टाकळी,TAkaLI,True
26,Ahmednagar,01,अकोले,272600010320500000,टाहाकारी,TAhAkArI,True
26,Ahmednagar,01,अकोले,272600010319940000,टिटवी,TiTavI,True
26,Ahmednagar,01,अकोले,272600010321040000,ठाकरवाडी,ThAkaravADI,True
26,Ahmednagar,01,अकोले,272600010320590000,डोंगरगांव,DoMgaragAMva,True
26,Ahmednagar,01,अकोले,272600010319720000,डोंगरवाडी,DoMgaravADI,True
26,Ahmednagar,01,अकोले,272600010321070000,ढगेवाडी,DhagevADI,True
26,Ahmednagar,01,अकोले,272600010320640000,ढोकरी,DhokarI,True
26,Ahmednagar,01,अकोले,272600010321160000,तळे,taLe,True
26,Ahmednagar,01,अकोले,272600010320620000,तांभोळ,tAMbhoLa,True
26,Ahmednagar,01,अकोले,272600010320320000,तिरढे,tiraDhe,True
26,Ahmednagar,01,अकोले,272600010320030000,तेरूंगण,terUMgaNa,True
26,Ahmednagar,01,अकोले,272600010320510000,दगडवाडी,dagaDavADI,True
26,Ahmednagar,01,अकोले,272600010319750000,दिगंबर,digaMbara,True
26,Ahmednagar,01,अकोले,272600010319770000,देवगांव,devagAMva,True
26,Ahmednagar,01,अकोले,272600010320560000,देवठाण,devaThANa,True
26,Ahmednagar,01,अकोले,272600010320940000,धामणगावं आवारी,dhAmaNagAvaM AvArI,True
26,Ahmednagar,01,अकोले,272600010320990000,धामणगांव पाट,dhAmaNagAMva pATa,True
26,Ahmednagar,01,अकोले,272600010320150000,धामणवन,dhAmaNavana,True
26,Ahmednagar,01,अकोले,272600010320900000,धुमाळवाडी,dhumALavADI,True
26,Ahmednagar,01,अकोले,272600010320910000,नवलेवाडी,navalevADI,True
26,Ahmednagar,01,अकोले,272600010320490000,नागवाडी,nAgavADI,True
26,Ahmednagar,01,अकोले,272600010321320000,नाचणठाव,nAchaNaThAva,True
26,Ahmednagar,01,अकोले,272600010320100000,निरगुडवाडी,niraguDavADI,True
26,Ahmednagar,01,अकोले,272600010320710000,निळवंडे,niLavaMDe,True
26,Ahmednagar,01,अकोले,272600010320720000,निंब्रळ,niMbraLa,True
26,Ahmednagar,01,अकोले,272600010320870000,परखतपूर,parakhatapUra,True
26,Ahmednagar,01,अकोले,272600010321340000,पळसुंदे,paLasuMde,True
26,Ahmednagar,01,अकोले,272600010320310000,पाचनई,pAchanaI,True
26,Ahmednagar,01,अकोले,272600010320340000,पाचपट्टावाडी,pAchapaTTAvADI,True
26,Ahmednagar,01,अकोले,272600010320980000,पाडाळणे,pADALaNe,True
26,Ahmednagar,01,अकोले,272600010320430000,पाडोशी,pADoshI,True
26,Ahmednagar,01,अकोले,272600010319710000,पाभुळवंडी,pAbhuLavaMDI,True
26,Ahmednagar,01,अकोले,272600010321010000,पांगरी,pAMgarI,True
26,Ahmednagar,01,अकोले,272600010319840000,पांजरे,pAMjare,True
26,Ahmednagar,01,अकोले,272600010321310000,पिसेवाडी,pisevADI,True
26,Ahmednagar,01,अकोले,272600010319760000,पिंपरकणे,piMparakaNe,True
26,Ahmednagar,01,अकोले,272600010321110000,पिंपरी,piMparI,True
26,Ahmednagar,01,अकोले,272600010321030000,पिंपळगांव खांड,piMpaLagAMva khAMDa,True
26,Ahmednagar,01,अकोले,272600010319740000,पिंपळगांव नाकविंदा,piMpaLagAMva nAkaviMdA,True
26,Ahmednagar,01,अकोले,272600010320610000,पिंपळगांव निपाणी,piMpaLagAMva nipANI,True
26,Ahmednagar,01,अकोले,272600010320420000,पिंपळदरावाडी,piMpaLadarAvADI,True
26,Ahmednagar,01,अकोले,272600010321480000,पिंपळदरी,piMpaLadarI,True
26,Ahmednagar,01,अकोले,272600010320280000,पुरूषवाडी,purUShavADI,True
26,Ahmednagar,01,अकोले,272600010320360000,पेढेवाडी,peDhevADI,True
26,Ahmednagar,01,अकोले,272600010319830000,पेंडशेत,peMDasheta,True
26,Ahmednagar,01,अकोले,272600010321090000,पैठण,paiThaNa,True
26,Ahmednagar,01,अकोले,272600010320530000,पोपेरेवाडी,poperevADI,True
26,Ahmednagar,01,अकोले,272600010321350000,फोफसंडी,phophasaMDI,True
26,Ahmednagar,01,अकोले,272600010321550000,बदगी,badagI,True
26,Ahmednagar,01,अकोले,272600010320200000,बलठण,balaThaNa,True
26,Ahmednagar,01,अकोले,272600010320680000,बहिरवाडी,bahiravADI,True
26,Ahmednagar,01,अकोले,272600010319730000,बाभुळवंडी,bAbhuLavaMDI,True
26,Ahmednagar,01,अकोले,272600010320220000,बारववाडी,bAravavADI,True
26,Ahmednagar,01,अकोले,272600010319660000,बारी,bArI,True
26,Ahmednagar,01,अकोले,272600010320400000,बिताका,bitAkA,True
26,Ahmednagar,01,अकोले,272600010321510000,बेलापूर,belApUra,True
26,Ahmednagar,01,अकोले,272600010321250000,बोरी,borI,True
26,Ahmednagar,01,अकोले,272600010321490000,ब्राम्हणवाडा,brAmhaNavADA,True
26,Ahmednagar,01,अकोले,272600010320090000,भोजदरवाडी,bhojadaravADI,True
26,Ahmednagar,01,अकोले,272600010321240000,भोळेवाडी,bhoLevADI,True
26,Ahmednagar,01,अकोले,272600010320010000,भंडारदरा,bhaMDAradarA,True
26,Ahmednagar,01,अकोले,272600010320850000,मनोहरपूर,manoharapUra,True
26,Ahmednagar,01,अकोले,272600010321300000,मन्याळे,manyALe,True
26,Ahmednagar,01,अकोले,272600010320210000,मवेशी,maveshI,True
26,Ahmednagar,01,अकोले,272600010321230000,महादेववाडी,mahAdevavADI,True
26,Ahmednagar,01,अकोले,272600010320130000,माणिक ओझर,mANika ojhara,True
26,Ahmednagar,01,अकोले,272600010319800000,मान्हेरे,mAnhere,True
26,Ahmednagar,01,अकोले,272600010319970000,माळेगांव,mALegAMva,True
26,Ahmednagar,01,अकोले,272600010320020000,मुतखेल,mutakhela,True
26,Ahmednagar,01,अकोले,272600010320550000,मुथाळणे,muthALaNe,True
26,Ahmednagar,01,अकोले,272600010319900000,मुरशेत,murasheta,True
26,Ahmednagar,01,अकोले,272600010320670000,मेहंदुरी,mehaMdurI,True
26,Ahmednagar,01,अकोले,272600010321000000,मोग्रस,mograsa,True
26,Ahmednagar,01,अकोले,272600010321380000,मोरवाडी,moravADI,True
26,Ahmednagar,01,अकोले,272600010320700000,म्हाळादेवी,mhALAdevI,True
26,Ahmednagar,01,अकोले,272600010320350000,म्हाळुंगी,mhALuMgI,True
26,Ahmednagar,01,अकोले,272600010321400000,येसरठाव,yesaraThAva,True
26,Ahmednagar,01,अकोले,272600010319990000,रणद खुर्द,raNada khurda,True
26,Ahmednagar,01,अकोले,272600010319920000,रणद बुद्रुक,raNada budruka,True
26,Ahmednagar,01,अकोले,272600010319890000,रतनवाडी,ratanavADI,True
26,Ahmednagar,01,अकोले,272600010320060000,राजूर,rAjUra,True
26,Ahmednagar,01,अकोले,272600010320730000,रूंभोडी,rUMbhoDI,True
26,Ahmednagar,01,अकोले,272600010320790000,रेडे,reDe,True
26,Ahmednagar,01,अकोले,272600010321140000,लव्हाळी ओतूर,lavhALI otUra,True
26,Ahmednagar,01,अकोले,272600010321130000,लव्हाळी कोतुळ,lavhALI kotuLa,True
26,Ahmednagar,01,अकोले,272600010321280000,लहित खुर्द,lahita khurda,True
26,Ahmednagar,01,अकोले,272600010321270000,लहित बुद्रुक,lahita budruka,True
26,Ahmednagar,01,अकोले,272600010319780000,लाडगांव,lADagAMva,True
26,Ahmednagar,01,अकोले,272600010321050000,लिंगदेव,liMgadeva,True
26,Ahmednagar,01,अकोले,272600010319810000,वाकी,vAkI,True
26,Ahmednagar,01,अकोले,272600010321120000,वागदरी,vAgadarI,True
26,Ahmednagar,01,अकोले,272600010321260000,वाघापुर,vAghApura,True
26,Ahmednagar,01,अकोले,272600010319680000,वारंघुशी,vAraMghushI,True
26,Ahmednagar,01,अकोले,272600010320950000,वाशेरे,vAshere,True
26,Ahmednagar,01,अकोले,272600010320250000,वांजुळशेत,vAMjuLasheta,True
26,Ahmednagar,01,अकोले,272600010320080000,विठा,viThA,True
26,Ahmednagar,01,अकोले,272600010320570000,विरगांव,viragAMva,True
26,Ahmednagar,01,अकोले,272600010321180000,विहिर,vihira,True
26,Ahmednagar,01,अकोले,272600010321020000,शिदवड,shidavaDa,True
26,Ahmednagar,01,अकोले,272600010320190000,शिरपुंजे खुर्द,shirapuMje khurda,True
26,Ahmednagar,01,अकोले,272600010320160000,शिरपुंजे बुद्रुक,shirapuMje budruka,True
26,Ahmednagar,01,अकोले,272600010321210000,शिळवंडी,shiLavaMDI,True
26,Ahmednagar,01,अकोले,272600010320330000,शिवाजीनगर,shivAjInagara,True
26,Ahmednagar,01,अकोले,272600010320290000,शिसवद,shisavada,True
26,Ahmednagar,01,अकोले,272600010319860000,शिंगणवाडी,shiMgaNavADI,True
26,Ahmednagar,01,अकोले,272600010321170000,शिंदे,shiMde,True
26,Ahmednagar,01,अकोले,272600010319690000,शेणित,sheNita,True
26,Ahmednagar,01,अकोले,272600010319700000,शेणित खुर्द,sheNita khurda,True
26,Ahmednagar,01,अकोले,272600010320690000,शेरणखेल,sheraNakhela,True
26,Ahmednagar,01,अकोले,272600010321060000,शेरेवाडी,sherevADI,True
26,Ahmednagar,01,अकोले,272600010320970000,शेलद,shelada,True
26,Ahmednagar,01,अकोले,272600010319950000,शेलविहीरे,shelavihIre,True
26,Ahmednagar,01,अकोले,272600010319910000,शेंडी,sheMDI,True
26,Ahmednagar,01,अकोले,272600010320480000,समशेरपूर,samasherapUra,True
26,Ahmednagar,01,अकोले,272600010320040000,सरोवरवाडी,sarovaravADI,True
26,Ahmednagar,01,अकोले,272600010320240000,साकिरवाडी,sAkiravADI,True
26,Ahmednagar,01,अकोले,272600010321370000,सातेवाडी,sAtevADI,True
26,Ahmednagar,01,अकोले,272600010319880000,साम्रद,sAmrada,True
26,Ahmednagar,01,अकोले,272600010320140000,सावरकुटे,sAvarakuTe,True
26,Ahmednagar,01,अकोले,272600010320470000,सावरगांव पाट,sAvaragAMva pATa,True
26,Ahmednagar,01,अकोले,272600010320440000,सांगवी,sAMgavI,True
26,Ahmednagar,01,अकोले,272600010320800000,सुगांव खुर्द,sugAMva khurda,True
26,Ahmednagar,01,अकोले,272600010320860000,सुगांव बुद्रुक,sugAMva budruka,True
26,Ahmednagar,01,अकोले,272600010320840000,सुलतानपुर,sulatAnapura,True
26,Ahmednagar,01,अकोले,272600010321200000,सोंमलवाडी,soMmalavADI,True
26,Ahmednagar,01,अकोले,272600010320580000,हिवरगांव,hivaragAMva,True
26,Ahmednagar,04,राहाता,000000000000001100,Shirdi,Shirdi,True
26,Ahmednagar,04,राहाता,272600040324230000,अस्तगाव,astagAva,True
26,Ahmednagar,04,राहाता,272600040324510000,आडगांव खुर्द,ADagAMva khurda,True
26,Ahmednagar,04,राहाता,272600040324520000,आडगांव बुद्रुक,ADagAMva budruka,True
26,Ahmednagar,04,राहाता,272600040324240000,एकरुखे,ekarukhe,True
26,Ahmednagar,04,राहाता,272600040324350000,एलमवाडी,elamavADI,True
26,Ahmednagar,04,राहाता,272600040324130000,कनकुरी,kanakurI,True
26,Ahmednagar,04,राहाता,272600040324200000,केलवड खुर्द,kelavaDa khurda,True
26,Ahmednagar,04,राहाता,272600040324190000,केलवड बुद्रुक,kelavaDa budruka,True
26,Ahmednagar,04,राहाता,272600040324150000,कोऱ्हाळे,koRhALe,True
26,Ahmednagar,04,राहाता,272600040324490000,कोल्हार बुद्रुक,kolhAra budruka,True
26,Ahmednagar,04,राहाता,272600040324220000,खडकेवाके,khaDakevAke,True
26,Ahmednagar,04,राहाता,272600040324540000,गोगलगांव,gogalagAMva,True
26,Ahmednagar,04,राहाता,272600040324370000,चितळी,chitaLI,True
26,Ahmednagar,04,राहाता,272600040324260000,चोळकेवाडी,choLakevADI,True
26,Ahmednagar,04,राहाता,272600040324580000,चंद्रापूर,chaMdrApUra,True
26,Ahmednagar,04,राहाता,272600040324360000,जळगांव,jaLagAMva,True
26,Ahmednagar,04,राहाता,272600040324060000,डोऱ्हाळे,DoRhALe,True
26,Ahmednagar,04,राहाता,272600040324270000,तरकसवाडी,tarakasavADI,True
26,Ahmednagar,04,राहाता,272600040324460000,तीसगांव,tIsagAMva,True
26,Ahmednagar,04,राहाता,272600040324180000,दहिगांव कोऱ्हाळे,dahigAMva koRhALe,True
26,Ahmednagar,04,राहाता,272600040324590000,दाढ बुद्रुक,dADha budruka,True
26,Ahmednagar,04,राहाता,272600040324600000,दुर्गापूर,durgApUra,True
26,Ahmednagar,04,राहाता,272600040324380000,धनगरवाडी,dhanagaravADI,True
26,Ahmednagar,04,राहाता,272600040324320000,नाथुपाटलाची वाडी,nAthupATalAchI vADI,True
26,Ahmednagar,04,राहाता,272600040324140000,नादुर्खी खुर्द,nAdurkhI khurda,True
26,Ahmednagar,04,राहाता,272600040324160000,नादुर्खी बुद्रुक,nAdurkhI budruka,True
26,Ahmednagar,04,राहाता,272600040324430000,नांदुर खुर्द,nAMdura khurda,True
26,Ahmednagar,04,राहाता,272600040324440000,नांदुर बुद्रुक,nAMdura budruka,True
26,Ahmednagar,04,राहाता,272600040324110000,निघोज,nighoja,True
26,Ahmednagar,04,राहाता,272600040324120000,निमगांव कोऱ्हाळे,nimagAMva koRhALe,True
26,Ahmednagar,04,राहाता,272600040324620000,पाथरे बुद्रुक,pAthare budruka,True
26,Ahmednagar,04,राहाता,272600040324100000,पिंपळवाडी,piMpaLavADI,True
26,Ahmednagar,04,राहाता,272600040324210000,पिंपळस,piMpaLasa,True
26,Ahmednagar,04,राहाता,272600040324530000,पिंप्री निर्मळ,piMprI nirmaLa,True
26,Ahmednagar,04,राहाता,272600040324500000,पिंप्री लोकाई,piMprI lokAI,True
26,Ahmednagar,04,राहाता,272600040324310000,पुणतांबा,puNatAMbA,True
26,Ahmednagar,04,राहाता,272600040324390000,बाभळेश्वर खुर्द,bAbhaLeshvara khurda,True
26,Ahmednagar,04,राहाता,272600040324400000,बाभळेश्वर बुद्रुक,bAbhaLeshvara budruka,True
26,Ahmednagar,04,राहाता,272600040324480000,भगवतीपूर,bhagavatIpUra,True
26,Ahmednagar,04,राहाता,272600040324420000,ममदापूर,mamadApUra,True
26,Ahmednagar,04,राहाता,272600040324280000,मोरवाडी,moravADI,True
26,Ahmednagar,04,राहाता,272600040324300000,रस्तापुर,rastApura,True
26,Ahmednagar,04,राहाता,272600040324410000,राजुरी,rAjurI,True
26,Ahmednagar,04,राहाता,272600040324330000,रामपुरवाडी,rAmapuravADI,True
26,Ahmednagar,04,राहाता,272600044260600000,राहाता,rAhAtA,True
26,Ahmednagar,04,राहाता,272600040324450000,रांजणखोल,rAMjaNakhola,True
26,Ahmednagar,04,राहाता,272600040324250000,रांजणगांव खुर्द,rAMjaNagAMva khurda,True
26,Ahmednagar,04,राहाता,272600040324090000,रुई,ruI,True
26,Ahmednagar,04,राहाता,272600040324550000,लोणी खुर्द,loNI khurda,True
26,Ahmednagar,04,राहाता,272600040324560000,लोणी बुद्रुक,loNI budruka,True
26,Ahmednagar,04,राहाता,272600040324470000,लोहगांव,lohagAMva,True
26,Ahmednagar,04,राहाता,272600040324340000,वाकडी,vAkaDI,True
26,Ahmednagar,04,राहाता,272600040324050000,वाळकी,vALakI,True
26,Ahmednagar,04,राहाता,272600044260500000,शिर्डी,shirDI,True
26,Ahmednagar,04,राहाता,272600040324290000,शिंगवे,shiMgave,True
26,Ahmednagar,04,राहाता,272600040324170000,साकुरी,sAkurI,True
26,Ahmednagar,04,राहाता,272600040324070000,सावळीविहीर खुर्द,sAvaLIvihIra khurda,True
26,Ahmednagar,04,राहाता,272600040324080000,सावळीविहीर बुद्रुक,sAvaLIvihIra budruka,True
26,Ahmednagar,04,राहाता,272600040324340001,संभाजीनगर,saMbhAjInagara,True
26,Ahmednagar,04,राहाता,272600040324610000,हनुमंतगांव,hanumaMtagAMva,True
26,Ahmednagar,04,राहाता,272600040324570000,हसनापूर,hasanApUra,True
26,Ahmednagar,10,राहुरी,000000000000019100,Dewalali,Dewalali,True
26,Ahmednagar,10,राहुरी,272600100330480000,अंमळनेर,aMmaLanera,True
26,Ahmednagar,10,राहुरी,272600100330730000,आरडगांव,AraDagAMva,True
26,Ahmednagar,10,राहुरी,272600100330490000,आंबी,AMbI,True
26,Ahmednagar,10,राहुरी,272600100330850000,उंबरे,uMbare,True
26,Ahmednagar,10,राहुरी,272600100330240000,कणगर खुर्द,kaNagara khurda,True
26,Ahmednagar,10,राहुरी,272600100330180000,कणगर बुद्रुक,kaNagara budruka,True
26,Ahmednagar,10,राहुरी,272600100330540000,करजगांव,karajagAMva,True
26,Ahmednagar,10,राहुरी,272600100330990000,कात्रड,kAtraDa,True
26,Ahmednagar,10,राहुरी,272600100330120000,कानडगांव,kAnaDagAMva,True
26,Ahmednagar,10,राहुरी,272600100330890000,कुक्कडवेढे,kukkaDaveDhe,True
26,Ahmednagar,10,राहुरी,272600100330230000,कुरणवाडी,kuraNavADI,True
26,Ahmednagar,10,राहुरी,272600100330500000,केसापुर,kesApura,True
26,Ahmednagar,10,राहुरी,272600100330780000,केंदळ खुर्द,keMdaLa khurda,True
26,Ahmednagar,10,राहुरी,272600100330790000,केंदळ बुद्रुक,keMdaLa budruka,True
26,Ahmednagar,10,राहुरी,272600100330680000,कोपरे,kopare,True
26,Ahmednagar,10,राहुरी,272600100330420000,कोल्हार खुर्द,kolhAra khurda,True
26,Ahmednagar,10,राहुरी,272600100330220000,कोळेवाडी,koLevADI,True
26,Ahmednagar,10,राहुरी,272600100330810000,कोंढवड,koMDhavaDa,True
26,Ahmednagar,10,राहुरी,272600100330950000,खडांबे खुर्द,khaDAMbe khurda,True
26,Ahmednagar,10,राहुरी,272600100330940000,खडांबे बुद्रुक,khaDAMbe budruka,True
26,Ahmednagar,10,राहुरी,272600100330650000,खुडसरगांव,khuDasaragAMva,True
26,Ahmednagar,10,राहुरी,272600100330280000,गडधे आखाडा,gaDadhe AkhADA,True
26,Ahmednagar,10,राहुरी,272600100330160000,गणेगांव,gaNegAMva,True
26,Ahmednagar,10,राहुरी,272600100330290000,गाडकवाडी,gADakavADI,True
26,Ahmednagar,10,राहुरी,272600100330150000,गुहा,guhA,True
26,Ahmednagar,10,राहुरी,272600100331000000,गुंजाळे,guMjALe,True
26,Ahmednagar,10,राहुरी,272600100330440000,गंगापूर,gaMgApUra,True
26,Ahmednagar,10,राहुरी,272600100330270000,घोरपडवाडी,ghorapaDavADI,True
26,Ahmednagar,10,राहुरी,272600100330510000,चांदेगांव,chAMdegAMva,True
26,Ahmednagar,10,राहुरी,272600100330310000,चिखलठाण,chikhalaThANa,True
26,Ahmednagar,10,राहुरी,272600100330170000,चिंचविहीरे,chiMchavihIre,True
26,Ahmednagar,10,राहुरी,272600100330330000,चिंचाळे,chiMchALe,True
26,Ahmednagar,10,राहुरी,272600100330430000,चिंचोली,chiMcholI,True
26,Ahmednagar,10,राहुरी,272600100330870000,चेडगांव,cheDagAMva,True
26,Ahmednagar,10,राहुरी,272600100330770000,चंडकापूर,chaMDakApUra,True
26,Ahmednagar,10,राहुरी,272600100330550000,जातप,jAtapa,True
26,Ahmednagar,10,राहुरी,272600100330350000,जांभळी,jAMbhaLI,True
26,Ahmednagar,10,राहुरी,272600100330360000,जांभुळबन,jAMbhuLabana,True
26,Ahmednagar,10,राहुरी,272600100330580000,टाकळीमिया,TAkaLImiyA,True
26,Ahmednagar,10,राहुरी,272600100330910000,डिग्रस,Digrasa,True
26,Ahmednagar,10,राहुरी,272600100330830000,तमनर आखाडा,tamanara AkhADA,True
26,Ahmednagar,10,राहुरी,272600100330200000,ताहाराबाद,tAhArAbAda,True
26,Ahmednagar,10,राहुरी,272600100330130000,तांदुळनेर,tAMduLanera,True
26,Ahmednagar,10,राहुरी,272600100330720000,तांदुळवाडी,tAMduLavADI,True
26,Ahmednagar,10,राहुरी,272600100330140000,तांभेरे,tAMbhere,True
26,Ahmednagar,10,राहुरी,272600100330690000,तिळापूर,tiLApUra,True
26,Ahmednagar,10,राहुरी,272600100330100000,तुळापूर,tuLApUra,True
26,Ahmednagar,10,राहुरी,272600100330570000,त्रिंबकपूर,triMbakapUra,True
26,Ahmednagar,10,राहुरी,272600100330610000,दरडगांव तर्फे बेलापुर,daraDagAMva tarphe belApura,True
26,Ahmednagar,10,राहुरी,272600100330320000,दरडगांव थडी,daraDagAMva thaDI,True
26,Ahmednagar,10,राहुरी,272600100330470000,दवणगांव,davaNagAMva,True
26,Ahmednagar,10,राहुरी,272600104261000000,देवळाली प्रवरा,devaLAlI pravarA,True
26,Ahmednagar,10,राहुरी,272600100330820000,देसवंडी,desavaMDI,True
26,Ahmednagar,10,राहुरी,272600100330050000,धानोरे,dhAnore,True
26,Ahmednagar,10,राहुरी,272600100330970000,धामोरी खुर्द,dhAmorI khurda,True
26,Ahmednagar,10,राहुरी,272600100330960000,धामोरी बुद्रुक,dhAmorI budruka,True
26,Ahmednagar,10,राहुरी,272600100330090000,निंभेरे,niMbhere,True
26,Ahmednagar,10,राहुरी,272600100330660000,पाथरे खुर्द,pAthare khurda,True
26,Ahmednagar,10,राहुरी,272600100330450000,पिंपळगांव फुणगी,piMpaLagAMva phuNagI,True
26,Ahmednagar,10,राहुरी,272600100330840000,पिंप्री अवघड,piMprI avaghaDa,True
26,Ahmednagar,10,राहुरी,272600100330760000,पिंप्रीवळण,piMprIvaLaNa,True
26,Ahmednagar,10,राहुरी,272600100330930000,बाभुळगांव,bAbhuLagAMva,True
26,Ahmednagar,10,राहुरी,272600100330370000,बारागांव नांदुर,bArAgAMva nAMdura,True
26,Ahmednagar,10,राहुरी,272600100330520000,बोधेगांव,bodhegAMva,True
26,Ahmednagar,10,राहुरी,272600100330530000,ब्राम्हणगांव भांड,brAmhaNagAMva bhAMDa,True
26,Ahmednagar,10,राहुरी,272600100330860000,ब्राम्हणी,brAmhaNI,True
26,Ahmednagar,10,राहुरी,272600100330260000,मल्हारवाडी,malhAravADI,True
26,Ahmednagar,10,राहुरी,272600100330630000,महालगांव,mahAlagAMva,True
26,Ahmednagar,10,राहुरी,272600100330740000,मानोरी,mAnorI,True
26,Ahmednagar,10,राहुरी,272600100330620000,मालुंजे खुर्द,mAluMje khurda,True
26,Ahmednagar,10,राहुरी,272600100330070000,माळेवाडी डुकरेवाडी,mALevADI DukarevADI,True
26,Ahmednagar,10,राहुरी,272600100330640000,माहेगांव,mAhegAMva,True
26,Ahmednagar,10,राहुरी,272600100330710000,मांजरी,mAMjarI,True
26,Ahmednagar,10,राहुरी,272600100330600000,मुसळवाडी,musaLavADI,True
26,Ahmednagar,10,राहुरी,272600100330880000,मोकळ ओहळ,mokaLa ohaLa,True
26,Ahmednagar,10,राहुरी,272600100330250000,मोमीन आखाडा,momIna AkhADA,True
26,Ahmednagar,10,राहुरी,272600100330590000,मोरवाडी,moravADI,True
26,Ahmednagar,10,राहुरी,272600100330300000,म्हैसगांव,mhaisagAMva,True
26,Ahmednagar,10,राहुरी,272600100330410000,रामपूर,rAmapUra,True
26,Ahmednagar,10,राहुरी,272600100330380000,राहुरी खुर्द,rAhurI khurda,True
26,Ahmednagar,10,राहुरी,272600100330390000,राहुरी बुद्रुक,rAhurI budruka,True
26,Ahmednagar,10,राहुरी,272600100330560000,लाख,lAkha,True
26,Ahmednagar,10,राहुरी,272600100330190000,वडनेर,vaDanera,True
26,Ahmednagar,10,राहुरी,272600100330920000,वरवंडी,varavaMDI,True
26,Ahmednagar,10,राहुरी,272600100330210000,वरशिंदे,varashiMde,True
26,Ahmednagar,10,राहुरी,272600100330750000,वळण,vaLaNa,True
26,Ahmednagar,10,राहुरी,272600100330110000,वाबळेवाडी,vAbaLevADI,True
26,Ahmednagar,10,राहुरी,272600100330340000,वावरथ,vAvaratha,True
26,Ahmednagar,10,राहुरी,272600100330700000,वांजुळपोई,vAMjuLapoI,True
26,Ahmednagar,10,राहुरी,272600100330980000,वांबोरी,vAMborI,True
26,Ahmednagar,10,राहुरी,272600100330800000,शिलेगांव,shilegAMva,True
26,Ahmednagar,10,राहुरी,272600100330670000,शेनवडगांव,shenavaDagAMva,True
26,Ahmednagar,10,राहुरी,272600100330900000,सडे,saDe,True
26,Ahmednagar,10,राहुरी,272600100330080000,सात्रळ,sAtraLa,True
26,Ahmednagar,10,राहुरी,272600100330060000,सोनगांव,sonagAMva,True
26,Ahmednagar,10,राहुरी,272600100330460000,संक्रापूर,saMkrApUra,True
26,Ahmednagar,09,अहमदनगर,272600090329790000,अकोळनेर,akoLanera,True
26,Ahmednagar,09,अहमदनगर,272600090329750000,अरणगांव,araNagAMva,True
26,Ahmednagar,09,अहमदनगर,272600090330010000,अंबिलवाडी,aMbilavADI,True
26,Ahmednagar,09,अहमदनगर,272600090329320000,आगडगांव,AgaDagAMva,True
26,Ahmednagar,09,अहमदनगर,272600090329580000,आठवड,AThavaDa,True
26,Ahmednagar,09,अहमदनगर,272600090329170000,आव्हाडवाडी,AvhADavADI,True
26,Ahmednagar,09,अहमदनगर,272600090329210000,इमामपूर,imAmapUra,True
26,Ahmednagar,09,अहमदनगर,272600090329020000,इसळक,isaLaka,True
26,Ahmednagar,09,अहमदनगर,272600090328970000,इस्मालपुर,ismAlapura,True
26,Ahmednagar,09,अहमदनगर,272600090329540000,उक्कडगांव,ukkaDagAMva,True
26,Ahmednagar,09,अहमदनगर,272600090329180000,उदरमल,udaramala,True
26,Ahmednagar,09,अहमदनगर,272600090329010000,कर्जुनेखारे,karjunekhAre,True
26,Ahmednagar,09,अहमदनगर,272600090329300000,कापुरवाडी,kApuravADI,True
26,Ahmednagar,09,अहमदनगर,272600090329710000,कामरगांव,kAmaragAMva,True
26,Ahmednagar,09,अहमदनगर,272600090329010020,केडगांव,keDagAMva,True
26,Ahmednagar,09,अहमदनगर,272600090329470000,कोल्हेवाडी,kolhevADI,True
26,Ahmednagar,09,अहमदनगर,272600090328950000,कोळपे आखाडा,koLape AkhADA,True
26,Ahmednagar,09,अहमदनगर,272600090329410000,कौडगांव,kauDagAMva,True
26,Ahmednagar,09,अहमदनगर,372600090329820000,खडकी,khaDakI,True
26,Ahmednagar,09,अहमदनगर,272600090329600000,खातगांव टाकळी,khAtagAMva TAkaLI,True
26,Ahmednagar,09,अहमदनगर,272600090329360000,खांडके,khAMDake,True
26,Ahmednagar,09,अहमदनगर,272600090329140000,खोसपुरी,khosapurI,True
26,Ahmednagar,09,अहमदनगर,272600090329770000,खंडाळा,khaMDALA,True
26,Ahmednagar,09,अहमदनगर,272600090330020000,गुणवडी,guNavaDI,True
26,Ahmednagar,09,अहमदनगर,272600090330040000,गुंडेगांव,guMDegAMva,True
26,Ahmednagar,09,अहमदनगर,272600090328920000,घानेगाव,ghAnegAva,True
26,Ahmednagar,09,अहमदनगर,272600090329840000,घोसपुरी,ghosapurI,True
26,Ahmednagar,09,अहमदनगर,272600090329730000,चास,chAsa,True
26,Ahmednagar,09,अहमदनगर,272600090329050000,चाहुराणा खु,chAhurANA khu,True
26,Ahmednagar,09,अहमदनगर,272600090329090000,चाहुराणा बु,chAhurANA bu,True
26,Ahmednagar,09,अहमदनगर,272600090329570000,चिचोंडी पाटील,chichoMDI pATIla,True
26,Ahmednagar,09,अहमदनगर,272600090329650000,जखणगांव,jakhaNagAMva,True
26,Ahmednagar,09,अहमदनगर,272600090329780000,जाधववाडी,jAdhavavADI,True
26,Ahmednagar,09,अहमदनगर,272600090329420000,जांब,jAMba,True
26,Ahmednagar,09,अहमदनगर,272600090329220000,जेऊर,jeUra,True
26,Ahmednagar,09,अहमदनगर,272600090329490000,टाकळी काझी,TAkaLI kAjhI,True
26,Ahmednagar,09,अहमदनगर,272600090329660000,टाकळी खातगांव,TAkaLI khAtagAMva,True
26,Ahmednagar,09,अहमदनगर,272600090329130000,डोंगरगण,DoMgaragaNa,True
26,Ahmednagar,09,अहमदनगर,272600090329950000,तांदळी वडगांव,tAMdaLI vaDagAMva,True
26,Ahmednagar,09,अहमदनगर,272600090329310000,दरेवाडी,darevADI,True
26,Ahmednagar,09,अहमदनगर,272600090329520000,दशमी गव्हाण,dashamI gavhANa,True
26,Ahmednagar,09,अहमदनगर,272600090329920000,दहिगांव,dahigAMva,True
26,Ahmednagar,09,अहमदनगर,272600090329860000,देऊळगांव सिद्धी,deULagAMva siddhI,True
26,Ahmednagar,09,अहमदनगर,272600090329380000,देवगांव,devagAMva,True
26,Ahmednagar,09,अहमदनगर,272600090328980000,देहरे,dehare,True
26,Ahmednagar,09,अहमदनगर,272600090329230000,धनगरवाडी,dhanagaravADI,True
26,Ahmednagar,09,अहमदनगर,272600090426110001,नवनागापुर,navanAgApura,True
26,Ahmednagar,09,अहमदनगर,272600090426140000,नागरदेवळे,nAgaradevaLe,True
26,Ahmednagar,09,अहमदनगर,272600090426110000,नागापुर,nAgApura,True
26,Ahmednagar,09,अहमदनगर,272600090329530000,नारायण डोहो,nArAyaNa Doho,True
26,Ahmednagar,09,अहमदनगर,272600090329040010,नालेगांव,nAlegAMva,True
26,Ahmednagar,09,अहमदनगर,272600090328940000,नांदगांव,nAMdagAMva,True
26,Ahmednagar,09,अहमदनगर,272600090329590000,निमगांव घाणा,nimagAMva ghANA,True
26,Ahmednagar,09,अहमदनगर,272600090329640000,निमगांव वाघा,nimagAMva vAghA,True
26,Ahmednagar,09,अहमदनगर,272600090329030000,निंबळक,niMbaLaka,True
26,Ahmednagar,09,अहमदनगर,272600090329880000,निंबोडी,niMboDI,True
26,Ahmednagar,09,अहमदनगर,272600090329630000,नेप्ती,neptI,True
26,Ahmednagar,09,अहमदनगर,272600090329430000,पारगांव भातोडी,pAragAMva bhAtoDI,True
26,Ahmednagar,09,अहमदनगर,272600090329900000,पारगांव मौला,pAragAMva maulA,True
26,Ahmednagar,09,अहमदनगर,272600090329440000,पारेवाडी,pArevADI,True
26,Ahmednagar,09,अहमदनगर,272600090329150000,पांगरमल,pAMgaramala,True
26,Ahmednagar,09,अहमदनगर,272600090329050010,पिंपरी घुमट,piMparI ghumaTa,True
26,Ahmednagar,09,अहमदनगर,272600090329260000,पिंपळगाव उज्जैनी,piMpaLagAva ujjainI,True
26,Ahmednagar,09,अहमदनगर,272600090329700000,पिंपळगांव कौडा,piMpaLagAMva kauDA,True
26,Ahmednagar,09,अहमदनगर,272600090329240000,पिंपळगांव माळवी,piMpaLagAMva mALavI,True
26,Ahmednagar,09,अहमदनगर,272600090329450000,पिंपळगांव लांडगा,piMpaLagAMva lAMDagA,True
26,Ahmednagar,09,अहमदनगर,272600090329680000,पिंपळगांव वाघा,piMpaLagAMva vAghA,True
26,Ahmednagar,09,अहमदनगर,272600090329270000,पोखर्डी,pokharDI,True
26,Ahmednagar,09,अहमदनगर,272600090329200000,बहिरवाडी,bahiravADI,True
26,Ahmednagar,09,अहमदनगर,272600090329760000,बाबुर्डी घुमट,bAburDI ghumaTa,True
26,Ahmednagar,09,अहमदनगर,272600090329830000,बाबुर्डी बेंद,bAburDI beMda,True
26,Ahmednagar,09,अहमदनगर,272600090329390000,बारदरी,bAradarI,True
26,Ahmednagar,09,अहमदनगर,272600090329340000,बाळेवाडी,bALevADI,True
26,Ahmednagar,09,अहमदनगर,272600090329060000,बुरुडगांव,buruDagAMva,True
26,Ahmednagar,09,अहमदनगर,272600090329280000,बुऱ्हाणनगर,buRhANanagara,True
26,Ahmednagar,09,अहमदनगर,272600090329030010,बोल्हेगांव,bolhegAMva,True
26,Ahmednagar,09,अहमदनगर,272600090329510000,भातोडी पारगांव,bhAtoDI pAragAMva,True
26,Ahmednagar,09,अहमदनगर,272600090329020010,भिस्तबाग,bhistabAga,True
26,Ahmednagar,09,अहमदनगर,272600090426150000,भिंगार,bhiMgAra,True
26,Ahmednagar,09,अहमदनगर,272600090329720000,भोयरे खुर्द,bhoyare khurda,True
26,Ahmednagar,09,अहमदनगर,272600090329690000,भोयरे पठार,bhoyare paThAra,True
26,Ahmednagar,09,अहमदनगर,272600090329800000,भोरवाडी,bhoravADI,True
26,Ahmednagar,09,अहमदनगर,272600090329160000,मजले चिंचोली,majale chiMcholI,True
26,Ahmednagar,09,अहमदनगर,272600090329990000,मठ पिंप्री,maTha piMprI,True
26,Ahmednagar,09,अहमदनगर,272600090329530100,मदड गाव,madaDa gAva,True
26,Ahmednagar,09,अहमदनगर,272600090329350000,माथणी,mAthaNI,True
26,Ahmednagar,09,अहमदनगर,272600090329080000,माळीवाडा,mALIvADA,True
26,Ahmednagar,09,अहमदनगर,272600090329120000,मांजर सुंभा,mAMjara suMbhA,True
26,Ahmednagar,09,अहमदनगर,272600090329550000,मांडवे,mAMDave,True
26,Ahmednagar,09,अहमदनगर,272600090329400000,मेहेकरी,mehekarI,True
26,Ahmednagar,09,अहमदनगर,272600090329070000,मोरचुदनगर,morachudanagara,True
26,Ahmednagar,09,अहमदनगर,272600090329370000,रतडगांव,rataDagAMva,True
26,Ahmednagar,09,अहमदनगर,272600090330030000,राळेगण,rALegaNa,True
26,Ahmednagar,09,अहमदनगर,272600090329330000,रांजणी,rAMjaNI,True
26,Ahmednagar,09,अहमदनगर,272600090329980000,रुई छत्तीसी,ruI ChattIsI,True
26,Ahmednagar,09,अहमदनगर,272600090329040000,वडगांवगुप्ता,vaDagAMvaguptA,True
26,Ahmednagar,09,अहमदनगर,272600090329960000,वडगांव तांदळी,vaDagAMva tAMdaLI,True
26,Ahmednagar,09,अहमदनगर,272600090329110000,वाकोडी,vAkoDI,True
26,Ahmednagar,09,अहमदनगर,272600090329970000,वाटेफळ,vATephaLa,True
26,Ahmednagar,09,अहमदनगर,272600090329290000,वारुळवाडी,vAruLavADI,True
26,Ahmednagar,09,अहमदनगर,272600090329940000,वाळकी,vALakI,True
26,Ahmednagar,09,अहमदनगर,272600090329890000,वाळुंज,vALuMja,True
26,Ahmednagar,09,अहमदनगर,272600090329000000,विळद,viLada,True
26,Ahmednagar,09,अहमदनगर,272600090329870000,शहापूर,shahApUra,True
26,Ahmednagar,09,अहमदनगर,272600090329910000,शिराढोण,shirADhoNa,True
26,Ahmednagar,09,अहमदनगर,272600090328960000,शिंगवे,shiMgave,True
26,Ahmednagar,09,अहमदनगर,272600090329250000,शेंडी,sheMDI,True
26,Ahmednagar,09,अहमदनगर,272600090329190000,ससेवाडी,sasevADI,True
26,Ahmednagar,09,अहमदनगर,272600090329930000,साकत खुर्द,sAkata khurda,True
26,Ahmednagar,09,अहमदनगर,272600090329810000,सारोळा  कासार,sAroLA  kAsAra,True
26,Ahmednagar,09,अहमदनगर,272600090329480000,सारोळा बध्दी,sAroLA badhdI,True
26,Ahmednagar,09,अहमदनगर,272600090329010010,सावेडी,sAveDI,True
26,Ahmednagar,09,अहमदनगर,272600090329560000,सांडवे,sAMDave,True
26,Ahmednagar,09,अहमदनगर,272600090328960100,सुजालपुर,sujAlapura,True
26,Ahmednagar,09,अहमदनगर,272600090329460000,सोनेवाडी(अरणगाव),sonevADI(araNagAva),True
26,Ahmednagar,09,अहमदनगर,272600090329740000,सोनेवाडी  ( चास ),sonevADI  ( chAsa ),True
26,Ahmednagar,09,अहमदनगर,272600090329620000,हमीदपूर,hamIdapUra,True
26,Ahmednagar,09,अहमदनगर,272600090330000000,हातवळण,hAtavaLaNa,True
26,Ahmednagar,09,अहमदनगर,272600090329850000,हिवरे झरे,hivare jhare,True
26,Ahmednagar,09,अहमदनगर,272600090329670000,हिवरेबाजार,hivarebAjAra,True
26,Ahmednagar,09,अहमदनगर,272600090329610000,हिंगणगांव,hiMgaNagAMva,True
26,Ahmednagar,13,कर्जत,272600130334200000,अळसुंदे,aLasuMde,True
26,Ahmednagar,13,कर्जत,272600130334180000,अंबिजळगांव,aMbijaLagAMva,True
26,Ahmednagar,13,कर्जत,272600130334600000,आखोणी,AkhoNI,True
26,Ahmednagar,13,कर्जत,272600130333890000,आनंदवाडी,AnaMdavADI,True
26,Ahmednagar,13,कर्जत,272600130334640000,औटेवाडी,auTevADI,True
26,Ahmednagar,13,कर्जत,272600130334590000,करपडी,karapaDI,True
26,Ahmednagar,13,कर्जत,272600130334520000,करमनवाडी,karamanavADI,True
26,Ahmednagar,13,कर्जत,272600130334080000,कर्जत,karjata,True
26,Ahmednagar,13,कर्जत,272600130334440000,कानगुडवाडी,kAnaguDavADI,True
26,Ahmednagar,13,कर्जत,272600130334060000,कापरेवाडी,kAparevADI,True
26,Ahmednagar,13,कर्जत,272600130334560000,काळयाचीवाडी,kALayAchIvADI,True
26,Ahmednagar,13,कर्जत,272600130334270000,कुळधरण,kuLadharaNa,True
26,Ahmednagar,13,कर्जत,272600130334190000,कुंभेफळ,kuMbhephaLa,True
26,Ahmednagar,13,कर्जत,272600130333550000,कोकणगांव,kokaNagAMva,True
26,Ahmednagar,13,कर्जत,272600130334010000,कोपर्डी,koparDI,True
26,Ahmednagar,13,कर्जत,272600130333530000,कोभंळी,kobhaMLI,True
26,Ahmednagar,13,कर्जत,272600130334140000,कोरेगाव,koregAva,True
26,Ahmednagar,13,कर्जत,272600130334120000,कोळवडी,koLavaDI,True
26,Ahmednagar,13,कर्जत,272600130333620000,कौडाणे,kauDANe,True
26,Ahmednagar,13,कर्जत,272600130334170000,खातगांव,khAtagAMva,True
26,Ahmednagar,13,कर्जत,272600130333520000,खांडवी,khAMDavI,True
26,Ahmednagar,13,कर्जत,272600130333630000,खुरंगेवाडी,khuraMgevADI,True
26,Ahmednagar,13,कर्जत,272600130334620000,खेड,kheDa,True
26,Ahmednagar,13,कर्जत,272600130333810000,खंडाळा,khaMDALA,True
26,Ahmednagar,13,कर्जत,272600130334510000,गणेशवाडी,gaNeshavADI,True
26,Ahmednagar,13,कर्जत,272600130333590000,गुरवपिंप्री,guravapiMprI,True
26,Ahmednagar,13,कर्जत,272600130333800000,गोयकरवाडी,goyakaravADI,True
26,Ahmednagar,13,कर्जत,272600130333660000,गोंदर्डी,goMdarDI,True
26,Ahmednagar,13,कर्जत,272600130333490000,घुमरी,ghumarI,True
26,Ahmednagar,13,कर्जत,272600130333960000,चखालेवाडी,chakhAlevADI,True
26,Ahmednagar,13,कर्जत,272600130333930000,चापडगांव,chApaDagAMva,True
26,Ahmednagar,13,कर्जत,272600130333640000,चांदे खुर्द,chAMde khurda,True
26,Ahmednagar,13,कर्जत,272600130333600000,चांदे बुद्रुक,chAMde budruka,True
26,Ahmednagar,13,कर्जत,272600130334550000,चिलवडी,chilavaDI,True
26,Ahmednagar,13,कर्जत,272600130333750000,चिंचोली काळदात,chiMcholI kALadAta,True
26,Ahmednagar,13,कर्जत,272600130333460000,चिंचोली रमजान,chiMcholI ramajAna,True
26,Ahmednagar,13,कर्जत,272600130334350000,जलालपूर,jalAlapUra,True
26,Ahmednagar,13,कर्जत,272600130333920000,जळकेवाडी,jaLakevADI,True
26,Ahmednagar,13,कर्जत,272600130333820000,जळगांव,jaLagAMva,True
26,Ahmednagar,13,कर्जत,272600130334050000,जोगेश्वरवाडी,jogeshvaravADI,True
26,Ahmednagar,13,कर्जत,272600130333740000,टाकळी खंडेश्वरी,TAkaLI khaMDeshvarI,True
26,Ahmednagar,13,कर्जत,272600130333690000,डिकसळ,DikasaLa,True
26,Ahmednagar,13,कर्जत,272600130334240000,डोंबाळवाडी,DoMbALavADI,True
26,Ahmednagar,13,कर्जत,272600130333850000,तरडगांव,taraDagAMva,True
26,Ahmednagar,13,कर्जत,272600130334320000,तळवडी,taLavaDI,True
26,Ahmednagar,13,कर्जत,272600130334340000,ताजु,tAju,True
26,Ahmednagar,13,कर्जत,272600130333570000,तिखी,tikhI,True
26,Ahmednagar,13,कर्जत,272600130334400000,तोरकडवाडी,torakaDavADI,True
26,Ahmednagar,13,कर्जत,272600130333650000,थेटेवाडी,theTevADI,True
26,Ahmednagar,13,कर्जत,272600130333510000,थेरगांव,theragAMva,True
26,Ahmednagar,13,कर्जत,272600130334410000,थेरवडी,theravaDI,True
26,Ahmednagar,13,कर्जत,272600130333940000,दिघी,dighI,True
26,Ahmednagar,13,कर्जत,272600130334490000,दुधोडी,dudhoDI,True
26,Ahmednagar,13,कर्जत,272600130334300000,दुरगांव,duragAMva,True
26,Ahmednagar,13,कर्जत,272600130334470000,देऊळवाडी,deULavADI,True
26,Ahmednagar,13,कर्जत,272600130334430000,देशमुखवाडी,deshamukhavADI,True
26,Ahmednagar,13,कर्जत,272600130334290000,धालवडी,dhAlavaDI,True
26,Ahmednagar,13,कर्जत,272600130334130000,धांडेवाडी,dhAMDevADI,True
26,Ahmednagar,13,कर्जत,272600130333860000,नवसरवाडी,navasaravADI,True
26,Ahmednagar,13,कर्जत,272600130333500000,नागमठाण,nAgamaThANa,True
26,Ahmednagar,13,कर्जत,272600130333680000,नागलवाडी,nAgalavADI,True
26,Ahmednagar,13,कर्जत,272600130333710000,नागापूर,nAgApUra,True
26,Ahmednagar,13,कर्जत,272600130333790000,नांदगांव,nAMdagAMva,True
26,Ahmednagar,13,कर्जत,272600130333840000,निबोंडी,niboMDI,True
26,Ahmednagar,13,कर्जत,272600130333480000,निमगांव गांगर्डा,nimagAMva gAMgarDA,True
26,Ahmednagar,13,कर्जत,272600130333910000,निमगांव डाकू,nimagAMva DAkU,True
26,Ahmednagar,13,कर्जत,272600130334210000,निंबे,niMbe,True
26,Ahmednagar,13,कर्जत,272600130334110000,नेटकेवाडी,neTakevADI,True
26,Ahmednagar,13,कर्जत,272600130334580000,परिटवाडी,pariTavADI,True
26,Ahmednagar,13,कर्जत,272600130333830000,पाटेगाव,pATegAva,True
26,Ahmednagar,13,कर्जत,272600130333880000,पाटेवाडी,pATevADI,True
26,Ahmednagar,13,कर्जत,272600130334310000,पिंपळवाडी,piMpaLavADI,True
26,Ahmednagar,13,कर्जत,272600130334150000,बजरंगवाडी,bajaraMgavADI,True
26,Ahmednagar,13,कर्जत,272600130334030000,बर्गेवाडी,bargevADI,True
26,Ahmednagar,13,कर्जत,272600130334040000,बहिरोबावाडी,bahirobAvADI,True
26,Ahmednagar,13,कर्जत,272600130333700000,बाभुळगांव खालसा,bAbhuLagAMva khAlasA,True
26,Ahmednagar,13,कर्जत,272600130334660000,बाभुळगांव दुमाला,bAbhuLagAMva dumAlA,True
26,Ahmednagar,13,कर्जत,272600130334380000,बारडगांव दगडी,bAraDagAMva dagaDI,True
26,Ahmednagar,13,कर्जत,272600130334460000,बारडगांव सुद्रीक,bAraDagAMva sudrIka,True
26,Ahmednagar,13,कर्जत,272600130333970000,बिटकेवाडी,biTakevADI,True
26,Ahmednagar,13,कर्जत,272600130334420000,बेनवडी,benavaDI,True
26,Ahmednagar,13,कर्जत,272600130334480000,बेर्डी,berDI,True
26,Ahmednagar,13,कर्जत,272600130333560000,बेलगांव,belagAMva,True
26,Ahmednagar,13,कर्जत,272600130334330000,बेलवंडी,belavaMDI,True
26,Ahmednagar,13,कर्जत,272600130334100000,भांडेवाडी,bhAMDevADI,True
26,Ahmednagar,13,कर्जत,272600130334500000,भांबोरा,bhAMborA,True
26,Ahmednagar,13,कर्जत,272600130333950000,भोसे,bhose,True
26,Ahmednagar,13,कर्जत,272600130333900000,मलठण,malaThaNa,True
26,Ahmednagar,13,कर्जत,272600130333980000,माळेवाडी,mALevADI,True
26,Ahmednagar,13,कर्जत,272600130334230000,माळंगी,mALaMgI,True
26,Ahmednagar,13,कर्जत,272600130333730000,माही,mAhI,True
26,Ahmednagar,13,कर्जत,272600130333470000,मांदळी,mAMdaLI,True
26,Ahmednagar,13,कर्जत,272600130333580000,मिरजगांव,mirajagAMva,True
26,Ahmednagar,13,कर्जत,272600130333610000,मुळेवाडी,muLevADI,True
26,Ahmednagar,13,कर्जत,272600130334450000,येसवडी,yesavaDI,True
26,Ahmednagar,13,कर्जत,272600130333540000,रवळगांव,ravaLagAMva,True
26,Ahmednagar,13,कर्जत,272600130334260000,राक्षसवाडी खुर्द,rAkShasavADI khurda,True
26,Ahmednagar,13,कर्जत,272600130334280000,राक्षसवाडी  बुद्रुक,rAkShasavADI  budruka,True
26,Ahmednagar,13,कर्जत,272600130333670000,रातंजन,rAtaMjana,True
26,Ahmednagar,13,कर्जत,272600130334530000,राशिन,rAshina,True
26,Ahmednagar,13,कर्जत,272600130334000000,रूईगव्हाण,rUIgavhANa,True
26,Ahmednagar,13,कर्जत,272600130333780000,रेहेकुरी,rehekurI,True
26,Ahmednagar,13,कर्जत,272600130334570000,रौकाळेवाडी,raukALevADI,True
26,Ahmednagar,13,कर्जत,272600130334160000,लोणी मसदपूर,loNI masadapUra,True
26,Ahmednagar,13,कर्जत,272600130334020000,वडगांव तनपुरा,vaDagAMva tanapurA,True
26,Ahmednagar,13,कर्जत,272600130334610000,वायसेवाडी,vAyasevADI,True
26,Ahmednagar,13,कर्जत,272600130333770000,वालवड,vAlavaDa,True
26,Ahmednagar,13,कर्जत,272600130333990000,शिंदे,shiMde,True
26,Ahmednagar,13,कर्जत,272600130334630000,शिंपोरा,shiMporA,True
26,Ahmednagar,13,कर्जत,272600130334220000,शेगुड,sheguDa,True
26,Ahmednagar,13,कर्जत,272600130333720000,सितपूर,sitapUra,True
26,Ahmednagar,13,कर्जत,272600130334360000,सिध्दटेक,sidhdaTeka,True
26,Ahmednagar,13,कर्जत,272600130333760000,सुपे,supe,True
26,Ahmednagar,13,कर्जत,272600130334250000,सुपेकरवाडी,supekaravADI,True
26,Ahmednagar,13,कर्जत,272600130334390000,सोनाळवाडी,sonALavADI,True
26,Ahmednagar,13,कर्जत,272600130334370000,हिंगणगांव,hiMgaNagAMva,True
26,Ahmednagar,13,कर्जत,272600130334540000,होलेवाडी,holevADI,True
26,Ahmednagar,13,कर्जत,272600130333870000,हंडाळवाडी,haMDALavADI,True
26,Ahmednagar,03,कोपरगाव,272600030323990000,अंजनापूर,aMjanApUra,True
26,Ahmednagar,03,कोपरगाव,272600030323660000,आपेगाव,ApegAva,True
26,Ahmednagar,03,कोपरगाव,272600030323490000,आंचलगांव,AMchalagAMva,True
26,Ahmednagar,03,कोपरगाव,272600030323650000,उक्कडगांव,ukkaDagAMva,True
26,Ahmednagar,03,कोपरगाव,272600030323500000,ओगदी,ogadI,True
26,Ahmednagar,03,कोपरगाव,272600030323510000,करंजी बुद्रुक,karaMjI budruka,True
26,Ahmednagar,03,कोपरगाव,272600030324040000,काकडी,kAkaDI,True
26,Ahmednagar,03,कोपरगाव,272600030323760000,कान्हेगांव,kAnhegAMva,True
26,Ahmednagar,03,कोपरगाव,272600030323430000,कारवाडी,kAravADI,True
26,Ahmednagar,03,कोपरगाव,272600030323670000,कासली,kAsalI,True
26,Ahmednagar,03,कोपरगाव,272600030323330000,कुंभारी,kuMbhArI,True
26,Ahmednagar,03,कोपरगाव,272600030323620000,कोकमठाण,kokamaThANa,True
26,Ahmednagar,03,कोपरगाव,272600034260300000,कोपरगांव,koparagAMva,True
26,Ahmednagar,03,कोपरगाव,272600030323450000,कोळगांवथडी,koLagAMvathaDI,True
26,Ahmednagar,03,कोपरगाव,272600030323350000,कोळपेवाडी,koLapevADI,True
26,Ahmednagar,03,कोपरगाव,272600030323530000,खिर्डीगणेश,khirDIgaNesha,True
26,Ahmednagar,03,कोपरगाव,272600030323800000,खोपडी,khopaDI,True
26,Ahmednagar,03,कोपरगाव,272600030323700000,गोधेगांव,godhegAMva,True
26,Ahmednagar,03,कोपरगाव,272600030323870000,घारी,ghArI,True
26,Ahmednagar,03,कोपरगाव,272600030323710000,घोयेगांव,ghoyegAMva,True
26,Ahmednagar,03,कोपरगाव,272600030323390000,चासनळी,chAsanaLI,True
26,Ahmednagar,03,कोपरगाव,272600030323580000,चांदगव्हाण,chAMdagavhANa,True
26,Ahmednagar,03,कोपरगाव,272600030323860000,चांदेकसारे,chAMdekasAre,True
26,Ahmednagar,03,कोपरगाव,272600030323960000,जवळके,javaLake,True
26,Ahmednagar,03,कोपरगाव,272600030323850000,जेऊर कुंभारी,jeUra kuMbhArI,True
26,Ahmednagar,03,कोपरगाव,272600030323590000,जेऊर पाटोदा,jeUra pATodA,True
26,Ahmednagar,03,कोपरगाव,272600030323550000,टाकळी,TAkaLI,True
26,Ahmednagar,03,कोपरगाव,272600030323840000,डाउच खुर्द,DAucha khurda,True
26,Ahmednagar,03,कोपरगाव,272600030323830000,डाउच बुद्रुक,DAucha budruka,True
26,Ahmednagar,03,कोपरगाव,272600030323720000,तळेगांवमळे,taLegAMvamaLe,True
26,Ahmednagar,03,कोपरगाव,272600030323640000,तिळवणी,tiLavaNI,True
26,Ahmednagar,03,कोपरगाव,272600030323740000,दहिगाव बोलका,dahigAva bolakA,True
26,Ahmednagar,03,कोपरगाव,272600030323880000,देर्डे कोऱ्हाळे,derDe koRhALe,True
26,Ahmednagar,03,कोपरगाव,272600030323820000,देर्डे चांदवड,derDe chAMdavaDa,True
26,Ahmednagar,03,कोपरगाव,272600030323270000,धामोरी,dhAmorI,True
26,Ahmednagar,03,कोपरगाव,272600030323560000,धारणगांव,dhAraNagAMva,True
26,Ahmednagar,03,कोपरगाव,272600030323790000,धोत्रे,dhotre,True
26,Ahmednagar,03,कोपरगाव,272600030324010000,धोंडेवाडी,dhoMDevADI,True
26,Ahmednagar,03,कोपरगाव,272600030323480000,नाटेगांव,nATegAMva,True
26,Ahmednagar,03,कोपरगाव,272600030323690000,पढेगांव,paDhegAMva,True
26,Ahmednagar,03,कोपरगाव,272600030323920000,पोहेगाव खुर्द,pohegAva khurda,True
26,Ahmednagar,03,कोपरगाव,272600030323900000,पोहेगाव बुद्रुक,pohegAva budruka,True
26,Ahmednagar,03,कोपरगाव,272600030323400000,बक्तरपूर,baktarapUra,True
26,Ahmednagar,03,कोपरगाव,272600030323950000,बहादरपूर,bahAdarapUra,True
26,Ahmednagar,03,कोपरगाव,272600030323940000,बहादराबाद,bahAdarAbAda,True
26,Ahmednagar,03,कोपरगाव,272600030323520000,बोलकी,bolakI,True
26,Ahmednagar,03,कोपरगाव,272600030323470000,ब्राम्हणगांव,brAmhaNagAMva,True
26,Ahmednagar,03,कोपरगाव,272600030323750000,भोजडे,bhojaDe,True
26,Ahmednagar,03,कोपरगाव,272600030323890000,मढी खुर्द,maDhI khurda,True
26,Ahmednagar,03,कोपरगाव,272600030323810000,मढी बुद्रुक,maDhI budruka,True
26,Ahmednagar,03,कोपरगाव,272600030324020000,मनेगांव,manegAMva,True
26,Ahmednagar,03,कोपरगाव,272600030324030000,मल्हारवाडी,malhAravADI,True
26,Ahmednagar,03,कोपरगाव,272600030323300000,मळेगांवथडी,maLegAMvathaDI,True
26,Ahmednagar,03,कोपरगाव,272600030323280000,मायगाव देवी,mAyagAva devI,True
26,Ahmednagar,03,कोपरगाव,272600030323340000,माहेगांव देशमुख,mAhegAMva deshamukha,True
26,Ahmednagar,03,कोपरगाव,272600030323570000,मुर्शतपूर,murshatapUra,True
26,Ahmednagar,03,कोपरगाव,272600030323260000,मोर्विस,morvisa,True
26,Ahmednagar,03,कोपरगाव,272600030323380000,मंजूर,maMjUra,True
26,Ahmednagar,03,कोपरगाव,272600030323540000,येसगांव,yesagAMva,True
26,Ahmednagar,03,कोपरगाव,272600030323310000,रवंदे,ravaMde,True
26,Ahmednagar,03,कोपरगाव,272600030324000000,रांजणगाव देशमुख,rAMjaNagAva deshamukha,True
26,Ahmednagar,03,कोपरगाव,272600030323730000,लौकी,laukI,True
26,Ahmednagar,03,कोपरगाव,272600030323410000,वडगांव,vaDagAMva,True
26,Ahmednagar,03,कोपरगाव,272600030323780000,वारी,vArI,True
26,Ahmednagar,03,कोपरगाव,272600030323370000,वेळापूर,veLApUra,True
26,Ahmednagar,03,कोपरगाव,272600030323970000,वेस,vesa,True
26,Ahmednagar,03,कोपरगाव,272600030323440000,शहाजापूर,shahAjApUra,True
26,Ahmednagar,03,कोपरगाव,272600030323930000,शहापूर,shahApUra,True
26,Ahmednagar,03,कोपरगाव,272600030323680000,शिरसगांव,shirasagAMva,True
26,Ahmednagar,03,कोपरगाव,272600034260400000,शिंगणापूर,shiMgaNApUra,True
26,Ahmednagar,03,कोपरगाव,272600030323770000,सडे,saDe,True
26,Ahmednagar,03,कोपरगाव,272600030323630000,सावळगांव,sAvaLagAMva,True
26,Ahmednagar,03,कोपरगाव,272600030323290000,सांगवी भुसार,sAMgavI bhusAra,True
26,Ahmednagar,03,कोपरगाव,272600030323360000,सुरेगांव,suregAMva,True
26,Ahmednagar,03,कोपरगाव,272600030323320000,सोनारी,sonArI,True
26,Ahmednagar,03,कोपरगाव,272600030323980000,सोयगाव,soyagAva,True
26,Ahmednagar,03,कोपरगाव,272600030323610000,संवत्सर,saMvatsara,True
26,Ahmednagar,03,कोपरगाव,272600030323460000,हिंगणी,hiMgaNI,True
26,Ahmednagar,03,कोपरगाव,272600030323420000,हंडेवाडी,haMDevADI,True
26,Ahmednagar,14,जामखेड,272600140334880000,अरणगांव,araNagAMva,True
26,Ahmednagar,14,जामखेड,272600140335060000,आघी,AghI,True
26,Ahmednagar,14,जामखेड,272600140335220000,आनंदवाडी,AnaMdavADI,True
26,Ahmednagar,14,जामखेड,272600140335320000,आपटी,ApaTI,True
26,Ahmednagar,14,जामखेड,272600140334990000,कवडगांव,kavaDagAMva,True
26,Ahmednagar,14,जामखेड,272600140335080000,काटेवाडी,kATevADI,True
26,Ahmednagar,14,जामखेड,272600140334840000,कुसडगांव,kusaDagAMva,True
26,Ahmednagar,14,जामखेड,272600140334760000,कोल्हेवाडी,kolhevADI,True
26,Ahmednagar,14,जामखेड,272600140335300000,खर्डा,kharDA,True
26,Ahmednagar,14,जामखेड,272600140334890000,खामगाव,khAmagAva,True
26,Ahmednagar,14,जामखेड,272600140334950000,खांडवी,khAMDavI,True
26,Ahmednagar,14,जामखेड,272600140334930000,खुरदैठण,khuradaiThaNa,True
26,Ahmednagar,14,जामखेड,272600140335000000,गिरवली,giravalI,True
26,Ahmednagar,14,जामखेड,272600140335340000,गुरेवाडी,gurevADI,True
26,Ahmednagar,14,जामखेड,272600140335330000,घोडेगांव,ghoDegAMva,True
26,Ahmednagar,14,जामखेड,272600140334820000,चूंभळी,chUMbhaLI,True
26,Ahmednagar,14,जामखेड,272600140335470000,चोभेवाडी,chobhevADI,True
26,Ahmednagar,14,जामखेड,272600140335050000,चोंडी,choMDI,True
26,Ahmednagar,14,जामखेड,272600140334810000,जमादारवाडी,jamAdAravADI,True
26,Ahmednagar,14,जामखेड,272600140335440000,जवळके,javaLake,True
26,Ahmednagar,14,जामखेड,272600140335490000,जवळा,javaLA,True
26,Ahmednagar,14,जामखेड,272600140335170000,जातेगाव,jAtegAva,True
26,Ahmednagar,14,जामखेड,272600140000000000,जामखेड,jAmakheDa,True
26,Ahmednagar,14,जामखेड,272600140335180000,जायभायवाडी,jAyabhAyavADI,True
26,Ahmednagar,14,जामखेड,272600140334700000,जांबवाडी,jAMbavADI,True
26,Ahmednagar,14,जामखेड,272600140334910000,झिक्री,jhikrI,True
26,Ahmednagar,14,जामखेड,272600140334900000,डिसलेवाडी,DisalevADI,True
26,Ahmednagar,14,जामखेड,272600140334670000,डोणगांव,DoNagAMva,True
26,Ahmednagar,14,जामखेड,272600140335100000,डोळेवाडी,DoLevADI,True
26,Ahmednagar,14,जामखेड,272600140335420000,तरडगाव,taraDagAva,True
26,Ahmednagar,14,जामखेड,272600140335190000,तेलंगशी,telaMgashI,True
26,Ahmednagar,14,जामखेड,272600140335210000,दरडवाडी,daraDavADI,True
26,Ahmednagar,14,जामखेड,272600140335160000,दिघोळ,dighoLa,True
26,Ahmednagar,14,जामखेड,272600140335130000,देवदैठण,devadaiThaNa,True
26,Ahmednagar,14,जामखेड,272600140335430000,दौंडाचीवाडी,dauMDAchIvADI,True
26,Ahmednagar,14,जामखेड,272600140335510000,धनेगांव,dhanegAMva,True
26,Ahmednagar,14,जामखेड,272600140334970000,धानोरा,dhAnorA,True
26,Ahmednagar,14,जामखेड,272600140335140000,धामणगांव,dhAmaNagAMva,True
26,Ahmednagar,14,जामखेड,272600140334730000,धोत्री,dhotrI,True
26,Ahmednagar,14,जामखेड,272600140334940000,धोंडपारगाव,dhoMDapAragAva,True
26,Ahmednagar,14,जामखेड,272600140335290000,नागोबाचीवाडी,nAgobAchIvADI,True
26,Ahmednagar,14,जामखेड,272600140335370000,नान्नज,nAnnaja,True
26,Ahmednagar,14,जामखेड,272600140335110000,नायगांव,nAyagAMva,True
26,Ahmednagar,14,जामखेड,272600140335120000,नाहुली,nAhulI,True
26,Ahmednagar,14,जामखेड,272600140334860000,पाटोदा,pATodA,True
26,Ahmednagar,14,जामखेड,272600140334920000,पाडळी,pADaLI,True
26,Ahmednagar,14,जामखेड,272600140334870000,पारेवाडी,pArevADI,True
26,Ahmednagar,14,जामखेड,272600140335260000,पांढरेवाडी,pAMDharevADI,True
26,Ahmednagar,14,जामखेड,272600140335020000,पिंपरखेड,piMparakheDa,True
26,Ahmednagar,14,जामखेड,272600140335230000,पिंपळगांव आळवा,piMpaLagAMva ALavA,True
26,Ahmednagar,14,जामखेड,272600140335390000,पिंपळगांव उंडा,piMpaLagAMva uMDA,True
26,Ahmednagar,14,जामखेड,272600140334750000,पिंपळवाडी,piMpaLavADI,True
26,Ahmednagar,14,जामखेड,272600140335450000,पोतेवाडी,potevADI,True
26,Ahmednagar,14,जामखेड,272600140334960000,फक्राबाद,phakrAbAda,True
26,Ahmednagar,14,जामखेड,272600140334800000,बटेवाडी,baTevADI,True
26,Ahmednagar,14,जामखेड,272600140335250000,बाळगव्हाण,bALagavhANa,True
26,Ahmednagar,14,जामखेड,272600140335030000,बावी,bAvI,True
26,Ahmednagar,14,जामखेड,272600140335200000,बांधखडक,bAMdhakhaDaka,True
26,Ahmednagar,14,जामखेड,272600140335460000,बोर्ले,borle,True
26,Ahmednagar,14,जामखेड,272600140334680000,भवरवाडी,bhavaravADI,True
26,Ahmednagar,14,जामखेड,272600140334710000,भुतवडा,bhutavaDA,True
26,Ahmednagar,14,जामखेड,272600140335480000,मतेवाडी,matevADI,True
26,Ahmednagar,14,जामखेड,272600140335350000,महारुळी,mahAruLI,True
26,Ahmednagar,14,जामखेड,272600140335150000,माळेवाडी,mALevADI,True
26,Ahmednagar,14,जामखेड,272600140335280000,मुंगेवाडी,muMgevADI,True
26,Ahmednagar,14,जामखेड,272600140335500000,मुंजेवाडी,muMjevADI,True
26,Ahmednagar,14,जामखेड,272600140335270000,मोहरी,moharI,True
26,Ahmednagar,14,जामखेड,272600140334740000,मोहा,mohA,True
26,Ahmednagar,14,जामखेड,272600140334690000,रत्नापुर,ratnApura,True
26,Ahmednagar,14,जामखेड,272600140335090000,राजुरी,rAjurI,True
26,Ahmednagar,14,जामखेड,272600140335360000,राजेवाडी,rAjevADI,True
26,Ahmednagar,14,जामखेड,272600140334720000,लेहनेवाडी,lehanevADI,True
26,Ahmednagar,14,जामखेड,272600140335240000,लोणी,loNI,True
26,Ahmednagar,14,जामखेड,272600140335310000,वाकी,vAkI,True
26,Ahmednagar,14,जामखेड,272600140335380000,वाघा,vAghA,True
26,Ahmednagar,14,जामखेड,272600140335410000,वंजारवाडी (तरडगाव),vaMjAravADI (taraDagAva),True
26,Ahmednagar,14,जामखेड,272600140334980000,वंजारवाडी (धानोरा),vaMjAravADI (dhAnorA),True
26,Ahmednagar,14,जामखेड,272600140334790000,शिऊर,shiUra,True
26,Ahmednagar,14,जामखेड,272600140334830000,सरदवाडी,saradavADI,True
26,Ahmednagar,14,जामखेड,272600140334770000,साकत,sAkata,True
26,Ahmednagar,14,जामखेड,272600140335400000,सातेफळ,sAtephaLa,True
26,Ahmednagar,14,जामखेड,272600140335070000,सारोळा,sAroLA,True
26,Ahmednagar,14,जामखेड,272600140334780000,सावरगांव,sAvaragAMva,True
26,Ahmednagar,14,जामखेड,272600140334850000,सांगवी,sAMgavI,True
26,Ahmednagar,14,जामखेड,272600140335520000,सोनेगाव,sonegAva,True
26,Ahmednagar,14,जामखेड,272600140335010000,हसनाबाद,hasanAbAda,True
26,Ahmednagar,14,जामखेड,272600140335040000,हाळगांव,hALagAMva,True
26,Ahmednagar,06,नेवासा,272600060325890000,अंमळनेर,aMmaLanera,True
26,Ahmednagar,06,नेवासा,272600060326210000,आंतरवली,AMtaravalI,True
26,Ahmednagar,06,नेवासा,272600060325510000,इमामपुर,imAmapura,True
26,Ahmednagar,06,नेवासा,272600060325220000,उस्थळ खालसा,usthaLa khAlasA,True
26,Ahmednagar,06,नेवासा,272600060325830000,उस्थाळ दुमाला,usthALa dumAlA,True
26,Ahmednagar,06,नेवासा,272600060325900000,करजगाव,karajagAva,True
26,Ahmednagar,06,नेवासा,272600060326300000,कारेगांव,kAregAMva,True
26,Ahmednagar,06,नेवासा,272600060325970000,कांगोणी,kAMgoNI,True
26,Ahmednagar,06,नेवासा,272600060326240000,कुकाणा,kukANA,True
26,Ahmednagar,06,नेवासा,272600060326420000,कौठा,kauThA,True
26,Ahmednagar,06,नेवासा,272600060325380000,खडके,khaDake,True
26,Ahmednagar,06,नेवासा,272600060325960000,खरवंडी,kharavaMDI,True
26,Ahmednagar,06,नेवासा,272600060325370000,खलालपिंप्री,khalAlapiMprI,True
26,Ahmednagar,06,नेवासा,272600060325660000,खामगाव,khAmagAva,True
26,Ahmednagar,06,नेवासा,272600060326170000,खुणेगांव,khuNegAMva,True
26,Ahmednagar,06,नेवासा,272600060325490000,खुपटी,khupaTI,True
26,Ahmednagar,06,नेवासा,272600060325520000,खेडलेकाजळी,kheDalekAjaLI,True
26,Ahmednagar,06,नेवासा,272600060325930000,खेडले परमानंद,kheDale paramAnaMda,True
26,Ahmednagar,06,नेवासा,272600060325950000,गणेशवाडी,gaNeshavADI,True
26,Ahmednagar,06,नेवासा,272600060325540000,गळनिंब,gaLaniMba,True
26,Ahmednagar,06,नेवासा,272600060325630000,गिडेगाव,giDegAva,True
26,Ahmednagar,06,नेवासा,272600060325710000,गेवराई,gevarAI,True
26,Ahmednagar,06,नेवासा,272600060325590000,गोगलगाव,gogalagAva,True
26,Ahmednagar,06,नेवासा,272600060325500000,गोणेगाव,goNegAva,True
26,Ahmednagar,06,नेवासा,272600060325240000,गोधेगांव,godhegAMva,True
26,Ahmednagar,06,नेवासा,272600060325650000,गोपाळपुर,gopALapura,True
26,Ahmednagar,06,नेवासा,272600060325800000,गोमळवाडी,gomaLavADI,True
26,Ahmednagar,06,नेवासा,272600060325720000,गोयगव्हाण,goyagavhANa,True
26,Ahmednagar,06,नेवासा,272600060326180000,गोंडेगांव,goMDegAMva,True
26,Ahmednagar,06,नेवासा,272600060325170000,घोगरगांव,ghogaragAMva,True
26,Ahmednagar,06,नेवासा,272600060326040000,घोडेगाव,ghoDegAva,True
26,Ahmednagar,06,नेवासा,272600060326410000,चांदा,chAMdA,True
26,Ahmednagar,06,नेवासा,272600060326230000,चिलेखनवाडी,chilekhanavADI,True
26,Ahmednagar,06,नेवासा,272600060325430000,चिंचबन,chiMchabana,True
26,Ahmednagar,06,नेवासा,272600060325610000,जळके  खुर्द,jaLake  khurda,True
26,Ahmednagar,06,नेवासा,272600060325600000,जळके बुद्रुक,jaLake budruka,True
26,Ahmednagar,06,नेवासा,272600060326330000,जेऊर हैबती,jeUra haibatI,True
26,Ahmednagar,06,नेवासा,272600060325180000,जैनपूर,jainapUra,True
26,Ahmednagar,06,नेवासा,272600060326090000,झापवाडी,jhApavADI,True
26,Ahmednagar,06,नेवासा,272600060325260000,टोका,TokA,True
26,Ahmednagar,06,नेवासा,272600060326200000,तरवडी,taravaDI,True
26,Ahmednagar,06,नेवासा,272600060325870000,तामसवाडी,tAmasavADI,True
26,Ahmednagar,06,नेवासा,272600060326350000,तेलकुडगांव,telakuDagAMva,True
26,Ahmednagar,06,नेवासा,272600060325680000,दिघी,dighI,True
26,Ahmednagar,06,नेवासा,272600060326360000,देडगांव,deDagAMva,True
26,Ahmednagar,06,नेवासा,272600060326320000,देवगांव,devagAMva,True
26,Ahmednagar,06,नेवासा,272600060326340000,देवसडे,devasaDe,True
26,Ahmednagar,06,नेवासा,272600060325810000,धनगरवाडी (नेवासा),dhanagaravADI (nevAsA),True
26,Ahmednagar,06,नेवासा,272600060326060000,धनगरवाडी (सोनई ),dhanagaravADI (sonaI ),True
26,Ahmednagar,06,नेवासा,272600060325320000,धामोरी,dhAmorI,True
26,Ahmednagar,06,नेवासा,272600060325700000,नजीक  चिंचोली,najIka  chiMcholI,True
26,Ahmednagar,06,नेवासा,272600060326270000,नागापुर,nAgApura,True
26,Ahmednagar,06,नेवासा,272600060325820000,नारायणवाडी,nArAyaNavADI,True
26,Ahmednagar,06,नेवासा,272600060325780000,नांदुर  शिकारी,nAMdura  shikArI,True
26,Ahmednagar,06,नेवासा,272600060325860000,निपाणी निमगाव,nipANI nimagAva,True
26,Ahmednagar,06,नेवासा,272600060325790000,निंभारी,niMbhArI,True
26,Ahmednagar,06,नेवासा,272600060325440000,नेवासा खुर्द,nevAsA khurda,True
26,Ahmednagar,06,नेवासा,272600060325390000,नेवासा बुद्रूक,nevAsA budrUka,True
26,Ahmednagar,06,नेवासा,272600060326430000,पाचुंदे,pAchuMde,True
26,Ahmednagar,06,नेवासा,272600060325410000,पाचेगांव,pAchegAMva,True
26,Ahmednagar,06,नेवासा,272600060325740000,पाथरवाले,pAtharavAle,True
26,Ahmednagar,06,नेवासा,272600060326050000,पानसवाडी,pAnasavADI,True
26,Ahmednagar,06,नेवासा,272600060325910000,पानेगाव,pAnegAva,True
26,Ahmednagar,06,नेवासा,272600060325450000,पिचडगांव,pichaDagAMva,True
26,Ahmednagar,06,नेवासा,272600060325730000,पिंपरी शहाली,piMparI shahAlI,True
26,Ahmednagar,06,नेवासा,272600060325420000,पुनतगांव,punatagAMva,True
26,Ahmednagar,06,नेवासा,272600060325270000,प्रवरासंगम,pravarAsaMgama,True
26,Ahmednagar,06,नेवासा,272600060326380000,फत्तेपुर,phattepura,True
26,Ahmednagar,06,नेवासा,272600060325300000,बकुपिंपळगांव,bakupiMpaLagAMva,True
26,Ahmednagar,06,नेवासा,272600060326030000,बऱ्हाणपुर,baRhANapura,True
26,Ahmednagar,06,नेवासा,272600060325350000,बहिरवाडी,bahiravADI,True
26,Ahmednagar,06,नेवासा,272600060325690000,बाभुळखेडे,bAbhuLakheDe,True
26,Ahmednagar,06,नेवासा,272600060325850000,बाभुळवेढे,bAbhuLaveDhe,True
26,Ahmednagar,06,नेवासा,272600060325190000,बेलपांढरी,belapAMDharI,True
26,Ahmednagar,06,नेवासा,272600060325330000,बेलपिंपळगांव,belapiMpaLagAMva,True
26,Ahmednagar,06,नेवासा,272600060326000000,बेल्हेकरवाडी,belhekaravADI,True
26,Ahmednagar,06,नेवासा,272600060325210000,बोरगाव,boragAva,True
26,Ahmednagar,06,नेवासा,272600060326160000,भानसहिवरे,bhAnasahivare,True
26,Ahmednagar,06,नेवासा,272600060325230000,भालगाव,bhAlagAva,True
26,Ahmednagar,06,नेवासा,272600060326190000,भेंडे खुर्द,bheMDe khurda,True
26,Ahmednagar,06,नेवासा,272600060326250000,भेंडे  बुद्रूक,bheMDe  budrUka,True
26,Ahmednagar,06,नेवासा,272600060325470000,मक्तापुर,maktApura,True
26,Ahmednagar,06,नेवासा,272600060325360000,मडकी,maDakI,True
26,Ahmednagar,06,नेवासा,272600060326450000,महालक्ष्मीहिवरे,mahAlakShmIhivare,True
26,Ahmednagar,06,नेवासा,272600060326440000,माका,mAkA,True
26,Ahmednagar,06,नेवासा,272600060326280000,माळीचिचोंरे,mALIchichoMre,True
26,Ahmednagar,06,नेवासा,272600060325290000,माळेवाडी खालसा,mALevADI khAlasA,True
26,Ahmednagar,06,नेवासा,272600060325580000,माळेवाडी दुमाला,mALevADI dumAlA,True
26,Ahmednagar,06,नेवासा,272600060326110000,मांडेगव्हान,mAMDegavhAna,True
26,Ahmednagar,06,नेवासा,272600060325480000,मुकींदपुर,mukIMdapura,True
26,Ahmednagar,06,नेवासा,272600060325310000,मुरमे,murame,True
26,Ahmednagar,06,नेवासा,272600060326130000,मोरगव्हान,moragavhAna,True
26,Ahmednagar,06,नेवासा,272600060326070000,मोरयाचिचोंरे,morayAchichoMre,True
26,Ahmednagar,06,नेवासा,272600060325530000,मंगळापुर,maMgaLApura,True
26,Ahmednagar,06,नेवासा,272600060325460000,म्हसले,mhasale,True
26,Ahmednagar,06,नेवासा,272600060326400000,म्हाळसपिंपळगाव,mhALasapiMpaLagAva,True
26,Ahmednagar,06,नेवासा,272600060325280000,म्हाळापूर,mhALApUra,True
26,Ahmednagar,06,नेवासा,272600060326390000,रस्तापुर,rastApura,True
26,Ahmednagar,06,नेवासा,272600060326140000,राजेगांव,rAjegAMva,True
26,Ahmednagar,06,नेवासा,272600060325570000,रामडोह,rAmaDoha,True
26,Ahmednagar,06,नेवासा,272600060326310000,रांजणगांव,rAMjaNagAMva,True
26,Ahmednagar,06,नेवासा,272600060325940000,लांडेवाडी,lAMDevADI,True
26,Ahmednagar,06,नेवासा,272600060326080000,लोहगांव,lohagAMva,True
26,Ahmednagar,06,नेवासा,272600060326100000,लोहारवाडी,lohAravADI,True
26,Ahmednagar,06,नेवासा,272600060326290000,वडाळा बहीरोबा,vaDALA bahIrobA,True
26,Ahmednagar,06,नेवासा,272600060326220000,वडुले,vaDule,True
26,Ahmednagar,06,नेवासा,272600060325560000,वरखेड,varakheDa,True
26,Ahmednagar,06,नेवासा,272600060325670000,वाकडी,vAkaDI,True
26,Ahmednagar,06,नेवासा,272600060325880000,वाटापुर,vATApura,True
26,Ahmednagar,06,नेवासा,272600060325250000,वाशिम,vAshima,True
26,Ahmednagar,06,नेवासा,272600060326150000,वांजोळी,vAMjoLI,True
26,Ahmednagar,06,नेवासा,272600060326010000,वंजारवाडी,vaMjAravADI,True
26,Ahmednagar,06,नेवासा,272600060326370000,शहापुर,shahApura,True
26,Ahmednagar,06,नेवासा,272600060325640000,शिरसगाव,shirasagAva,True
26,Ahmednagar,06,नेवासा,272600060325920000,शिरेगाव,shiregAva,True
26,Ahmednagar,06,नेवासा,272600060326020000,शिंगणापुर,shiMgaNApura,True
26,Ahmednagar,06,नेवासा,272600060326120000,शिंगवेतुकाई,shiMgavetukAI,True
26,Ahmednagar,06,नेवासा,272600060325620000,सलाबतपुर,salAbatapura,True
26,Ahmednagar,06,नेवासा,272600060325770000,सुकळी  खुर्द,sukaLI  khurda,True
26,Ahmednagar,06,नेवासा,272600060325760000,सुकळी बुद्रुक,sukaLI budruka,True
26,Ahmednagar,06,नेवासा,272600060325550000,सुरेगाव  तर्फे दहीगाव,suregAva  tarphe dahIgAva,True
26,Ahmednagar,06,नेवासा,272600060325200000,सुरेगांव गंगापुर,suregAMva gaMgApura,True
26,Ahmednagar,06,नेवासा,272600060325750000,सुलतानपुर,sulatAnapura,True
26,Ahmednagar,06,नेवासा,272600060325990001,सोनई  (नविन ),sonaI  (navina ),True
26,Ahmednagar,06,नेवासा,272600060326260000,सौंदाळा,sauMdALA,True
26,Ahmednagar,06,नेवासा,272600060325980000,हिंगोणी,hiMgoNI,True
26,Ahmednagar,06,नेवासा,272600060325840000,हंडींनिमगाव,haMDIMnimagAva,True
26,Ahmednagar,08,पाथर्डी,272600080328630000,अकोला,akolA,True
26,Ahmednagar,08,पाथर्डी,272600080328790000,अंबिकानगर,aMbikAnagara,True
26,Ahmednagar,08,पाथर्डी,272600080328180000,आगसखांड,AgasakhAMDa,True
26,Ahmednagar,08,पाथर्डी,272600080327620000,आडगांव,ADagAMva,True
26,Ahmednagar,08,पाथर्डी,272600080328330000,आल्हणवाडी,AlhaNavADI,True
26,Ahmednagar,08,पाथर्डी,272600080328770000,एकनाथवाडी,ekanAthavADI,True
26,Ahmednagar,08,पाथर्डी,272600080328430000,औरंगपूर,auraMgapUra,True
26,Ahmednagar,08,पाथर्डी,272600080327660000,कडगांव,kaDagAMva,True
26,Ahmednagar,08,पाथर्डी,272600080327930000,करडवाडी,karaDavADI,True
26,Ahmednagar,08,पाथर्डी,272600080328820000,करोडी,karoDI,True
26,Ahmednagar,08,पाथर्डी,272600080327900000,करंजी,karaMjI,True
26,Ahmednagar,08,पाथर्डी,272600080328440000,कळस पिंपरी,kaLasa piMparI,True
26,Ahmednagar,08,पाथर्डी,272600080327630000,कामत शिंगवे,kAmata shiMgave,True
26,Ahmednagar,08,पाथर्डी,272600080328200000,कारेगांव,kAregAMva,True
26,Ahmednagar,08,पाथर्डी,272600080328020000,काळेगांव फकीर,kALegAMva phakIra,True
26,Ahmednagar,08,पाथर्डी,272600080328690000,काळेवाडी (नवीन),kALevADI (navIna),True
26,Ahmednagar,08,पाथर्डी,272600080328100000,कासारपिंपळगांव,kAsArapiMpaLagAMva,True
26,Ahmednagar,08,पाथर्डी,272600080327940000,कासारवाडी,kAsAravADI,True
26,Ahmednagar,08,पाथर्डी,272600080328760000,कासाळवाडी,kAsALavADI,True
26,Ahmednagar,08,पाथर्डी,272600080328850000,कुत्तरवाडी,kuttaravADI,True
26,Ahmednagar,08,पाथर्डी,272600080328250000,केळवंडी,keLavaMDI,True
26,Ahmednagar,08,पाथर्डी,272600080327970000,कोपरे,kopare,True
26,Ahmednagar,08,पाथर्डी,272600080328420000,कोरडगांव,koraDagAMva,True
26,Ahmednagar,08,पाथर्डी,272600080327690000,कोल्हार,kolhAra,True
26,Ahmednagar,08,पाथर्डी,272600080328480000,कोळसांगवी,koLasAMgavI,True
26,Ahmednagar,08,पाथर्डी,272600080327830000,कौडगांव,kauDagAMva,True
26,Ahmednagar,08,पाथर्डी,272600080328590000,खरवंडी,kharavaMDI,True
26,Ahmednagar,08,पाथर्डी,272600080327850000,खांडगांव,khAMDagAMva,True
26,Ahmednagar,08,पाथर्डी,272600080328150000,खेर्डे,kherDe,True
26,Ahmednagar,08,पाथर्डी,272600080327700000,गितेवाडी,gitevADI,True
26,Ahmednagar,08,पाथर्डी,272600080327920000,घाटशिरस,ghATashirasa,True
26,Ahmednagar,08,पाथर्डी,272600080328320000,घुमटवाडी,ghumaTavADI,True
26,Ahmednagar,08,पाथर्डी,272600080327680000,चिचोंडी,chichoMDI,True
26,Ahmednagar,08,पाथर्डी,272600080328340000,चितळवाडी,chitaLavADI,True
26,Ahmednagar,08,पाथर्डी,272600080327990000,चितळी,chitaLI,True
26,Ahmednagar,08,पाथर्डी,272600080328840000,चिंचपूर इजदे,chiMchapUra ijade,True
26,Ahmednagar,08,पाथर्डी,272600080328880000,चिंचपूर पांगुळ,chiMchapUra pAMguLa,True
26,Ahmednagar,08,पाथर्डी,272600080328780000,चुंभळी,chuMbhaLI,True
26,Ahmednagar,08,पाथर्डी,272600080328270000,चेकेवाडी,chekevADI,True
26,Ahmednagar,08,पाथर्डी,272600080327960000,जवखेडे खालसा,javakheDe khAlasA,True
26,Ahmednagar,08,पाथर्डी,272600080327950000,जवखेडे दुमाला,javakheDe dumAlA,True
26,Ahmednagar,08,पाथर्डी,272600080328710000,जवळवाडी,javaLavADI,True
26,Ahmednagar,08,पाथर्डी,272600080328380000,जाटदेवळे,jATadevaLe,True
26,Ahmednagar,08,पाथर्डी,272600080328700000,जांभळी,jAMbhaLI,True
26,Ahmednagar,08,पाथर्डी,272600080328470000,जिरेवाडी,jirevADI,True
26,Ahmednagar,08,पाथर्डी,272600080328900000,जोगेवाडी,jogevADI,True
26,Ahmednagar,08,पाथर्डी,272600080327840000,जोहारवाडी,johAravADI,True
26,Ahmednagar,08,पाथर्डी,272600080328800000,टाकळीमानूर,TAkaLImAnUra,True
26,Ahmednagar,08,पाथर्डी,272600080327710000,डमाळवाडी (चिचोंडी),DamALavADI (chichoMDI),True
26,Ahmednagar,08,पाथर्डी,272600080328280000,डमाळवाडी (माणिकदौडी),DamALavADI (mANikadauDI),True
26,Ahmednagar,08,पाथर्डी,272600080328070000,डांगेवाडी,DAMgevADI,True
26,Ahmednagar,08,पाथर्डी,272600080327720000,डोंगरवाडी,DoMgaravADI,True
26,Ahmednagar,08,पाथर्डी,272600080328090000,ढवळेवाडी,DhavaLevADI,True
26,Ahmednagar,08,पाथर्डी,272600080328720000,ढाकणवाडी (खरवंडी),DhAkaNavADI (kharavaMDI),True
26,Ahmednagar,08,पाथर्डी,272600080328910000,ढाकणवाडी (वडगांव),DhAkaNavADI (vaDagAMva),True
26,Ahmednagar,08,पाथर्डी,272600080328830000,तिनखडी,tinakhaDI,True
26,Ahmednagar,08,पाथर्डी,272600080327780000,तिसगांव,tisagAMva,True
26,Ahmednagar,08,पाथर्डी,272600080328450000,तोंडोळी,toMDoLI,True
26,Ahmednagar,08,पाथर्डी,272600080327820000,त्रिभुवनवाडी,tribhuvanavADI,True
26,Ahmednagar,08,पाथर्डी,272600080327880000,दगडवाडी,dagaDavADI,True
26,Ahmednagar,08,पाथर्डी,272600080328170000,दुले चांदगांव,dule chAMdagAMva,True
26,Ahmednagar,08,पाथर्डी,272600080327810000,देवराई,devarAI,True
26,Ahmednagar,08,पाथर्डी,272600080328260000,धनगरवाडी,dhanagaravADI,True
26,Ahmednagar,08,पाथर्डी,272600080328130000,धामणगांव,dhAmaNagAMva,True
26,Ahmednagar,08,पाथर्डी,272600080328640000,धायतडकवाडी,dhAyataDakavADI,True
26,Ahmednagar,08,पाथर्डी,272600080327730000,धारवाडी,dhAravADI,True
26,Ahmednagar,08,पाथर्डी,272600080328550000,नांदुर निंबा दैत्य,nAMdura niMbA daitya,True
26,Ahmednagar,08,पाथर्डी,272600080328490000,निपाणी जळगांव,nipANI jaLagAMva,True
26,Ahmednagar,08,पाथर्डी,272600080328120000,निवडुंगे,nivaDuMge,True
26,Ahmednagar,08,पाथर्डी,272600080327800000,निंबोडी,niMboDI,True
26,Ahmednagar,08,पाथर्डी,272600080328310000,पत्र्याचा तांडा,patryAchA tAMDA,True
26,Ahmednagar,08,पाथर्डी,272600080328040000,पागोरीपिंपळगांव,pAgorIpiMpaLagAMva,True
26,Ahmednagar,08,पाथर्डी,272600080328000000,पाडळी,pADaLI,True
26,Ahmednagar,08,पाथर्डी,272600084261600000,पाथर्डी,pAtharDI,True
26,Ahmednagar,08,पाथर्डी,272600080327770000,पारेवाडी,pArevADI,True
26,Ahmednagar,08,पाथर्डी,272600080328620000,पालवेवाडी,pAlavevADI,True
26,Ahmednagar,08,पाथर्डी,272600080328290000,पिरेवाडी,pirevADI,True
26,Ahmednagar,08,पाथर्डी,272600080328530000,पिंपळगव्हाण,piMpaLagavhANa,True
26,Ahmednagar,08,पाथर्डी,272600080328860000,पिंपळगांव टप्पा,piMpaLagAMva TappA,True
26,Ahmednagar,08,पाथर्डी,272600080328030000,प्रभुपिंपरी,prabhupiMparI,True
26,Ahmednagar,08,पाथर्डी,272600080328600000,बडेवाडी,baDevADI,True
26,Ahmednagar,08,पाथर्डी,272600080328360000,बोरसेवाडी,borasevADI,True
26,Ahmednagar,08,पाथर्डी,272600080328610000,बोंदरवाडी,boMdaravADI,True
26,Ahmednagar,08,पाथर्डी,272600080328570000,भवरवाडी (नवीन),bhavaravADI (navIna),True
26,Ahmednagar,08,पाथर्डी,272600080328560000,भारजवाडी,bhArajavADI,True
26,Ahmednagar,08,पाथर्डी,272600080328750000,भालगांव,bhAlagAMva,True
26,Ahmednagar,08,पाथर्डी,272600080328810000,भिलवडे,bhilavaDe,True
26,Ahmednagar,08,पाथर्डी,272600080328520000,भुतेटाकळी,bhuteTAkaLI,True
26,Ahmednagar,08,पाथर्डी,272600080327890000,भोसे,bhose,True
26,Ahmednagar,08,पाथर्डी,272600080328230000,मढी,maDhI,True
26,Ahmednagar,08,पाथर्डी,272600080328300000,माणिकदौंडी,mANikadauMDI,True
26,Ahmednagar,08,पाथर्डी,272600080328870000,मानेवाडी,mAnevADI,True
26,Ahmednagar,08,पाथर्डी,272600080328730000,मालेवाडी,mAlevADI,True
26,Ahmednagar,08,पाथर्डी,272600080328140000,माळी बाभुळगांव,mALI bAbhuLagAMva,True
26,Ahmednagar,08,पाथर्डी,272600080328160000,माळेगांव,mALegAMva,True
26,Ahmednagar,08,पाथर्डी,272600080327750000,मांडवे,mAMDave,True
26,Ahmednagar,08,पाथर्डी,272600080328580000,मिडसांगवी,miDasAMgavI,True
26,Ahmednagar,08,पाथर्डी,272600080327600000,मिरी,mirI,True
26,Ahmednagar,08,पाथर्डी,272600080328740000,मुंगुसवाडे,muMgusavADe,True
26,Ahmednagar,08,पाथर्डी,272600080328650000,मोहटे,mohaTe,True
26,Ahmednagar,08,पाथर्डी,272600080328210000,मोहरी,moharI,True
26,Ahmednagar,08,पाथर्डी,272600080327640000,मोहोज खुर्द,mohoja khurda,True
26,Ahmednagar,08,पाथर्डी,272600080328670000,मोहोजदेवढे,mohojadevaDhe,True
26,Ahmednagar,08,पाथर्डी,272600080327650000,मोहोज बुद्रुक,mohoja budruka,True
26,Ahmednagar,08,पाथर्डी,272600080328540000,येळी,yeLI,True
26,Ahmednagar,08,पाथर्डी,272600080327740000,राघोहिवरे,rAghohivare,True
26,Ahmednagar,08,पाथर्डी,272600080328240000,रांजणी,rAMjaNI,True
26,Ahmednagar,08,पाथर्डी,272600080328660000,रुपनरवाडी (नवीन),rupanaravADI (navIna),True
26,Ahmednagar,08,पाथर्डी,272600080327610000,रेणुकाईवाडी,reNukAIvADI,True
26,Ahmednagar,08,पाथर्डी,272600080328350000,लांडकवाडी,lAMDakavADI,True
26,Ahmednagar,08,पाथर्डी,272600080327860000,लोहसर,lohasara,True
26,Ahmednagar,08,पाथर्डी,272600080328890000,वडगांव,vaDagAMva,True
26,Ahmednagar,08,पाथर्डी,272600080328500000,वसु,vasu,True
26,Ahmednagar,08,पाथर्डी,272600080328190000,वाळुंज,vALuMja,True
26,Ahmednagar,08,पाथर्डी,272600080327870000,वैजुबाभुळगांव,vaijubAbhuLagAMva,True
26,Ahmednagar,08,पाथर्डी,272600080328220000,शिरसाठवाडी,shirasAThavADI,True
26,Ahmednagar,08,पाथर्डी,272600080327790000,शिरापुर,shirApura,True
26,Ahmednagar,08,पाथर्डी,272600080327670000,शिराळ,shirALa,True
26,Ahmednagar,08,पाथर्डी,272600080327580000,शिंगवे केशव,shiMgave keshava,True
26,Ahmednagar,08,पाथर्डी,272600080328370000,शिंदेवाडी,shiMdevADI,True
26,Ahmednagar,08,पाथर्डी,272600080328510000,शेकटे,shekaTe,True
26,Ahmednagar,08,पाथर्डी,272600080327590000,शंकरवाडी,shaMkaravADI,True
26,Ahmednagar,08,पाथर्डी,272600080328010000,साकेगांव,sAkegAMva,True
26,Ahmednagar,08,पाथर्डी,272600080327910000,सातवड,sAtavaDa,True
26,Ahmednagar,08,पाथर्डी,272600080328060000,सांगवी खुर्द,sAMgavI khurda,True
26,Ahmednagar,08,पाथर्डी,272600080328050000,सांगवी बुद्रुक,sAMgavI budruka,True
26,Ahmednagar,08,पाथर्डी,272600080328390000,सुसरे,susare,True
26,Ahmednagar,08,पाथर्डी,272600080328110000,सैदापूर,saidApUra,True
26,Ahmednagar,08,पाथर्डी,272600080328460000,सोनोशी,sonoshI,True
26,Ahmednagar,08,पाथर्डी,272600080327760000,सोमठाणे खुर्द,somaThANe khurda,True
26,Ahmednagar,08,पाथर्डी,272600080328400000,सोमठाणे नलवडे,somaThANe nalavaDe,True
26,Ahmednagar,08,पाथर्डी,272600080328410000,सोमठाणे बुद्रुक,somaThANe budruka,True
26,Ahmednagar,08,पाथर्डी,272600080328080000,हत्राळ,hatrALa,True
26,Ahmednagar,08,पाथर्डी,272600080327980000,हनुमान टाकळी,hanumAna TAkaLI,True
26,Ahmednagar,08,पाथर्डी,272600080328680000,हाकेवाडी (नवीन),hAkevADI (navIna),True
26,Ahmednagar,11,पारनेर,272600110331320000,अक्कलवाडी,akkalavADI,True
26,Ahmednagar,11,पारनेर,272600110331750000,अळकुटी,aLakuTI,True
26,Ahmednagar,11,पारनेर,272600110332170000,अस्तगांव,astagAMva,True
26,Ahmednagar,11,पारनेर,272600110332140000,आपधूप,ApadhUpa,True
26,Ahmednagar,11,पारनेर,272600110332230000,कडुस,kaDusa,True
26,Ahmednagar,11,पारनेर,272600110331510000,करंदी,karaMdI,True
26,Ahmednagar,11,पारनेर,272600110331210000,कर्जुले हर्या,karjule haryA,True
26,Ahmednagar,11,पारनेर,272600110332260000,कळमकरवाडी,kaLamakaravADI,True
26,Ahmednagar,11,पारनेर,272600110331620000,कळस,kaLasa,True
26,Ahmednagar,11,पारनेर,272600110331270000,काकणेवाडी,kAkaNevADI,True
26,Ahmednagar,11,पारनेर,272600110331020000,काटाळवेढा,kATALaveDhA,True
26,Ahmednagar,11,पारनेर,272600110331350000,कान्हूर पठार,kAnhUra paThAra,True
26,Ahmednagar,11,पारनेर,272600110331240000,कारेगाव,kAregAva,True
26,Ahmednagar,11,पारनेर,272600110331470000,काळकुप,kALakupa,True
26,Ahmednagar,11,पारनेर,272600110331250000,कासारे,kAsAre,True
26,Ahmednagar,11,पारनेर,272600110331500000,किन्ही,kinhI,True
26,Ahmednagar,11,पारनेर,272600110332310000,कुरुंद,kuruMda,True
26,Ahmednagar,11,पारनेर,272600110331990000,कोहकडी,kohakaDI,True
26,Ahmednagar,11,पारनेर,272600110331090000,खडकवाडी,khaDakavADI,True
26,Ahmednagar,11,पारनेर,272600110331580000,गटेवाडी,gaTevADI,True
26,Ahmednagar,11,पारनेर,272600110331130000,गाजदीपुर,gAjadIpura,True
26,Ahmednagar,11,पारनेर,272600110331930000,गाडीलगांव,gADIlagAMva,True
26,Ahmednagar,11,पारनेर,272600110331630000,गारखिंडी,gArakhiMDI,True
26,Ahmednagar,11,पारनेर,272600110331300000,गारगुंडी,gAraguMDI,True
26,Ahmednagar,11,पारनेर,272600110331860000,गांजीभोयरे,gAMjIbhoyare,True
26,Ahmednagar,11,पारनेर,272600110331940000,गुणोरे,guNore,True
26,Ahmednagar,11,पारनेर,272600110331490000,गोरेगांव,goregAMva,True
26,Ahmednagar,11,पारनेर,272600110332110000,घाणेगांव,ghANegAMva,True
26,Ahmednagar,11,पारनेर,272600110331690000,चिंचोली,chiMcholI,True
26,Ahmednagar,11,पारनेर,272600110331790000,चोंभुत,choMbhuta,True
26,Ahmednagar,11,पारनेर,272600110331880000,जवळा,javaLA,True
26,Ahmednagar,11,पारनेर,272600110332120000,जातेगांव,jAtegAMva,True
26,Ahmednagar,11,पारनेर,272600110331670000,जाधववाडी,jAdhavavADI,True
26,Ahmednagar,11,पारनेर,272600110331460000,जामगांव,jAmagAMva,True
26,Ahmednagar,11,पारनेर,272600110331260000,टाकळी ढोकेश्वर,TAkaLI Dhokeshvara,True
26,Ahmednagar,11,पारनेर,272600110332000000,डिकसळ,DikasaLa,True
26,Ahmednagar,11,पारनेर,272600110331010000,डोंगरवाडी,DoMgaravADI,True
26,Ahmednagar,11,पारनेर,272600110331920000,ढवणवाडी,DhavaNavADI,True
26,Ahmednagar,11,पारनेर,272600110331140000,ढवळपुरी,DhavaLapurI,True
26,Ahmednagar,11,पारनेर,272600110331180000,ढोकी,DhokI,True
26,Ahmednagar,11,पारनेर,272600110331110000,तास,tAsa,True
26,Ahmednagar,11,पारनेर,272600110331370000,तिखोल,tikhola,True
26,Ahmednagar,11,पारनेर,272600110331640000,दरोडी,daroDI,True
26,Ahmednagar,11,पारनेर,272600110331830000,देवी भोयरे,devI bhoyare,True
26,Ahmednagar,11,पारनेर,272600110331070000,देसवडे,desavaDe,True
26,Ahmednagar,11,पारनेर,272600110331430000,दैठणे गुंजाळ,daiThaNe guMjALa,True
26,Ahmednagar,11,पारनेर,272600110331170000,धोत्रे खुर्द,dhotre khurda,True
26,Ahmednagar,11,पारनेर,272600110331160000,धोत्रे बुद्रुक,dhotre budruka,True
26,Ahmednagar,11,पारनेर,272600110332250000,नारायणगव्हाण,nArAyaNagavhANa,True
26,Ahmednagar,11,पारनेर,272600110331230000,नांदुर पठार,nAMdura paThAra,True
26,Ahmednagar,11,पारनेर,272600110331900000,निघोज,nighoja,True
26,Ahmednagar,11,पारनेर,272600110331890000,पठारवाडी,paThAravADI,True
26,Ahmednagar,11,पारनेर,272600110332130000,पळवे खुर्द,paLave khurda,True
26,Ahmednagar,11,पारनेर,272600110332240000,पळवे बुद्रुक,paLave budruka,True
26,Ahmednagar,11,पारनेर,272600110331100000,पळशी,paLashI,True
26,Ahmednagar,11,पारनेर,272600110331030000,पळसपुर,paLasapura,True
26,Ahmednagar,11,पारनेर,272600110331770000,पाडळीआळे,pADaLIALe,True
26,Ahmednagar,11,पारनेर,272600110331480000,पाडळी तर्फे कान्हूर,pADaLI tarphe kAnhUra,True
26,Ahmednagar,11,पारनेर,272600110331660000,पाडळी दर्या,pADaLI daryA,True
26,Ahmednagar,11,पारनेर,272600110332270000,पाडळी रांजणगांव,pADaLI rAMjaNagAMva,True
26,Ahmednagar,11,पारनेर,272600110331570000,पानोली,pAnolI,True
26,Ahmednagar,11,पारनेर,272600110331720000,पाबळ,pAbaLa,True
26,Ahmednagar,11,पारनेर,272600110331550000,पारनेर,pAranera,True
26,Ahmednagar,11,पारनेर,272600110331280000,पिंपळगांव तुर्क,piMpaLagAMva turka,True
26,Ahmednagar,11,पारनेर,272600110331310000,पिंपळगांव रोठा,piMpaLagAMva roThA,True
26,Ahmednagar,11,पारनेर,272600110331610000,पिंपळनेर,piMpaLanera,True
26,Ahmednagar,11,पारनेर,272600110332190000,पिंप्री गवळी,piMprI gavaLI,True
26,Ahmednagar,11,पारनेर,272600110331850000,पिंप्री जलसेन,piMprI jalasena,True
26,Ahmednagar,11,पारनेर,272600110331340000,पिंप्री पठार,piMprI paThAra,True
26,Ahmednagar,11,पारनेर,272600110331540000,पुणेवाडी,puNevADI,True
26,Ahmednagar,11,पारनेर,272600110331050000,पोखरी,pokharI,True
26,Ahmednagar,11,पारनेर,272600110331380000,बहिरोबावाडी,bahirobAvADI,True
26,Ahmednagar,11,पारनेर,272600110332210000,बाबुर्डी,bAburDI,True
26,Ahmednagar,11,पारनेर,272600110331650000,बाभुळवाडे,bAbhuLavADe,True
26,Ahmednagar,11,पारनेर,272600110331150000,भनगडेवाडी,bhanagaDevADI,True
26,Ahmednagar,11,पारनेर,272600110331410000,भाळवणी,bhALavaNI,True
26,Ahmednagar,11,पारनेर,272600110331440000,भांडगांव,bhAMDagAMva,True
26,Ahmednagar,11,पारनेर,272600110332220000,भोयरेगांगर्डा,bhoyaregAMgarDA,True
26,Ahmednagar,11,पारनेर,272600110331290000,भोंद्रे,bhoMdre,True
26,Ahmednagar,11,पारनेर,272600110331970000,माजमपुर,mAjamapura,True
26,Ahmednagar,11,पारनेर,272600110331400000,माळकुप,mALakupa,True
26,Ahmednagar,11,पारनेर,272600110332300000,मावळेवाडी,mAvaLevADI,True
26,Ahmednagar,11,पारनेर,272600110331080000,मांडवे खुर्द,mAMDave khurda,True
26,Ahmednagar,11,पारनेर,272600110332080000,मुंगशी,muMgashI,True
26,Ahmednagar,11,पारनेर,272600110331910000,मोरवाडी,moravADI,True
26,Ahmednagar,11,पारनेर,272600110332100000,म्हसणे,mhasaNe,True
26,Ahmednagar,11,पारनेर,272600110331950000,म्हसे खुर्द,mhase khurda,True
26,Ahmednagar,11,पारनेर,272600110331040000,म्हसोबाचा झाप,mhasobAchA jhApa,True
26,Ahmednagar,11,पारनेर,272600110331760000,म्हस्केवाडी,mhaskevADI,True
26,Ahmednagar,11,पारनेर,272600110332280000,यादववाडी,yAdavavADI,True
26,Ahmednagar,11,पारनेर,272600110332160000,रायतळे,rAyataLe,True
26,Ahmednagar,11,पारनेर,272600110331980000,राळेगण थेरपाळ,rALegaNa therapALa,True
26,Ahmednagar,11,पारनेर,272600110331590000,राळेगण सिध्दी,rALegaNa sidhdI,True
26,Ahmednagar,11,पारनेर,272600110332180000,रांजणगांव मशिद,rAMjaNagAMva mashida,True
26,Ahmednagar,11,पारनेर,272600110331730000,रांधे,rAMdhe,True
26,Ahmednagar,11,पारनेर,272600110332200000,रुई छत्रपती,ruI ChatrapatI,True
26,Ahmednagar,11,पारनेर,272600110331780000,रेणवडी,reNavaDI,True
26,Ahmednagar,11,पारनेर,272600110331710000,लोणी मावळा,loNI mAvaLA,True
26,Ahmednagar,11,पारनेर,272600110332010000,लोणी हवेली,loNI havelI,True
26,Ahmednagar,11,पारनेर,272600110331420000,वडगांव आमली,vaDagAMva AmalI,True
26,Ahmednagar,11,पारनेर,272600110331840000,वडगांव गुंड,vaDagAMva guMDa,True
26,Ahmednagar,11,पारनेर,272600110331330000,वडगांव दर्या,vaDagAMva daryA,True
26,Ahmednagar,11,पारनेर,272600110331190000,वडगांव सावताळ,vaDagAMva sAvatALa,True
26,Ahmednagar,11,पारनेर,272600110331700000,वडझिरे,vaDajhire,True
26,Ahmednagar,11,पारनेर,272600110331810000,वडनेर बुद्रुक,vaDanera budruka,True
26,Ahmednagar,11,पारनेर,272600110332090000,वडनेर हवेली,vaDanera havelI,True
26,Ahmednagar,11,पारनेर,272600110331600000,वडुले,vaDule,True
26,Ahmednagar,11,पारनेर,272600110331120000,वनकुटे,vanakuTe,True
26,Ahmednagar,11,पारनेर,272600110332050000,वाघुंडे खुर्द,vAghuMDe khurda,True
26,Ahmednagar,11,पारनेर,272600110332060000,वाघुंडे बुद्रुक,vAghuMDe budruka,True
26,Ahmednagar,11,पारनेर,272600110332290000,वाडेगव्हाण,vADegavhANa,True
26,Ahmednagar,11,पारनेर,272600110331060000,वारणवाडी,vAraNavADI,True
26,Ahmednagar,11,पारनेर,272600110332150000,वाळवणे,vALavaNe,True
26,Ahmednagar,11,पारनेर,272600110331200000,वासुंदे,vAsuMde,True
26,Ahmednagar,11,पारनेर,272600110331520000,विरोली,virolI,True
26,Ahmednagar,11,पारनेर,272600110331360000,वेसदरे,vesadare,True
26,Ahmednagar,11,पारनेर,272600110331820000,शिरसुले,shirasule,True
26,Ahmednagar,11,पारनेर,272600110331800000,शिरापूर,shirApUra,True
26,Ahmednagar,11,पारनेर,272600110331740000,शेरी कासारे,sherI kAsAre,True
26,Ahmednagar,11,पारनेर,272600110331680000,शेरी कोलदरा,sherI koladarA,True
26,Ahmednagar,11,पारनेर,272600110332030000,शंहजापूर,shaMhajApUra,True
26,Ahmednagar,11,पारनेर,272600110331450000,सारोळा अडवाई,sAroLA aDavAI,True
26,Ahmednagar,11,पारनेर,272600110331220000,सावरगांव,sAvaragAMva,True
26,Ahmednagar,11,पारनेर,272600110331870000,सांगवी सुर्या,sAMgavI suryA,True
26,Ahmednagar,11,पारनेर,272600110331560000,सिध्देश्वर वाडी,sidhdeshvara vADI,True
26,Ahmednagar,11,पारनेर,272600110332040000,सुपा,supA,True
26,Ahmednagar,11,पारनेर,272600110332070000,सुलतानपुर,sulatAnapura,True
26,Ahmednagar,11,पारनेर,272600110331960000,हकीगतपुर,hakIgatapura,True
26,Ahmednagar,11,पारनेर,272600110331530000,हत्तलखिंडी,hattalakhiMDI,True
26,Ahmednagar,11,पारनेर,272600110331390000,हिवरे कोर्डा,hivare korDA,True
26,Ahmednagar,11,पारनेर,272600110332020000,हंगा,haMgA,True
26,Ahmednagar,07,शेवगाव,272600070327470000,अधोडी,adhoDI,True
26,Ahmednagar,07,शेवगाव,272600070327130000,अमरापुर,amarApura,True
26,Ahmednagar,07,शेवगाव,272600070326890000,अंतरवाली खुर्द ने,aMtaravAlI khurda ne,True
26,Ahmednagar,07,शेवगाव,272600070327500000,अंतरवाली खुर्द शे,aMtaravAlI khurda she,True
26,Ahmednagar,07,शेवगाव,272600070327510000,अंतरवाली बुद्रुक,aMtaravAlI budruka,True
26,Ahmednagar,07,शेवगाव,272600070326480000,अंत्रे,aMtre,True
26,Ahmednagar,07,शेवगाव,272600070326580000,आखतवाडे,AkhatavADe,True
26,Ahmednagar,07,शेवगाव,272600070327180000,आखेगांव तितर्फा,AkhegAMva titarphA,True
26,Ahmednagar,07,शेवगाव,272600070326670000,आपेगांव,ApegAMva,True
26,Ahmednagar,07,शेवगाव,272600070326740000,आव्हाणे खुर्द,AvhANe khurda,True
26,Ahmednagar,07,शेवगाव,272600070326710000,आव्हाणे बुद्रुक,AvhANe budruka,True
26,Ahmednagar,07,शेवगाव,272600070326860000,एरंडगांव,eraMDagAMva,True
26,Ahmednagar,07,शेवगाव,272600070326840000,कर्जत खुर्द,karjata khurda,True
26,Ahmednagar,07,शेवगाव,272600070326880000,कऱ्हेटाकळी,kaRheTAkaLI,True
26,Ahmednagar,07,शेवगाव,272600070327270000,कांबी,kAMbI,True
26,Ahmednagar,07,शेवगाव,272600070327210000,कुरुडगांव,kuruDagAMva,True
26,Ahmednagar,07,शेवगाव,272600070327540000,कोनोशी,konoshI,True
26,Ahmednagar,07,शेवगाव,272600070327040000,कोळगांव,koLagAMva,True
26,Ahmednagar,07,शेवगाव,272600070327240000,खडके,khaDake,True
26,Ahmednagar,07,शेवगाव,272600070327150000,खरडगांव,kharaDagAMva,True
26,Ahmednagar,07,शेवगाव,272600070326870000,खानापुर,khAnApura,True
26,Ahmednagar,07,शेवगाव,272600070326550000,खामगांव,khAmagAMva,True
26,Ahmednagar,07,शेवगाव,272600070327300000,खामपिंप्री,khAmapiMprI,True
26,Ahmednagar,07,शेवगाव,272600070326960000,खुंटेफळ,khuMTephaLa,True
26,Ahmednagar,07,शेवगाव,272600070327220000,गदेवाडी,gadevADI,True
26,Ahmednagar,07,शेवगाव,272600070326650000,गरडवाडी,garaDavADI,True
26,Ahmednagar,07,शेवगाव,272600070327400000,गायकवाड जळगांव,gAyakavADa jaLagAMva,True
26,Ahmednagar,07,शेवगाव,272600070327560000,गोळेगांव,goLegAMva,True
26,Ahmednagar,07,शेवगाव,272600070326800000,घेवरी,ghevarI,True
26,Ahmednagar,07,शेवगाव,272600070326900000,घोटण,ghoTaNa,True
26,Ahmednagar,07,शेवगाव,272600070327320000,चापडगांव,chApaDagAMva,True
26,Ahmednagar,07,शेवगाव,272600070327370000,चेडे चांदगांव,cheDe chAMdagAMva,True
26,Ahmednagar,07,शेवगाव,272600070326560000,जोहरापुर,joharApura,True
26,Ahmednagar,07,शेवगाव,272600070327060000,ठाकुर निमगांव,ThAkura nimagAMva,True
26,Ahmednagar,07,शेवगाव,272600070327350000,ठाकुर पिंपळगांव,ThAkura piMpaLagAMva,True
26,Ahmednagar,07,शेवगाव,272600070327160000,डोंगर आखेगांव,DoMgara AkhegAMva,True
26,Ahmednagar,07,शेवगाव,272600070326660000,ढोरजळगांव ने,DhorajaLagAMva ne,True
26,Ahmednagar,07,शेवगाव,272600070326590000,ढोरजळगांव शे.,DhorajaLagAMva she.,True
26,Ahmednagar,07,शेवगाव,272600070326490000,ढोरसडे,DhorasaDe,True
26,Ahmednagar,07,शेवगाव,272600070326830000,ढोरहिंगणी,DhorahiMgaNI,True
26,Ahmednagar,07,शेवगाव,272600070326910000,तळणी,taLaNI,True
26,Ahmednagar,07,शेवगाव,272600070326940000,ताजनापुर,tAjanApura,True
26,Ahmednagar,07,शेवगाव,272600070327200000,थाटे,thATe,True
26,Ahmednagar,07,शेवगाव,272600070326760000,दहिगांव ने,dahigAMva ne,True
26,Ahmednagar,07,शेवगाव,272600070327230000,दहिगांव शे,dahigAMva she,True
26,Ahmednagar,07,शेवगाव,272600070326850000,दहिफळ,dahiphaLa,True
26,Ahmednagar,07,शेवगाव,272600070326950000,दादेगांव,dAdegAMva,True
26,Ahmednagar,07,शेवगाव,272600070327460000,दिवटे,divaTe,True
26,Ahmednagar,07,शेवगाव,272600070326510000,देवटाकळी,devaTAkaLI,True
26,Ahmednagar,07,शेवगाव,272600070326770000,देवळाणे,devaLANe,True
26,Ahmednagar,07,शेवगाव,272600070326980000,नजिक बाभुळगांव,najika bAbhuLagAMva,True
26,Ahmednagar,07,शेवगाव,272600070327550000,नागलवाडी,nAgalavADI,True
26,Ahmednagar,07,शेवगाव,272600070326600000,नांदुरविहीरे,nAMduravihIre,True
26,Ahmednagar,07,शेवगाव,272600070326610000,निंबे,niMbe,True
26,Ahmednagar,07,शेवगाव,272600070327290000,पिंगेवाडी,piMgevADI,True
26,Ahmednagar,07,शेवगाव,272600070327310000,प्रभुवाडगांव,prabhuvADagAMva,True
26,Ahmednagar,07,शेवगाव,272600070326520000,बक्तरपुर,baktarapura,True
26,Ahmednagar,07,शेवगाव,272600070326720000,बऱ्हाणपुर,baRhANapura,True
26,Ahmednagar,07,शेवगाव,272600070327440000,बाडगव्हाण,bADagavhANa,True
26,Ahmednagar,07,शेवगाव,272600070327390000,बालमटाकळी,bAlamaTAkaLI,True
26,Ahmednagar,07,शेवगाव,272600070327360000,बेलगांव,belagAMva,True
26,Ahmednagar,07,शेवगाव,272600070326930000,बोडखे,boDakhe,True
26,Ahmednagar,07,शेवगाव,272600070327380000,बोधेगांव,bodhegAMva,True
26,Ahmednagar,07,शेवगाव,272600070327100000,भगुर,bhagura,True
26,Ahmednagar,07,शेवगाव,272600070326540000,भातकुडगांव,bhAtakuDagAMva,True
26,Ahmednagar,07,शेवगाव,272600070326530000,भायगांव,bhAyagAMva,True
26,Ahmednagar,07,शेवगाव,272600070326820000,भाविनीमगांव,bhAvinImagAMva,True
26,Ahmednagar,07,शेवगाव,272600070326460000,मजलेशहर,majaleshahara,True
26,Ahmednagar,07,शेवगाव,272600070327250000,मडके,maDake,True
26,Ahmednagar,07,शेवगाव,272600070326640000,मलकापुर,malakApura,True
26,Ahmednagar,07,शेवगाव,272600070326680000,मळेगांव,maLegAMva,True
26,Ahmednagar,07,शेवगाव,272600070327070000,माळेगांव ने,mALegAMva ne,True
26,Ahmednagar,07,शेवगाव,272600070327430000,मुरमी,muramI,True
26,Ahmednagar,07,शेवगाव,272600070327170000,मुर्शतपुर,murshatapura,True
26,Ahmednagar,07,शेवगाव,272600070327260000,मुंगी,muMgI,True
26,Ahmednagar,07,शेवगाव,272600070327020000,मंगरुळ खुर्द,maMgaruLa khurda,True
26,Ahmednagar,07,शेवगाव,272600070327030000,मंगरुळ बुद्रुक,maMgaruLa budruka,True
26,Ahmednagar,07,शेवगाव,272600070326990000,राक्षी,rAkShI,True
26,Ahmednagar,07,शेवगाव,272600070327530000,राणेगांव,rANegAMva,True
26,Ahmednagar,07,शेवगाव,272600070326920000,रावतळे,rAvataLe,True
26,Ahmednagar,07,शेवगाव,272600070326750000,रांजणी,rAMjaNI,True
26,Ahmednagar,07,शेवगाव,272600070327330000,लखमापुरी,lakhamApurI,True
26,Ahmednagar,07,शेवगाव,272600070326790000,लाखेफळ,lAkhephaLa,True
26,Ahmednagar,07,शेवगाव,272600070327450000,लाडजळगांव,lADajaLagAMva,True
26,Ahmednagar,07,शेवगाव,272600070326570000,लोळेगांव,loLegAMva,True
26,Ahmednagar,07,शेवगाव,272600070326630000,वडुले खुर्द,vaDule khurda,True
26,Ahmednagar,07,शेवगाव,272600070326700000,वडुले बुद्रुक,vaDule budruka,True
26,Ahmednagar,07,शेवगाव,272600070327010000,वरखेड,varakheDa,True
26,Ahmednagar,07,शेवगाव,272600070327090000,वरुर खुर्द,varura khurda,True
26,Ahmednagar,07,शेवगाव,272600070327140000,वरुर बुद्रुक,varura budruka,True
26,Ahmednagar,07,शेवगाव,272600070326620000,वाघोली,vAgholI,True
26,Ahmednagar,07,शेवगाव,272600070327190000,वाडगांव,vADagAMva,True
26,Ahmednagar,07,शेवगाव,272600070326780000,विजयपुर,vijayapura,True
26,Ahmednagar,07,शेवगाव,272600070326470000,शहरटाकळी,shaharaTAkaLI,True
26,Ahmednagar,07,शेवगाव,272600070327120000,शहाजापुर,shahAjApura,True
26,Ahmednagar,07,शेवगाव,272600070326730000,शहापुर,shahApura,True
26,Ahmednagar,07,शेवगाव,272600070327520000,शिंगोरी,shiMgorI,True
26,Ahmednagar,07,शेवगाव,272600070327570000,शेकटे खुर्द,shekaTe khurda,True
26,Ahmednagar,07,शेवगाव,272600070327420000,शेकटे बुद्रुक,shekaTe budruka,True
26,Ahmednagar,07,शेवगाव,272600070326970000,शेवगांव,shevagAMva,True
26,Ahmednagar,07,शेवगाव,272600070327480000,शोभानगर,shobhAnagara,True
26,Ahmednagar,07,शेवगाव,272600070326690000,सामनगांव,sAmanagAMva,True
26,Ahmednagar,07,शेवगाव,272600070327080000,सालवडगांव,sAlavaDagAMva,True
26,Ahmednagar,07,शेवगाव,272600070327410000,सुकळी,sukaLI,True
26,Ahmednagar,07,शेवगाव,272600070326810000,सुलतानपुर बुद्रुक,sulatAnapura budruka,True
26,Ahmednagar,07,शेवगाव,272600070327110000,सुलतानपूर खुर्द,sulatAnapUra khurda,True
26,Ahmednagar,07,शेवगाव,272600070327490000,सुळे पिंपळगांव,suLe piMpaLagAMva,True
26,Ahmednagar,07,शेवगाव,272600070327550001,सेवानगर,sevAnagara,True
26,Ahmednagar,07,शेवगाव,272600070327340000,सोनविहिर,sonavihira,True
26,Ahmednagar,07,शेवगाव,272600070327000000,सोनेसांगवी,sonesAMgavI,True
26,Ahmednagar,07,शेवगाव,272600070327050000,हसनापुर,hasanApura,True
26,Ahmednagar,07,शेवगाव,272600070327280000,हातगांव,hAtagAMva,True
26,Ahmednagar,07,शेवगाव,272600070326500000,हिंगनगांव ने,hiMganagAMva ne,True
26,Ahmednagar,12,श्रीगोंदा,272600120333420000,अजनुज,ajanuja,True
26,Ahmednagar,12,श्रीगोंदा,272600120333100000,अधोरेवाडी,adhorevADI,True
26,Ahmednagar,12,श्रीगोंदा,272600120333450000,अनगरे,anagare,True
26,Ahmednagar,12,श्रीगोंदा,272600120332440000,अरणगाव दुमाला,araNagAva dumAlA,True
26,Ahmednagar,12,श्रीगोंदा,272600120332990000,आढळगाव,ADhaLagAva,True
26,Ahmednagar,12,श्रीगोंदा,272600120333430000,आनंदवाडी,AnaMdavADI,True
26,Ahmednagar,12,श्रीगोंदा,272600120333440000,आर्वी,ArvI,True
26,Ahmednagar,12,श्रीगोंदा,272600120332520000,उक्कडगांव,ukkaDagAMva,True
26,Ahmednagar,12,श्रीगोंदा,272600120332390000,उख्खलगांव,ukhkhalagAMva,True
26,Ahmednagar,12,श्रीगोंदा,272600120332530000,एरंडोली,eraMDolI,True
26,Ahmednagar,12,श्रीगोंदा,272600120333150000,कणसेवाडी,kaNasevADI,True
26,Ahmednagar,12,श्रीगोंदा,272600120332740000,कामठी,kAmaThI,True
26,Ahmednagar,12,श्रीगोंदा,272600120333360000,काष्टी,kAShTI,True
26,Ahmednagar,12,श्रीगोंदा,272600120333020000,कोकणगाव,kokaNagAva,True
26,Ahmednagar,12,श्रीगोंदा,272600120332710000,कोथुळ,kothuLa,True
26,Ahmednagar,12,श्रीगोंदा,272600120332370000,कोरेगव्हाण,koregavhANa,True
26,Ahmednagar,12,श्रीगोंदा,272600120332650000,कोरेगांव,koregAMva,True
26,Ahmednagar,12,श्रीगोंदा,272600120332700000,कोळगांव,koLagAMva,True
26,Ahmednagar,12,श्रीगोंदा,272600120332960000,कोसेगव्हाण,kosegavhANa,True
26,Ahmednagar,12,श्रीगोंदा,272600120332430000,कोंडेगव्हाण,koMDegavhANa,True
26,Ahmednagar,12,श्रीगोंदा,272600120333410000,कौठे,kauThe,True
26,Ahmednagar,12,श्रीगोंदा,272600120332550000,खरातवाडी,kharAtavADI,True
26,Ahmednagar,12,श्रीगोंदा,272600120332840000,खांडगांव,khAMDagAMva,True
26,Ahmednagar,12,श्रीगोंदा,272600120332880000,खेतमाळीसवाडी,khetamALIsavADI,True
26,Ahmednagar,12,श्रीगोंदा,272600120332980000,गव्हाणेवाडी (आढळगांव),gavhANevADI (ADhaLagAMva),True
26,Ahmednagar,12,श्रीगोंदा,272600120332330000,गव्हाणेवाडी (हिंगणी दुमाला),gavhANevADI (hiMgaNI dumAlA),True
26,Ahmednagar,12,श्रीगोंदा,272600120333390000,गार,gAra,True
26,Ahmednagar,12,श्रीगोंदा,272600120333220000,घारगाव,ghAragAva,True
26,Ahmednagar,12,श्रीगोंदा,272600120332920000,घुगलवडगाव,ghugalavaDagAva,True
26,Ahmednagar,12,श्रीगोंदा,272600120332630000,घुटेवाडी,ghuTevADI,True
26,Ahmednagar,12,श्रीगोंदा,272600120332800000,घोगरगांव,ghogaragAMva,True
26,Ahmednagar,12,श्रीगोंदा,272600120333230000,घोटवी,ghoTavI,True
26,Ahmednagar,12,श्रीगोंदा,272600120333040000,घोडेगांव,ghoDegAMva,True
26,Ahmednagar,12,श्रीगोंदा,272600120332780000,चवरसांगवी,chavarasAMgavI,True
26,Ahmednagar,12,श्रीगोंदा,272600120333070000,चांडगाव,chAMDagAva,True
26,Ahmednagar,12,श्रीगोंदा,272600120332380000,चांभुर्डी,chAMbhurDI,True
26,Ahmednagar,12,श्रीगोंदा,272600120333140000,चिखलठाणवाडी,chikhalaThANavADI,True
26,Ahmednagar,12,श्रीगोंदा,272600120332640000,चिखली,chikhalI,True
26,Ahmednagar,12,श्रीगोंदा,272600120333190000,चिंभळे,chiMbhaLe,True
26,Ahmednagar,12,श्रीगोंदा,272600120333330000,चोरमलेवाडी,choramalevADI,True
26,Ahmednagar,12,श्रीगोंदा,272600120333110000,चोराचीवाडी,chorAchIvADI,True
26,Ahmednagar,12,श्रीगोंदा,272600120333350001,जोशीवस्ती,joshIvastI,True
26,Ahmednagar,12,श्रीगोंदा,272600120333340000,जंगलेवाडी,jaMgalevADI,True
26,Ahmednagar,12,श्रीगोंदा,272600120333080000,टाकळी कडेवळीत,TAkaLI kaDevaLIta,True
26,Ahmednagar,12,श्रीगोंदा,272600120332940000,टाकळी लोणार,TAkaLI loNAra,True
26,Ahmednagar,12,श्रीगोंदा,272600120333000000,डोकेवाडी,DokevADI,True
26,Ahmednagar,12,श्रीगोंदा,272600120333320000,डोमाळेवाडी,DomALevADI,True
26,Ahmednagar,12,श्रीगोंदा,272600120332450000,ढवळगाव,DhavaLagAva,True
26,Ahmednagar,12,श्रीगोंदा,272600120333310000,ढोकराई माळ,DhokarAI mALa,True
26,Ahmednagar,12,श्रीगोंदा,272600120332720000,ढोरजे,Dhoraje,True
26,Ahmednagar,12,श्रीगोंदा,272600120332770000,तरडगव्हाण,taraDagavhANa,True
26,Ahmednagar,12,श्रीगोंदा,272600120332970000,तांदळी दुमाला,tAMdaLI dumAlA,True
26,Ahmednagar,12,श्रीगोंदा,272600120332790000,थिटे सांगवी,thiTe sAMgavI,True
26,Ahmednagar,12,श्रीगोंदा,272600120332470000,दाणेवाडी,dANevADI,True
26,Ahmednagar,12,श्रीगोंदा,272600120332930000,देऊळगाव,deULagAva,True
26,Ahmednagar,12,श्रीगोंदा,272600120332340000,देवदैठण,devadaiThaNa,True
26,Ahmednagar,12,श्रीगोंदा,272600120333380000,निमगांव खलू,nimagAMva khalU,True
26,Ahmednagar,12,श्रीगोंदा,272600120332420000,निंबवी,niMbavI,True
26,Ahmednagar,12,श्रीगोंदा,272600120332870000,पारगाव सुद्रीक,pAragAva sudrIka,True
26,Ahmednagar,12,श्रीगोंदा,272600120333200000,पार्वतवाडी,pArvatavADI,True
26,Ahmednagar,12,श्रीगोंदा,272600120332670000,पांढरेवाडी,pAMDharevADI,True
26,Ahmednagar,12,श्रीगोंदा,272600120332850000,पिसोरेखांड,pisorekhAMDa,True
26,Ahmednagar,12,श्रीगोंदा,272600120332610000,पिसोरे बुद्रुक,pisore budruka,True
26,Ahmednagar,12,श्रीगोंदा,272600120332540000,पिंपळगांव पिसा,piMpaLagAMva pisA,True
26,Ahmednagar,12,श्रीगोंदा,272600120332510000,पिंप्रीकोलंदर,piMprIkolaMdara,True
26,Ahmednagar,12,श्रीगोंदा,272600120333160000,पेडगांव,peDagAMva,True
26,Ahmednagar,12,श्रीगोंदा,272600120332570000,पोलिसवाडी,polisavADI,True
26,Ahmednagar,12,श्रीगोंदा,272600120332760000,बनपिंप्री,banapiMprI,True
26,Ahmednagar,12,श्रीगोंदा,272600120333260000,बाबुर्डी,bAburDI,True
26,Ahmednagar,12,श्रीगोंदा,272600120332820000,बांगर्डे,bAMgarDe,True
26,Ahmednagar,12,श्रीगोंदा,272600120332910000,बेलवंडी कोठार,belavaMDI koThAra,True
26,Ahmednagar,12,श्रीगोंदा,272600120332560000,बेलवंडी बुद्रुक,belavaMDI budruka,True
26,Ahmednagar,12,श्रीगोंदा,272600120333170000,बोरी,borI,True
26,Ahmednagar,12,श्रीगोंदा,272600120332860000,भानगांव,bhAnagAMva,True
26,Ahmednagar,12,श्रीगोंदा,272600120332690000,भापकरवाडी,bhApakaravADI,True
26,Ahmednagar,12,श्रीगोंदा,272600120333010000,भावडी,bhAvaDI,True
26,Ahmednagar,12,श्रीगोंदा,272600120333060000,भिंगाण खालसा,bhiMgANa khAlasA,True
26,Ahmednagar,12,श्रीगोंदा,272600120333050000,भिंगाण दुमाला,bhiMgANa dumAlA,True
26,Ahmednagar,12,श्रीगोंदा,272600120333280000,मढेवडगांव,maDhevaDagAMva,True
26,Ahmednagar,12,श्रीगोंदा,272600120332950000,महादेववाडी (टाकळी लोणार खालची),mahAdevavADI (TAkaLI loNAra khAlachI),True
26,Ahmednagar,12,श्रीगोंदा,272600120333210000,महादेववाडी (लोणी खालची),mahAdevavADI (loNI khAlachI),True
26,Ahmednagar,12,श्रीगोंदा,272600120332830000,महांडुळवाडी,mahAMDuLavADI,True
26,Ahmednagar,12,श्रीगोंदा,272600120332480000,माठ,mATha,True
26,Ahmednagar,12,श्रीगोंदा,272600120333290000,मासाळवाडी,mAsALavADI,True
26,Ahmednagar,12,श्रीगोंदा,272600120332750000,मांडवगण,mAMDavagaNa,True
26,Ahmednagar,12,श्रीगोंदा,272600120332400000,मुंगूसगांव,muMgUsagAMva,True
26,Ahmednagar,12,श्रीगोंदा,272600120333130000,मुंढेकरवाडी,muMDhekaravADI,True
26,Ahmednagar,12,श्रीगोंदा,272600120332490000,मेंगलवाडी,meMgalavADI,True
26,Ahmednagar,12,श्रीगोंदा,272600120332580000,म्हसे,mhase,True
26,Ahmednagar,12,श्रीगोंदा,272600120333270000,म्हातारपिंप्री,mhAtArapiMprI,True
26,Ahmednagar,12,श्रीगोंदा,272600120332600000,येळपणे,yeLapaNe,True
26,Ahmednagar,12,श्रीगोंदा,272600120332350000,येवती,yevatI,True
26,Ahmednagar,12,श्रीगोंदा,272600120332460000,राजापूर,rAjApUra,True
26,Ahmednagar,12,श्रीगोंदा,272600120332500000,रायगव्हाण,rAyagavhANa,True
26,Ahmednagar,12,श्रीगोंदा,272600120332810000,रुईखेल,ruIkhela,True
26,Ahmednagar,12,श्रीगोंदा,272600120332680000,लगडवाडी,lagaDavADI,True
26,Ahmednagar,12,श्रीगोंदा,272600120333350000,लिंपणगाव,liMpaNagAva,True
26,Ahmednagar,12,श्रीगोंदा,272600120333240000,लोणी व्यंकनाथ,loNI vyaMkanAtha,True
26,Ahmednagar,12,श्रीगोंदा,272600120332590000,वडगांव शिंदोडी,vaDagAMva shiMdoDI,True
26,Ahmednagar,12,श्रीगोंदा,272600120332730000,वडघुल,vaDaghula,True
26,Ahmednagar,12,श्रीगोंदा,272600120332900000,वडाळी,vaDALI,True
26,Ahmednagar,12,श्रीगोंदा,272600120333300000,वांगदरी,vAMgadarI,True
26,Ahmednagar,12,श्रीगोंदा,272600120332410000,विसापूर,visApUra,True
26,Ahmednagar,12,श्रीगोंदा,272600120332660000,वेठेकरवाडी,veThekaravADI,True
26,Ahmednagar,12,श्रीगोंदा,272600120333120000,वेळू,veLU,True
26,Ahmednagar,12,श्रीगोंदा,272600120333400000,शिपलकरवाडी,shipalakaravADI,True
26,Ahmednagar,12,श्रीगोंदा,272600120333250000,शिरसगांव बोडखा,shirasagAMva boDakhA,True
26,Ahmednagar,12,श्रीगोंदा,272600120333090000,शेडगांव,sheDagAMva,True
26,Ahmednagar,12,श्रीगोंदा,272600124261700000,श्रीगोंदा,shrIgoMdA,True
26,Ahmednagar,12,श्रीगोंदा,272600120332360000,सारोळा सोमवंशी,sAroLA somavaMshI,True
26,Ahmednagar,12,श्रीगोंदा,272600120333370000,सांगवी दुमाला,sAMgavI dumAlA,True
26,Ahmednagar,12,श्रीगोंदा,272600120332620000,सुरेगांव,suregAMva,True
26,Ahmednagar,12,श्रीगोंदा,272600120332890000,सुरोडी,suroDI,True
26,Ahmednagar,12,श्रीगोंदा,272600120333030000,हिरडगाव,hiraDagAva,True
26,Ahmednagar,12,श्रीगोंदा,272600120332320000,हिंगणी दुमाला,hiMgaNI dumAlA,True
26,Ahmednagar,12,श्रीगोंदा,272600120333180000,हंगेवाडी,haMgevADI,True
26,Ahmednagar,05,श्रीरामपुर,272600050324860000,उक्कलगांव,ukkalagAMva,True
26,Ahmednagar,05,श्रीरामपुर,272600050324750000,उंदिरगांव,uMdiragAMva,True
26,Ahmednagar,05,श्रीरामपुर,272600050324930000,उंबरगांव,uMbaragAMva,True
26,Ahmednagar,05,श्रीरामपुर,272600050324870000,एकलहरे,ekalahare,True
26,Ahmednagar,05,श्रीरामपुर,272600050324910000,ऐनतपूर,ainatapUra,True
26,Ahmednagar,05,श्रीरामपुर,272600050324800000,कडीत खुर्द,kaDIta khurda,True
26,Ahmednagar,05,श्रीरामपुर,272600050324810000,कडीत बुद्रुक,kaDIta budruka,True
26,Ahmednagar,05,श्रीरामपुर,272600050324970000,कमालपूर,kamAlapUra,True
26,Ahmednagar,05,श्रीरामपुर,272600050325090000,कान्हेगांव,kAnhegAMva,True
26,Ahmednagar,05,श्रीरामपुर,272600050325070000,कारेगांव,kAregAMva,True
26,Ahmednagar,05,श्रीरामपुर,272600050324840000,कुरणपूर,kuraNapUra,True
26,Ahmednagar,05,श्रीरामपुर,272600050324950000,खानापूर,khAnApUra,True
26,Ahmednagar,05,श्रीरामपुर,272600050325160000,खिर्डी,khirDI,True
26,Ahmednagar,05,श्रीरामपुर,272600050325040000,खोकर,khokara,True
26,Ahmednagar,05,श्रीरामपुर,272600050324740000,खंडाळा,khaMDALA,True
26,Ahmednagar,05,श्रीरामपुर,272600050324850000,गळनिंब,gaLaniMba,True
26,Ahmednagar,05,श्रीरामपुर,272600050325150000,गुजरवाडी,gujaravADI,True
26,Ahmednagar,05,श्रीरामपुर,272600050324680000,गोवर्धनपूर,govardhanapUra,True
26,Ahmednagar,05,श्रीरामपुर,272600050324710000,गोंडेगांव,goMDegAMva,True
26,Ahmednagar,05,श्रीरामपुर,272600050324980000,घुमनदेव,ghumanadeva,True
26,Ahmednagar,05,श्रीरामपुर,272600050324650000,जाफराबाद,jApharAbAda,True
26,Ahmednagar,05,श्रीरामपुर,272600050325030000,टाकळीभान,TAkaLIbhAna,True
26,Ahmednagar,05,श्रीरामपुर,272600050426080002,दत्तनगर,dattanagara,True
26,Ahmednagar,05,श्रीरामपुर,272600050324730000,दिघी,dighI,True
26,Ahmednagar,05,श्रीरामपुर,272600050324890000,नर्सरी,narsarI,True
26,Ahmednagar,05,श्रीरामपुर,272600050324660000,नाऊर,nAUra,True
26,Ahmednagar,05,श्रीरामपुर,272600050324640000,नायगांव,nAyagAMva,True
26,Ahmednagar,05,श्रीरामपुर,272600050325050000,निपाणीवडगांव,nipANIvaDagAMva,True
26,Ahmednagar,05,श्रीरामपुर,272600050324720000,निमगांवखैरी,nimagAMvakhairI,True
26,Ahmednagar,05,श्रीरामपुर,272600050325080000,पढेगांव,paDhegAMva,True
26,Ahmednagar,05,श्रीरामपुर,272600050324830000,फत्याबाद,phatyAbAda,True
26,Ahmednagar,05,श्रीरामपुर,272600050324880000,बेलापूर खुर्द,belApUra khurda,True
26,Ahmednagar,05,श्रीरामपुर,272600050324900000,बेलापूर बुद्रुक,belApUra budruka,True
26,Ahmednagar,05,श्रीरामपुर,272600050324780000,ब्राम्हणगांव वेताळ,brAmhaNagAMva vetALa,True
26,Ahmednagar,05,श्रीरामपुर,272600050324960000,भामाठाण,bhAmAThANa,True
26,Ahmednagar,05,श्रीरामपुर,272600050325120000,भेर्डापूर,bherDApUra,True
26,Ahmednagar,05,श्रीरामपुर,272600050426080001,भैरवनाथनगर,bhairavanAthanagara,True
26,Ahmednagar,05,श्रीरामपुर,272600050325020000,भोकर,bhokara,True
26,Ahmednagar,05,श्रीरामपुर,272600050324940000,महांकाळवडगांव,mahAMkALavaDagAMva,True
26,Ahmednagar,05,श्रीरामपुर,272600050325060000,मातापूर,mAtApUra,True
26,Ahmednagar,05,श्रीरामपुर,272600050324630000,मातुलठाण,mAtulaThANa,True
26,Ahmednagar,05,श्रीरामपुर,272600050325110000,मालुंजा बुद्रुक,mAluMjA budruka,True
26,Ahmednagar,05,श्रीरामपुर,272600050324990000,माळवडगांव,mALavaDagAMva,True
26,Ahmednagar,05,श्रीरामपुर,272600050324700000,माळेवाडी,mALevADI,True
26,Ahmednagar,05,श्रीरामपुर,272600050324820000,मांडवे,mAMDave,True
26,Ahmednagar,05,श्रीरामपुर,272600050325000000,मुठेवडगांव,muThevaDagAMva,True
26,Ahmednagar,05,श्रीरामपुर,272600050324670000,रामपूर,rAmapUra,True
26,Ahmednagar,05,श्रीरामपुर,272600050325100000,लाडगांव,lADagAMva,True
26,Ahmednagar,05,श्रीरामपुर,272600050325010000,वडाळामहादेव,vaDALAmahAdeva,True
26,Ahmednagar,05,श्रीरामपुर,272600050324920000,वळदगांव,vaLadagAMva,True
26,Ahmednagar,05,श्रीरामपुर,272600050325140000,वांगी खुर्द,vAMgI khurda,True
26,Ahmednagar,05,श्रीरामपुर,272600050325130000,वांगी बुद्रुक,vAMgI budruka,True
26,Ahmednagar,05,श्रीरामपुर,272600050324790000,शिरसगांव,shirasagAMva,True
26,Ahmednagar,05,श्रीरामपुर,272600050426080000,श्रीरामपूर ग्रा.,shrIrAmapUra grA.,True
26,Ahmednagar,05,श्रीरामपुर,272600050324690000,सराला,sarAlA,True
26,Ahmednagar,05,श्रीरामपुर,272600050324760000,हरेगांव,haregAMva,True
26,Ahmednagar,02,संगमनेर,272600020323150000,अकलापुर,akalApura,True
26,Ahmednagar,02,संगमनेर,272600020321660000,अजमपुर,ajamapura,True
26,Ahmednagar,02,संगमनेर,272600020322710000,अंभोरे,aMbhore,True
26,Ahmednagar,02,संगमनेर,272600020323140000,आभाळवाडी,AbhALavADI,True
26,Ahmednagar,02,संगमनेर,272600020321670000,आरामपुर,ArAmapura,True
26,Ahmednagar,02,संगमनेर,272600020322220000,आश्वी खुर्द,AshvI khurda,True
26,Ahmednagar,02,संगमनेर,272600020322130000,आश्वी बुद्रुक,AshvI budruka,True
26,Ahmednagar,02,संगमनेर,272600020323110000,आंबीखालसा,AMbIkhAlasA,True
26,Ahmednagar,02,संगमनेर,272600020323240000,आंबी दुमाला,AMbI dumAlA,True
26,Ahmednagar,02,संगमनेर,272600020322120000,उंबरी,uMbarI,True
26,Ahmednagar,02,संगमनेर,272600020322060000,ओझर खुर्द,ojhara khurda,True
26,Ahmednagar,02,संगमनेर,272600020322110000,ओझर बुद्रुक,ojhara budruka,True
26,Ahmednagar,02,संगमनेर,272600020322010000,औरंगपुर,auraMgapura,True
26,Ahmednagar,02,संगमनेर,272600020322820000,कणसेवाडी,kaNasevADI,True
26,Ahmednagar,02,संगमनेर,272600020322100000,कनकापूर,kanakApUra,True
26,Ahmednagar,02,संगमनेर,272600020322090000,कनोली,kanolI,True
26,Ahmednagar,02,संगमनेर,272600020321850000,करुले,karule,True
26,Ahmednagar,02,संगमनेर,272600020322750000,कर्जुले पठार,karjule paThAra,True
26,Ahmednagar,02,संगमनेर,272600020321710000,कऱ्हे,kaRhe,True
26,Ahmednagar,02,संगमनेर,272600020321680000,काकडवाडी,kAkaDavADI,True
26,Ahmednagar,02,संगमनेर,272600020322360000,कासारा दुमाला,kAsArA dumAlA,True
26,Ahmednagar,02,संगमनेर,272600020321810000,कासारे,kAsAre,True
26,Ahmednagar,02,संगमनेर,272600020323190000,कुरकुटवाडी,kurakuTavADI,True
26,Ahmednagar,02,संगमनेर,272600020323180000,कुरकुंडी,kurakuMDI,True
26,Ahmednagar,02,संगमनेर,272600020321860000,कुरण,kuraNa,True
26,Ahmednagar,02,संगमनेर,272600020322790000,कुंभारवाडी,kuMbhAravADI,True
26,Ahmednagar,02,संगमनेर,272600020323220000,केळेवाडी,keLevADI,True
26,Ahmednagar,02,संगमनेर,272600020321940000,कोकणगांव,kokaNagAMva,True
26,Ahmednagar,02,संगमनेर,272600020322400000,कोकणेवाडी,kokaNevADI,True
26,Ahmednagar,02,संगमनेर,272600020321980000,कोल्हेवाडी,kolhevADI,True
26,Ahmednagar,02,संगमनेर,272600020322700000,कोळवाडे,koLavADe,True
26,Ahmednagar,02,संगमनेर,272600020321930000,कोंची,koMchI,True
26,Ahmednagar,02,संगमनेर,272600020321840000,कौठे कमळेश्वर,kauThe kamaLeshvara,True
26,Ahmednagar,02,संगमनेर,272600020323050000,कौठे खुर्द,kauThe khurda,True
26,Ahmednagar,02,संगमनेर,272600020322450000,कौठे धांदरफळ,kauThe dhAMdaraphaLa,True
26,Ahmednagar,02,संगमनेर,272600020323060000,कौठे बुद्रुक,kauThe budruka,True
26,Ahmednagar,02,संगमनेर,272600020322840000,कौठे मलकापुर,kauThe malakApura,True
26,Ahmednagar,02,संगमनेर,272600020322990000,कौठेवाडी,kauThevADI,True
26,Ahmednagar,02,संगमनेर,272600020322810000,खरशिंदे,kharashiMde,True
26,Ahmednagar,02,संगमनेर,272600020322610000,खराडी,kharADI,True
26,Ahmednagar,02,संगमनेर,272600020322180000,खळी,khaLI,True
26,Ahmednagar,02,संगमनेर,272600020322310000,खांजापुर,khAMjApura,True
26,Ahmednagar,02,संगमनेर,272600020322350000,खांडगांव,khAMDagAMva,True
26,Ahmednagar,02,संगमनेर,272600020323000000,खांडगेदरा,khAMDagedarA,True
26,Ahmednagar,02,संगमनेर,272600020322830000,खांबे,khAMbe,True
26,Ahmednagar,02,संगमनेर,272600020322940002,खंडेरायवाडी,khaMDerAyavADI,True
26,Ahmednagar,02,संगमनेर,272600020323120000,खंदरमाळवाडी,khaMdaramALavADI,True
26,Ahmednagar,02,संगमनेर,272600020322520000,गाभणवाडी,gAbhaNavADI,True
26,Ahmednagar,02,संगमनेर,272600020322290000,गुंजाळवाडी,guMjALavADI,True
26,Ahmednagar,02,संगमनेर,272600020322740000,गुंजाळवाडी पठार,guMjALavADI paThAra,True
26,Ahmednagar,02,संगमनेर,272600020322440000,गोडसेवाडी,goDasevADI,True
26,Ahmednagar,02,संगमनेर,272600020323170000,घारगांव,ghAragAMva,True
26,Ahmednagar,02,संगमनेर,272600024260100000,घुलेवाडी,ghulevADI,True
26,Ahmednagar,02,संगमनेर,272600020322160000,चणेगांव,chaNegAMva,True
26,Ahmednagar,02,संगमनेर,272600020321730000,चिकणी,chikaNI,True
26,Ahmednagar,02,संगमनेर,272600020322380000,चिखली,chikhalI,True
26,Ahmednagar,02,संगमनेर,272600020322030000,चिंचपूर खुर्द,chiMchapUra khurda,True
26,Ahmednagar,02,संगमनेर,272600020322040000,चिंचपूर बुद्रुक,chiMchapUra budruka,True
26,Ahmednagar,02,संगमनेर,272600020321610000,चिंचोली गुरव,chiMcholI gurava,True
26,Ahmednagar,02,संगमनेर,272600020322800001,चौधरवाडी,chaudharavADI,True
26,Ahmednagar,02,संगमनेर,272600020322510000,चंदनापुरी,chaMdanApurI,True
26,Ahmednagar,02,संगमनेर,272600020322260000,जवळेकडलग,javaLekaDalaga,True
26,Ahmednagar,02,संगमनेर,272600020322980000,जवळे बाळेश्वर,javaLe bALeshvara,True
26,Ahmednagar,02,संगमनेर,272600020322670000,जाखुरी,jAkhurI,True
26,Ahmednagar,02,संगमनेर,272600020322930000,जांबुत खुर्द,jAMbuta khurda,True
26,Ahmednagar,02,संगमनेर,272600020322920000,जांबुत बुद्रुक,jAMbuta budruka,True
26,Ahmednagar,02,संगमनेर,272600020321650000,जुनेगाव,junegAva,True
26,Ahmednagar,02,संगमनेर,272600020322080000,जोर्वे,jorve,True
26,Ahmednagar,02,संगमनेर,272600020322170000,झरेकाठी,jharekAThI,True
26,Ahmednagar,02,संगमनेर,272600020322640000,झोळे,jhoLe,True
26,Ahmednagar,02,संगमनेर,272600020322730000,डिग्रस,Digrasa,True
26,Ahmednagar,02,संगमनेर,272600020322850000,डोळासणे,DoLAsaNe,True
26,Ahmednagar,02,संगमनेर,272600020322300000,ढोलेवाडी,DholevADI,True
26,Ahmednagar,02,संगमनेर,272600020321630000,तळेगांव,taLegAMva,True
26,Ahmednagar,02,संगमनेर,272600020321780000,तिगांव,tigAMva,True
26,Ahmednagar,02,संगमनेर,272600020322780000,दरेवाडी,darevADI,True
26,Ahmednagar,02,संगमनेर,272600020322150000,दाढ खुर्द,dADha khurda,True
26,Ahmednagar,02,संगमनेर,272600020321620000,देवकौठे,devakauThe,True
26,Ahmednagar,02,संगमनेर,272600020322620000,देवगांव,devagAMva,True
26,Ahmednagar,02,संगमनेर,272600020322430000,धांदरफळ खुर्द,dhAMdaraphaLa khurda,True
26,Ahmednagar,02,संगमनेर,272600020322410000,धांदरफळ बुद्रुक,dhAMdaraphaLa budruka,True
26,Ahmednagar,02,संगमनेर,272600020322580000,धुपे,dhupe,True
26,Ahmednagar,02,संगमनेर,272600020321690000,नान्नज दुमाला,nAnnaja dumAlA,True
26,Ahmednagar,02,संगमनेर,272600020323130000,नांदुर खंदरमाळ,nAMdura khaMdaramALa,True
26,Ahmednagar,02,संगमनेर,272600020322490000,नांदुरी दुमाला,nAMdurI dumAlA,True
26,Ahmednagar,02,संगमनेर,272600020322470000,निमगांव खुर्द,nimagAMva khurda,True
26,Ahmednagar,02,संगमनेर,272600020322000000,निमगांवजाळी,nimagAMvajALI,True
26,Ahmednagar,02,संगमनेर,272600020322660000,निमगांव टेंभी,nimagAMva TeMbhI,True
26,Ahmednagar,02,संगमनेर,272600020322480000,निमगांव बुद्रुक,nimagAMva budruka,True
26,Ahmednagar,02,संगमनेर,272600020322270000,निमगांव भोजापूर,nimagAMva bhojApUra,True
26,Ahmednagar,02,संगमनेर,272600020322420000,निमज,nimaja,True
26,Ahmednagar,02,संगमनेर,272600020321580000,निमोण,nimoNa,True
26,Ahmednagar,02,संगमनेर,272600020321880000,निळवंडे,niLavaMDe,True
26,Ahmednagar,02,संगमनेर,272600020321970000,निंबाळे,niMbALe,True
26,Ahmednagar,02,संगमनेर,272600020321570000,पळसखेडे,paLasakheDe,True
26,Ahmednagar,02,संगमनेर,272600020322200000,पानोडी,pAnoDI,True
26,Ahmednagar,02,संगमनेर,272600020321770000,पारेगांव खुर्द,pAregAMva khurda,True
26,Ahmednagar,02,संगमनेर,272600020321600000,पारेगांव बुद्रुक,pAregAMva budruka,True
26,Ahmednagar,02,संगमनेर,272600020322680000,पिंपरणे,piMparaNe,True
26,Ahmednagar,02,संगमनेर,272600020322390000,पिंपळगांव कोंझीरा,piMpaLagAMva koMjhIrA,True
26,Ahmednagar,02,संगमनेर,272600020322940000,पिंपळगांव देपा,piMpaLagAMva depA,True
26,Ahmednagar,02,संगमनेर,272600020322970000,पिंपळगांव माथा,piMpaLagAMva mAthA,True
26,Ahmednagar,02,संगमनेर,272600020321590000,पिंपळे,piMpaLe,True
26,Ahmednagar,02,संगमनेर,272600020322190000,पिंप्री लौकी अजमपुर,piMprI laukI ajamapura,True
26,Ahmednagar,02,संगमनेर,272600020322540000,पेमगिरी,pemagirI,True
26,Ahmednagar,02,संगमनेर,272600020323090000,पेमरेवाडी,pemarevADI,True
26,Ahmednagar,02,संगमनेर,272600020322950000,पोखरी बाळेश्वर,pokharI bALeshvara,True
26,Ahmednagar,02,संगमनेर,272600020321870000,पोखरी हवेली,pokharI havelI,True
26,Ahmednagar,02,संगमनेर,272600020322140000,प्रतापपूर,pratApapUra,True
26,Ahmednagar,02,संगमनेर,272600020322050000,बाळापूर,bALApUra,True
26,Ahmednagar,02,संगमनेर,272600020322760000,बांबळेवाडी,bAMbaLevADI,True
26,Ahmednagar,02,संगमनेर,272600020322890000,बिरेवाडी,birevADI,True
26,Ahmednagar,02,संगमनेर,272600020323200000,बोटा,boTA,True
26,Ahmednagar,02,संगमनेर,272600020323100000,बोरबनवाडी,borabanavADI,True
26,Ahmednagar,02,संगमनेर,272600020323080000,भोजदरी,bhojadarI,True
26,Ahmednagar,02,संगमनेर,272600020321990000,मनोली,manolI,True
26,Ahmednagar,02,संगमनेर,272600020322960000,महालवाडी,mahAlavADI,True
26,Ahmednagar,02,संगमनेर,272600020321750000,मालदाड,mAladADa,True
26,Ahmednagar,02,संगमनेर,272600020322720000,मालुंजे,mAluMje,True
26,Ahmednagar,02,संगमनेर,272600020323230000,माळवाडी,mALavADI,True
26,Ahmednagar,02,संगमनेर,272600020323040000,माळेगांव पठार,mALegAMva paThAra,True
26,Ahmednagar,02,संगमनेर,272600020321890000,माळेगांव हवेली,mALegAMva havelI,True
26,Ahmednagar,02,संगमनेर,272600020321920000,मांची,mAMchI,True
26,Ahmednagar,02,संगमनेर,272600020322910000,मांडवे बुद्रुक,mAMDave budruka,True
26,Ahmednagar,02,संगमनेर,272600020322500000,मिर्झापूर,mirjhApUra,True
26,Ahmednagar,02,संगमनेर,272600020321830000,मीरपूर,mIrapUra,True
26,Ahmednagar,02,संगमनेर,272600020322550000,मेगाळवाडी,megALavADI,True
26,Ahmednagar,02,संगमनेर,272600020321910000,मेंढवण,meMDhavaNa,True
26,Ahmednagar,02,संगमनेर,272600020322940001,मोधाळवाडी,modhALavADI,True
26,Ahmednagar,02,संगमनेर,272600020322370000,मंगळापुर,maMgaLApura,True
26,Ahmednagar,02,संगमनेर,272600020323250000,म्हसवंडी,mhasavaMDI,True
26,Ahmednagar,02,संगमनेर,272600020323210000,येलखोपवाडी,yelakhopavADI,True
26,Ahmednagar,02,संगमनेर,272600020322770000,रणखांबवाडी,raNakhAMbavADI,True
26,Ahmednagar,02,संगमनेर,272600020322070000,रहिमपूर,rahimapUra,True
26,Ahmednagar,02,संगमनेर,274664202557389000,राजापूर,rAjApUra,True
26,Ahmednagar,02,संगमनेर,272600020322590000,रायते,rAyate,True
26,Ahmednagar,02,संगमनेर,272600020322630000,रायतेवाडी,rAyatevADI,True
26,Ahmednagar,02,संगमनेर,272600020321820000,लोहारे,lohAre,True
26,Ahmednagar,02,संगमनेर,272600020321950000,वडगांवपान,vaDagAMvapAna,True
26,Ahmednagar,02,संगमनेर,272600020322250000,वडगांव लांडगा,vaDagAMva lAMDagA,True
26,Ahmednagar,02,संगमनेर,272600020321800000,वडझरी खुर्द,vaDajharI khurda,True
26,Ahmednagar,02,संगमनेर,272600020321790000,वडझरी बुद्रुक,vaDajharI budruka,True
26,Ahmednagar,02,संगमनेर,272600020323070000,वनकुटे,vanakuTe,True
26,Ahmednagar,02,संगमनेर,272600020322800000,वरवंडी,varavaMDI,True
26,Ahmednagar,02,संगमनेर,272600020323020000,वरुडी पठार,varuDI paThAra,True
26,Ahmednagar,02,संगमनेर,272600020322600000,वाघापूर,vAghApUra,True
26,Ahmednagar,02,संगमनेर,272600020321740000,वेल्हाळे,velhALe,True
26,Ahmednagar,02,संगमनेर,272600020322340000,वैदुवाडी,vaiduvADI,True
26,Ahmednagar,02,संगमनेर,272600020322210000,शिबलापूर,shibalApUra,True
26,Ahmednagar,02,संगमनेर,272600020322570000,शिरसगाव,shirasagAva,True
26,Ahmednagar,02,संगमनेर,272600020322690000,शिरापुर,shirApura,True
26,Ahmednagar,02,संगमनेर,272600020321900000,शिवापूर,shivApUra,True
26,Ahmednagar,02,संगमनेर,272600020322900000,शिंदोडी,shiMdoDI,True
26,Ahmednagar,02,संगमनेर,272600020322230000,शेडगांव,sheDagAMva,True
26,Ahmednagar,02,संगमनेर,272600020323160000,शेळकेवाडी,sheLakevADI,True
26,Ahmednagar,02,संगमनेर,272600020322860000,शेंडेवाडी,sheMDevADI,True
26,Ahmednagar,02,संगमनेर,272600020321960000,समनापूर,samanApUra,True
26,Ahmednagar,02,संगमनेर,272600020322880000,साकूर,sAkUra,True
26,Ahmednagar,02,संगमनेर,272600020322020000,सादतपूर,sAdatapUra,True
26,Ahmednagar,02,संगमनेर,272600020321720000,सायखिंडी,sAyakhiMDI,True
26,Ahmednagar,02,संगमनेर,272600020323030000,सारोळे पठार,sAroLe paThAra,True
26,Ahmednagar,02,संगमनेर,272600020323010000,सावरगांव घुले,sAvaragAMva ghule,True
26,Ahmednagar,02,संगमनेर,272600020322530000,सावरगांव तळ,sAvaragAMva taLa,True
26,Ahmednagar,02,संगमनेर,272600020322560000,सावरचोळ,sAvarachoLa,True
26,Ahmednagar,02,संगमनेर,272600020322460000,सांगवी,sAMgavI,True
26,Ahmednagar,02,संगमनेर,272600020322320000,सुकेवाडी,sukevADI,True
26,Ahmednagar,02,संगमनेर,272600020321700000,सोनेवाडी,sonevADI,True
26,Ahmednagar,02,संगमनेर,272600020321760000,सोनोशी,sonoshI,True
26,Ahmednagar,02,संगमनेर,272600020322330000,संगमनेर खुर्द,saMgamanera khurda,True
26,Ahmednagar,02,संगमनेर,272600024260200000,संगमनेर बुद्रुक,saMgamanera budruka,True
26,Ahmednagar,02,संगमनेर,272600020321640000,हसनाबाद,hasanAbAda,True
26,Ahmednagar,02,संगमनेर,272600020322870000,हिवरगांव पठार,hivaragAMva paThAra,True
26,Ahmednagar,02,संगमनेर,272600020322650000,हिवरगांव पावसा,hivaragAMva pAvasA,True
26,Ahmednagar,02,संगमनेर,272600020322240000,हंगेवाडी,haMgevADI,True
05,Akola,01,तेल्हारा,000000000000000504,Akola,Akola,True
05,Akola,01,तेल्हारा,000000000000000502,Akot,Akot,True
05,Akola,01,तेल्हारा,000000000000000503,Balapur,Balapur,True
05,Akola,01,तेल्हारा,000000000000000505,Murtizapur,Murtizapur,True
05,Akola,01,तेल्हारा,270500010046290000,अटकळी,aTakaLI,True
05,Akola,01,तेल्हारा,270500010046170000,अडगांव बु.,aDagAMva bu.,True
05,Akola,01,तेल्हारा,270500010046220000,आकोलीरूपराव,AkolIrUparAva,True
05,Akola,01,तेल्हारा,270500010046730000,आडसुळ,ADasuLa,True
05,Akola,01,तेल्हारा,270500010046500000,इसापुर,isApura,True
05,Akola,01,तेल्हारा,270500010046620000,उबारखेड,ubArakheDa,True
05,Akola,01,तेल्हारा,270500010045840000,उमरशेवडी,umarashevaDI,True
05,Akola,01,तेल्हारा,270500010046780000,उमरी,umarI,True
05,Akola,01,तेल्हारा,270500010046530000,ऊकळीबाजार,UkaLIbAjAra,True
05,Akola,01,तेल्हारा,270500010046080000,कऱ्ही प्र. अडगांव,kaRhI pra. aDagAMva,True
05,Akola,01,तेल्हारा,270500010046090000,कऱ्ही रुपागड,kaRhI rupAgaDa,True
05,Akola,01,तेल्हारा,270500010045970000,कळमखेड,kaLamakheDa,True
05,Akola,01,तेल्हारा,270500010045900000,कार्ला  बु.,kArlA  bu.,True
05,Akola,01,तेल्हारा,270500010046230000,काळेगांव,kALegAMva,True
05,Akola,01,तेल्हारा,270500010046330000,कोठा,koThA,True
05,Akola,01,तेल्हारा,270500010046770000,खाकटा,khAkaTA,True
05,Akola,01,तेल्हारा,270500010046460000,खापरखेड,khAparakheDa,True
05,Akola,01,तेल्हारा,270500010046600000,खेलकृष्णाजी,khelakRRiShNAjI,True
05,Akola,01,तेल्हारा,270500010046630000,खेलदेशपांडे,kheladeshapAMDe,True
05,Akola,01,तेल्हारा,270500010046610000,खेलमुकरदम,khelamukaradama,True
05,Akola,01,तेल्हारा,270500010046750000,खेलसटवाजी,khelasaTavAjI,True
05,Akola,01,तेल्हारा,270500010046110000,खंडाळा,khaMDALA,True
05,Akola,01,तेल्हारा,270500010046420000,गाडेगांव,gADegAMva,True
05,Akola,01,तेल्हारा,270500010045990000,गोर्धा,gordhA,True
05,Akola,01,तेल्हारा,270500010046360000,घोडेगांव,ghoDegAMva,True
05,Akola,01,तेल्हारा,270500010046270000,चापानेर,chApAnera,True
05,Akola,01,तेल्हारा,270500010046310000,चांगलवाडी,chAMgalavADI,True
05,Akola,01,तेल्हारा,270500010045870000,चिचारी,chichArI,True
05,Akola,01,तेल्हारा,270500010046120000,चितलवाडी,chitalavADI,True
05,Akola,01,तेल्हारा,270500010046070000,चिपी,chipI,True
05,Akola,01,तेल्हारा,270500010046040000,चंदनपुर,chaMdanapura,True
05,Akola,01,तेल्हारा,270500010046440000,जस्तगांव,jastagAMva,True
05,Akola,01,तेल्हारा,270500010046520000,जाफ्रापूर,jAphrApUra,True
05,Akola,01,तेल्हारा,270500010045850000,झरीबाजार,jharIbAjAra,True
05,Akola,01,तेल्हारा,270500010046280000,टाकळी,TAkaLI,True
05,Akola,01,तेल्हारा,270500010046720000,डवला,DavalA,True
05,Akola,01,तेल्हारा,270500010045960000,तळेगांव खु.,taLegAMva khu.,True
05,Akola,01,तेल्हारा,270500010046700000,तळेगांवपातुर्डा,taLegAMvapAturDA,True
05,Akola,01,तेल्हारा,270500010046710000,तळेगांव प्र.वडनेर,taLegAMva pra.vaDanera,True
05,Akola,01,तेल्हारा,270500010045980000,तळेगांव बु.,taLegAMva bu.,True
05,Akola,01,तेल्हारा,270500010046480000,तुदगांव,tudagAMva,True
05,Akola,01,तेल्हारा,270500014050100020,तेल्हारा खु.,telhArA khu.,True
05,Akola,01,तेल्हारा,270500014050100000,तेल्हारा बु.,telhArA bu.,True
05,Akola,01,तेल्हारा,270500010046470000,थार,thAra,True
05,Akola,01,तेल्हारा,270500010046570000,दहीगांव,dahIgAMva,True
05,Akola,01,तेल्हारा,270500010046020000,दानापुर,dAnApura,True
05,Akola,01,तेल्हारा,270500010046590000,दापुरा,dApurA,True
05,Akola,01,तेल्हारा,270500010045860000,दिवाणझरी,divANajharI,True
05,Akola,01,तेल्हारा,270500010046060000,धोंडाआखर,dhoMDAAkhara,True
05,Akola,01,तेल्हारा,270500010046760000,नरसीपूर,narasIpUra,True
05,Akola,01,तेल्हारा,270500010046550000,निभोरा खु.,nibhorA khu.,True
05,Akola,01,तेल्हारा,270500010046660000,निभोरा बु.,nibhorA bu.,True
05,Akola,01,तेल्हारा,270500010046300000,निंबोळी,niMboLI,True
05,Akola,01,तेल्हारा,270500014050100030,नुराबाद,nurAbAda,True
05,Akola,01,तेल्हारा,270500010046790000,नेर,nera,True
05,Akola,01,तेल्हारा,270500010045950000,परशरामपुर,parasharAmapura,True
05,Akola,01,तेल्हारा,270500010046260001,पाथर्डी 2,pAtharDI 2,True
05,Akola,01,तेल्हारा,270500010046260000,पाथर्डी भाग 1,pAtharDI bhAga 1,True
05,Akola,01,तेल्हारा,270500010046800000,पिवंदळ खु.,pivaMdaLa khu.,True
05,Akola,01,तेल्हारा,270500010046670000,पिवंदळ बु.,pivaMdaLa bu.,True
05,Akola,01,तेल्हारा,270500010045820000,पिंपरखेड,piMparakheDa,True
05,Akola,01,तेल्हारा,270500010045910000,बादखेड,bAdakheDa,True
05,Akola,01,तेल्हारा,270500010046680000,बाभुळगांव,bAbhuLagAMva,True
05,Akola,01,तेल्हारा,270500010046740000,बांबर्डा खु.,bAMbarDA khu.,True
05,Akola,01,तेल्हारा,270500010046340000,बेलखेड,belakheDa,True
05,Akola,01,तेल्हारा,270500010046100000,बोरव्हा,boravhA,True
05,Akola,01,तेल्हारा,270500010046450000,भांबेरी,bhAMberI,True
05,Akola,01,तेल्हारा,270500010046050000,भिली,bhilI,True
05,Akola,01,तेल्हारा,270500010046250000,भोकर,bhokara,True
05,Akola,01,तेल्हारा,270500010046580000,मनब्दा,manabdA,True
05,Akola,01,तेल्हारा,270500010046640000,मनात्री खु.,manAtrI khu.,True
05,Akola,01,तेल्हारा,270500010046650000,मनात्री बु.,manAtrI bu.,True
05,Akola,01,तेल्हारा,270500014050100010,ममदाबाद,mamadAbAda,True
05,Akola,01,तेल्हारा,270500010046150000,मालठाणा खु.,mAlaThANA khu.,True
05,Akola,01,तेल्हारा,270500010046160000,मालठाणा  बु.,mAlaThANA  bu.,True
05,Akola,01,तेल्हारा,270500010046210000,मालपुरा,mAlapurA,True
05,Akola,01,तेल्हारा,270500010046190000,मालेगांव,mAlegAMva,True
05,Akola,01,तेल्हारा,270500010046380000,माळेगांव,mALegAMva,True
05,Akola,01,तेल्हारा,270500010046140000,मेहखेड,mehakheDa,True
05,Akola,01,तेल्हारा,270500010045830000,मोयपाणी,moyapANI,True
05,Akola,01,तेल्हारा,270500010045880000,मोराडी,morADI,True
05,Akola,01,तेल्हारा,270500010046430000,राणेगांव,rANegAMva,True
05,Akola,01,तेल्हारा,270500010046320000,रायखेड,rAyakheDa,True
05,Akola,01,तेल्हारा,270500010046560000,वडगांवरोठे,vaDagAMvaroThe,True
05,Akola,01,तेल्हारा,270500010046350000,वरुड बु.,varuDa bu.,True
05,Akola,01,तेल्हारा,270500010046540000,वरुडवडनेर,varuDavaDanera,True
05,Akola,01,तेल्हारा,270500010046200000,वरूड खु.,varUDa khu.,True
05,Akola,01,तेल्हारा,270500010046490000,वाकोडी,vAkoDI,True
05,Akola,01,तेल्हारा,270500010046690000,वागरगांव,vAgaragAMva,True
05,Akola,01,तेल्हारा,270500010046510000,वाडीअदमपुर,vADIadamapura,True
05,Akola,01,तेल्हारा,270500010045920000,वारखेड,vArakheDa,True
05,Akola,01,तेल्हारा,270500010045810000,वारीभैरवगड,vArIbhairavagaDa,True
05,Akola,01,तेल्हारा,270500010046180000,शिवाजीनगर,shivAjInagara,True
05,Akola,01,तेल्हारा,270500010046390000,शेरी खु.,sherI khu.,True
05,Akola,01,तेल्हारा,270500010046400000,शेरी प्र.वडनेर,sherI pra.vaDanera,True
05,Akola,01,तेल्हारा,270500010046370000,शेरी बु.,sherI bu.,True
05,Akola,01,तेल्हारा,270500010046130000,सदरपुर,sadarapura,True
05,Akola,01,तेल्हारा,270500014050100040,सात्काबाद,sAtkAbAda,True
05,Akola,01,तेल्हारा,270500010046810000,सांगवी,sAMgavI,True
05,Akola,01,तेल्हारा,270500010046240000,सिरसोली,sirasolI,True
05,Akola,01,तेल्हारा,270500010046410000,सोनकेळ,sonakeLa,True
05,Akola,01,तेल्हारा,270500010045940000,सोनवाडी,sonavADI,True
05,Akola,01,तेल्हारा,270500010045930000,सौंदळा,sauMdaLA,True
05,Akola,01,तेल्हारा,270500010046030000,हयातपुर,hayAtapura,True
05,Akola,01,तेल्हारा,270500010045890000,हिवरखेड भाग 1,hivarakheDa bhAga 1,True
05,Akola,01,तेल्हारा,270500010045890001,हिवरखेड भाग 2,hivarakheDa bhAga 2,True
05,Akola,01,तेल्हारा,270500010046010000,हिंगणी खु.,hiMgaNI khu.,True
05,Akola,01,तेल्हारा,270500010046000000,हिंगणी बु.,hiMgaNI bu.,True
05,Akola,02,आकोट,270500020047510000,अकोलखेड,akolakheDa,True
05,Akola,02,आकोट,270500020047500000,अकोली जहॉगीर,akolI jahaॉgIra,True
05,Akola,02,आकोट,270500020047200000,अडगांव खु.,aDagAMva khu.,True
05,Akola,02,आकोट,270500020047260000,अमिनापूर,aminApUra,True
05,Akola,02,आकोट,270500020047980000,अल्यारपूर,alyArapUra,True
05,Akola,02,आकोट,270500020047430000,अंबाडी,aMbADI,True
05,Akola,02,आकोट,270500020040502000,आकोट भाग 1,AkoTa bhAga 1,True
05,Akola,02,आकोट,270500020040502001,आकोट   भाग 2,AkoTa   bhAga 2,True
05,Akola,02,आकोट,270500020048490000,आगासखेड,AgAsakheDa,True
05,Akola,02,आकोट,270500020046930000,आलमपूर,AlamapUra,True
05,Akola,02,आकोट,270500020047990000,आलेगांव,AlegAMva,True
05,Akola,02,आकोट,270500020048120000,आलेवाडी,AlevADI,True
05,Akola,02,आकोट,270500020047800000,आसेगांव बाजार,AsegAMva bAjAra,True
05,Akola,02,आकोट,270500020048180000,आंध,AMdha,True
05,Akola,02,आकोट,270500020046970000,आंबोडा,AMboDA,True
05,Akola,02,आकोट,270500020048170000,इसापूर,isApUra,True
05,Akola,02,आकोट,270500020047080000,उमरा,umarA,True
05,Akola,02,आकोट,270500020047030000,एदलापूर,edalApUra,True
05,Akola,02,आकोट,270500020046920000,औरंगाबाद,auraMgAbAda,True
05,Akola,02,आकोट,270500020047710000,औरंगाबाद प्र.आकोट,auraMgAbAda pra.AkoTa,True
05,Akola,02,आकोट,270500020047840000,करतवाडी,karatavADI,True
05,Akola,02,आकोट,270500020048470000,करातवाडी,karAtavADI,True
05,Akola,02,आकोट,270500020048460000,करोडी,karoDI,True
05,Akola,02,आकोट,270500020047820000,कवठा खु.,kavaThA khu.,True
05,Akola,02,आकोट,270500020047810000,कवठा बु.,kavaThA bu.,True
05,Akola,02,आकोट,270500020047160000,कातखेड,kAtakheDa,True
05,Akola,02,आकोट,270500020047750000,कान्हेरी,kAnherI,True
05,Akola,02,आकोट,270500020047450000,कापशी,kApashI,True
05,Akola,02,आकोट,270500020047850000,कालवाडी,kAlavADI,True
05,Akola,02,आकोट,270500020048210000,कावसा खु.,kAvasA khu.,True
05,Akola,02,आकोट,270500020048220000,कावसा बु.,kAvasA bu.,True
05,Akola,02,आकोट,270500020046940000,कासोद शिवपूर,kAsoda shivapUra,True
05,Akola,02,आकोट,270500020048550000,किनखेड,kinakheDa,True
05,Akola,02,आकोट,270500020048230000,कुटासा भाग 1,kuTAsA bhAga 1,True
05,Akola,02,आकोट,270500020048230001,कुटासा भाग 2,kuTAsA bhAga 2,True
05,Akola,02,आकोट,270500020048610000,कुंड,kuMDa,True
05,Akola,02,आकोट,270500020046610000,केमलापुर,kemalApura,True
05,Akola,02,आकोट,270500020048560000,केळीवेळी,keLIveLI,True
05,Akola,02,आकोट,270500020047860000,केसोरी,kesorI,True
05,Akola,02,आकोट,270500020047120000,कोलविहीर,kolavihIra,True
05,Akola,02,आकोट,270500020048600000,कोहा,kohA,True
05,Akola,02,आकोट,270500020047740000,खानापुर त्र्यंबकपुर,khAnApura tryaMbakapura,True
05,Akola,02,आकोट,270500020048420000,खानापुर बु.,khAnApura bu.,True
05,Akola,02,आकोट,270500020048080000,खापरवाडी खु.,khAparavADI khu.,True
05,Akola,02,आकोट,270500020048010000,खापरवाडी बु.,khAparavADI bu.,True
05,Akola,02,आकोट,270500020046870000,खासबाग,khAsabAga,True
05,Akola,02,आकोट,270500020047350000,खिरकुंड खु.,khirakuMDa khu.,True
05,Akola,02,आकोट,270500020047360000,खिरकुंड बु .,khirakuMDa bu .,True
05,Akola,02,आकोट,270500020047690000,खुदावंतपुर,khudAvaMtapura,True
05,Akola,02,आकोट,270500020047870000,खेर्डा,kherDA,True
05,Akola,02,आकोट,270500020047040000,खैरखेड,khairakheDa,True
05,Akola,02,आकोट,270500020048240000,गरसोळी,garasoLI,True
05,Akola,02,आकोट,270500020047300000,गाजीपुर,gAjIpura,True
05,Akola,02,आकोट,270500020048430000,गिरजापुर,girajApura,True
05,Akola,02,आकोट,270500020047060000,गोखि,gokhi,True
05,Akola,02,आकोट,270500020047490000,गौलखेड,gaulakheDa,True
05,Akola,02,आकोट,270500020047150000,ग्याजुद्दीन नगर,gyAjuddIna nagara,True
05,Akola,02,आकोट,270500020047730000,चापानेर,chApAnera,True
05,Akola,02,आकोट,270500020047570000,चिचखेड खु.,chichakheDa khu.,True
05,Akola,02,आकोट,270500020047110000,चिचखेड बु.,chichakheDa bu.,True
05,Akola,02,आकोट,270500020047330000,चिचपाणी,chichapANI,True
05,Akola,02,आकोट,270500020047240000,चिंचखेड खु.,chiMchakheDa khu.,True
05,Akola,02,आकोट,270500020047020000,चोरवड खु.,choravaDa khu.,True
05,Akola,02,आकोट,270500020047050000,चोरवड बु.,choravaDa bu.,True
05,Akola,02,आकोट,270500020048480000,चोहोट्टा,chohoTTA,True
05,Akola,02,आकोट,270500020047580000,चंडिकापुर,chaMDikApura,True
05,Akola,02,आकोट,270500020047390000,चंदनपूर तिरवारी,chaMdanapUra tiravArI,True
05,Akola,02,आकोट,270500020048090000,जउळका,jauLakA,True
05,Akola,02,आकोट,270500020048410000,जउळखेड खु.,jauLakheDa khu.,True
05,Akola,02,आकोट,270500020048570000,जउळखेड बु.,jauLakheDa bu.,True
05,Akola,02,आकोट,270500020047320000,जनुना खु.,janunA khu.,True
05,Akola,02,आकोट,270500020047310000,जनुना बु.,janunA bu.,True
05,Akola,02,आकोट,270500020047180000,जळगांव नहाटे,jaLagAMva nahATe,True
05,Akola,02,आकोट,270500020046900000,जितापूर प्र. अडगांव,jitApUra pra. aDagAMva,True
05,Akola,02,आकोट,270500020046910000,जितापूर प्र. रुपागड,jitApUra pra. rupAgaDa,True
05,Akola,02,आकोट,270500020047130000,जैनपुर पिंप्री,jainapura piMprI,True
05,Akola,02,आकोट,270500020047720000,जोगबन,jogabana,True
05,Akola,02,आकोट,270500020048360000,टाकळी खु.,TAkaLI khu.,True
05,Akola,02,आकोट,270500020048340000,टाकळी बु.,TAkaLI bu.,True
05,Akola,02,आकोट,270500020048580000,ठोकबर्डी,ThokabarDI,True
05,Akola,02,आकोट,270500020047340000,डांगरखेड,DAMgarakheDa,True
05,Akola,02,आकोट,270500020047650000,ढगा,DhagA,True
05,Akola,02,आकोट,270500020048200000,तरोडा,taroDA,True
05,Akola,02,आकोट,270500020047630000,ताजनापुर,tAjanApura,True
05,Akola,02,आकोट,270500020047890000,तांदुळवाडी,tAMduLavADI,True
05,Akola,02,आकोट,270500020048300000,दनोरी,danorI,True
05,Akola,02,आकोट,270500020046860000,दहिखेल फुटकर,dahikhela phuTakara,True
05,Akola,02,आकोट,270500020047140000,दाउतपूर,dAutapUra,True
05,Akola,02,आकोट,270500020048140000,दिनोडा,dinoDA,True
05,Akola,02,आकोट,270500020047550000,दिवठाणा,divaThANA,True
05,Akola,02,आकोट,270500020048190000,देउळगाव,deuLagAva,True
05,Akola,02,आकोट,270500020048110000,देवरी,devarI,True
05,Akola,02,आकोट,270500020048310000,देवर्डा,devarDA,True
05,Akola,02,आकोट,270500020047620000,देवुळगांव,devuLagAMva,True
05,Akola,02,आकोट,270500020047770000,धनगरवाडी,dhanagaravADI,True
05,Akola,02,आकोट,270500020047600000,धामनगांव,dhAmanagAMva,True
05,Akola,02,आकोट,270500020048380000,धामना बु.,dhAmanA bu.,True
05,Akola,02,आकोट,270500020048450000,धारेल,dhArela,True
05,Akola,02,आकोट,270500020048530000,नखेगांव,nakhegAMva,True
05,Akola,02,आकोट,270500020047930000,नयनापूर,nayanApUra,True
05,Akola,02,आकोट,270500020047520000,नरसिंगपुर,narasiMgapura,True
05,Akola,02,आकोट,270500020048510000,नांदखेड,nAMdakheDa,True
05,Akola,02,आकोट,270500020048370000,निजामपुर,nijAmapura,True
05,Akola,02,आकोट,270500020047230000,नेव्होरी  खु.,nevhorI  khu.,True
05,Akola,02,आकोट,270500020047220000,नेव्होरी बु.,nevhorI bu.,True
05,Akola,02,आकोट,270500020047540000,पणज,paNaja,True
05,Akola,02,आकोट,270500020048290000,पनोरी,panorI,True
05,Akola,02,आकोट,270500020048280000,पळसोद,paLasoda,True
05,Akola,02,आकोट,270500020048270000,पाटसुल,pATasula,True
05,Akola,02,आकोट,270500020048400000,पातोंडा,pAtoMDA,True
05,Akola,02,आकोट,270500020048320000,पारळा,pAraLA,True
05,Akola,02,आकोट,270500020048100000,पिप्रि डिक्कर,pipri Dikkara,True
05,Akola,02,आकोट,270500020048520000,पिलकवाडी,pilakavADI,True
05,Akola,02,आकोट,270500020047010000,पिंप्री खु.,piMprI khu.,True
05,Akola,02,आकोट,270500020048040000,पुंडा,puMDA,True
05,Akola,02,आकोट,270500020046850000,पोपटखेड,popaTakheDa,True
05,Akola,02,आकोट,270500020047950000,फत्तेपुर,phattepura,True
05,Akola,02,आकोट,270500020048000000,बळेगाव,baLegAva,True
05,Akola,02,आकोट,270500020048060000,बांबर्डा बु.,bAMbarDA bu.,True
05,Akola,02,आकोट,270500020047070000,बेलुरा,belurA,True
05,Akola,02,आकोट,270500020047480000,बोचरा,bocharA,True
05,Akola,02,आकोट,270500020048590000,बोरी,borI,True
05,Akola,02,आकोट,270500020046990000,बोर्डी,borDI,True
05,Akola,02,आकोट,270500020047280000,बंधारा,baMdhArA,True
05,Akola,02,आकोट,270500020047410000,भिलखेड,bhilakheDa,True
05,Akola,02,आकोट,270500020048540000,भोड,bhoDa,True
05,Akola,02,आकोट,270500020047000000,मक्रमपुर,makramapura,True
05,Akola,02,आकोट,270500020048130000,मरोडा,maroDA,True
05,Akola,02,आकोट,270500020047190000,मलकापुर प्र. अडगांव,malakApura pra. aDagAMva,True
05,Akola,02,आकोट,270500020046830000,मलकापूर गोंड,malakApUra goMDa,True
05,Akola,02,आकोट,270500020046840000,मलकापूर भिल,malakApUra bhila,True
05,Akola,02,आकोट,270500020047460000,महागांव,mahAgAMva,True
05,Akola,02,आकोट,270500020048440000,महालक्ष्मी,mahAlakShmI,True
05,Akola,02,आकोट,270500020047400000,मानकरी,mAnakarI,True
05,Akola,02,आकोट,270500020047380000,मार्डी प्र. खटकाळी,mArDI pra. khaTakALI,True
05,Akola,02,आकोट,270500020047370000,मार्डी प्र. चिंचोणा,mArDI pra. chiMchoNA,True
05,Akola,02,आकोट,270500020047760000,मियॉचे खेडे,miyaॉche kheDe,True
05,Akola,02,आकोट,270500020047670000,मिर्झापुर,mirjhApura,True
05,Akola,02,आकोट,270500020047920000,मुंडगांव,muMDagAMva,True
05,Akola,02,आकोट,270500020048050000,मोहम्मद पुर,mohammada pura,True
05,Akola,02,आकोट,270500020047680000,मोहाळा,mohALA,True
05,Akola,02,आकोट,270500020047660000,मंचनपुर,maMchanapura,True
05,Akola,02,आकोट,270500020048350000,राजुरवाडी,rAjuravADI,True
05,Akola,02,आकोट,270500020047440000,राजुरा,rAjurA,True
05,Akola,02,आकोट,270500020047210000,राजेगांव,rAjegAMva,True
05,Akola,02,आकोट,270500020040502002,रामटेक,rAmaTeka,True
05,Akola,02,आकोट,270500020046950000,रामापुर धारुर,rAmApura dhArura,True
05,Akola,02,आकोट,270500020046880000,राहणापूर,rAhaNApUra,True
05,Akola,02,आकोट,270500020047470000,रुईखेड,ruIkheDa,True
05,Akola,02,आकोट,270500020047290000,रुधाडी प्र. खटकाळी,rudhADI pra. khaTakALI,True
05,Akola,02,आकोट,270500020047420000,रुधाडी प्र. चिंचोणा,rudhADI pra. chiMchoNA,True
05,Akola,02,आकोट,270500020048390000,रेल,rela,True
05,Akola,02,आकोट,270500020048160000,रोहनखेड,rohanakheDa,True
05,Akola,02,आकोट,270500020048260000,रौंदळा,rauMdaLA,True
05,Akola,02,आकोट,270500020047790000,रंभापुर,raMbhApura,True
05,Akola,02,आकोट,270500020047700000,लखमापूर,lakhamApUra,True
05,Akola,02,आकोट,270500020047090000,लाडेगाव,lADegAva,True
05,Akola,02,आकोट,270500020047960000,लामकानी,lAmakAnI,True
05,Akola,02,आकोट,270500020048150000,लोतखेड,lotakheDa,True
05,Akola,02,आकोट,270500020047270000,लोहारी खु.,lohArI khu.,True
05,Akola,02,आकोट,270500020047250000,लोहारी बु.,lohArI bu.,True
05,Akola,02,आकोट,270500020047640000,वडगाव मेंढे,vaDagAva meMDhe,True
05,Akola,02,आकोट,270500020047610000,वडाळी देशमुख,vaDALI deshamukha,True
05,Akola,02,आकोट,270500020047170000,वडाळी सटवाई,vaDALI saTavAI,True
05,Akola,02,आकोट,270500020047910000,वणी,vaNI,True
05,Akola,02,आकोट,270500020048070000,वरुर,varura,True
05,Akola,02,आकोट,270500020047100000,वसाळी नागापुर,vasALI nAgApura,True
05,Akola,02,आकोट,270500020047560000,वाई,vAI,True
05,Akola,02,आकोट,270500020047590000,वाघोडा,vAghoDA,True
05,Akola,02,आकोट,270500020047900000,वारुळा,vAruLA,True
05,Akola,02,आकोट,270500020048030000,विटाळी,viTALI,True
05,Akola,02,आकोट,270500020046820000,शहानुर,shahAnura,True
05,Akola,02,आकोट,270500020479700000,शहापुर,shahApura,True
05,Akola,02,आकोट,270500020047530000,शहापूर प्र. कारला,shahApUra pra. kAralA,True
05,Akola,02,आकोट,270500020046890000,शहापूर प्र. रुपागड,shahApUra pra. rupAgaDa,True
05,Akola,02,आकोट,270500020046960000,सर्फाबाद,sarphAbAda,True
05,Akola,02,आकोट,270500020048500000,सालखेड,sAlakheDa,True
05,Akola,02,आकोट,270500020047830000,सावरखेड,sAvarakheDa,True
05,Akola,02,आकोट,270500020048020000,सावरगांव,sAvaragAMva,True
05,Akola,02,आकोट,270500020047780000,सावरा,sAvarA,True
05,Akola,02,आकोट,270500020046980000,सुकळी,sukaLI,True
05,Akola,02,आकोट,270500020047940000,सुलतानपूर,sulatAnapUra,True
05,Akola,02,आकोट,270500020047880000,सोनबर्डी,sonabarDI,True
05,Akola,02,आकोट,270500020048330000,हनवाडी,hanavADI,True
05,Akola,02,आकोट,270500020048250000,हिलालाबाद,hilAlAbAda,True
05,Akola,04,आकोला,270500040051260000,अकोला,akolA,True
05,Akola,04,आकोला,270500040051330000,अकोली खुर्द,akolI khurda,True
05,Akola,04,आकोला,270500040051320000,अकोली बु.,akolI bu.,True
05,Akola,04,आकोला,270500040051200000,अक्कलकोट,akkalakoTa,True
05,Akola,04,आकोला,270500040050300000,अनकवाडी,anakavADI,True
05,Akola,04,आकोला,270500040050970000,अन्वी,anvI,True
05,Akola,04,आकोला,270500040049920000,अमानतपुर,amAnatapura,True
05,Akola,04,आकोला,270500040050330000,अलीयाबाद,alIyAbAda,True
05,Akola,04,आकोला,270500040050140000,अंबिकापुर,aMbikApura,True
05,Akola,04,आकोला,270500040050290000,आखतवाडा,AkhatavADA,True
05,Akola,04,आकोला,270500040049780001,आगर-1,Agara-1,True
05,Akola,04,आकोला,270500040049780002,आगर-2,Agara-2,True
05,Akola,04,आकोला,270500040050170000,आपातापा,ApAtApA,True
05,Akola,04,आकोला,270500040050180000,आपोती खुर्द,ApotI khurda,True
05,Akola,04,आकोला,270500040050250000,आपोती बु.,ApotI bu.,True
05,Akola,04,आकोला,270500040051050000,उकळी,ukaLI,True
05,Akola,04,आकोला,270500040049750000,उगवा,ugavA,True
05,Akola,04,आकोला,270500040051120000,उमरखेड,umarakheDa,True
05,Akola,04,आकोला,270500040051180000,उमरी प्र. अकोला,umarI pra. akolA,True
05,Akola,04,आकोला,270500044050500000,उमरी प्र. बाळापुर,umarI pra. bALApura,True
05,Akola,04,आकोला,270500040050090000,एकलारा,ekalArA,True
05,Akola,04,आकोला,270500040050060000,कटयार,kaTayAra,True
05,Akola,04,आकोला,270500040050080000,कपिलेश्वर,kapileshvara,True
05,Akola,04,आकोला,270500040051360000,कळंबेश्वर,kaLaMbeshvara,True
05,Akola,04,आकोला,270500040049970000,काटी,kATI,True
05,Akola,04,आकोला,270500040049890000,कानडी,kAnaDI,True
05,Akola,04,आकोला,270500040050790000,कानशिवणी,kAnashivaNI,True
05,Akola,04,आकोला,270500040051460000,कापशी तलाव,kApashI talAva,True
05,Akola,04,आकोला,270500040051480000,कापसी रोड,kApasI roDa,True
05,Akola,04,आकोला,270500040050510000,कासमपुर,kAsamapura,True
05,Akola,04,आकोला,270500040050110000,कासली खु.,kAsalI khu.,True
05,Akola,04,आकोला,270500040050120000,कासली बु.,kAsalI bu.,True
05,Akola,04,आकोला,270500040050610000,कुरनखेड,kuranakheDa,True
05,Akola,04,आकोला,270500040051290000,कुंभारी,kuMbhArI,True
05,Akola,04,आकोला,270500040050680000,कोठारी,koThArI,True
05,Akola,04,आकोला,270500040050720000,कोळंबी,koLaMbI,True
05,Akola,04,आकोला,270500040050130000,कौलखेड,kaulakheDa,True
05,Akola,04,आकोला,270500040250460000,कौलखेड गोमासे,kaulakheDa gomAse,True
05,Akola,04,आकोला,270500040150460000,कौलखेड जहागीर,kaulakheDa jahAgIra,True
05,Akola,04,आकोला,270500040049790000,कंचनपुर,kaMchanapura,True
05,Akola,04,आकोला,270500040050540000,खडका,khaDakA,True
05,Akola,04,आकोला,270500040049860000,खडकी टाकळी,khaDakI TAkaLI,True
05,Akola,04,आकोला,270500040051300000,खडकी बु.,khaDakI bu.,True
05,Akola,04,आकोला,270500040051350000,खरप खु,kharapa khu,True
05,Akola,04,आकोला,270500040051130000,खरप बु.,kharapa bu.,True
05,Akola,04,आकोला,270500040049840000,खानापुर डी,khAnApura DI,True
05,Akola,04,आकोला,270500040050030000,खानापूर,khAnApUra,True
05,Akola,04,आकोला,270500040049660000,खांबोरा,khAMborA,True
05,Akola,04,आकोला,270500040049760000,खेकडी,khekaDI,True
05,Akola,04,आकोला,270500040050240000,खोबरखेड,khobarakheDa,True
05,Akola,04,आकोला,270500040050020000,गणोरी,gaNorI,True
05,Akola,04,आकोला,270500040049610000,गांधीग्राम,gAMdhIgrAma,True
05,Akola,04,आकोला,270500040051170000,गुडधी,guDadhI,True
05,Akola,04,आकोला,270500040050160000,गोणापुर,goNApura,True
05,Akola,04,आकोला,270500040049650000,गोत्रा,gotrA,True
05,Akola,04,आकोला,270500040049600000,गोपालखेड,gopAlakheDa,True
05,Akola,04,आकोला,270500040051430000,गोरेगांव खुर्द,goregAMva khurda,True
05,Akola,04,आकोला,270500040051440000,गोरेगांव बु.,goregAMva bu.,True
05,Akola,04,आकोला,270500040050450000,गोंदापुर,goMdApura,True
05,Akola,04,आकोला,270500040050320001,घुसर-1,ghusara-1,True
05,Akola,04,आकोला,270500040050320002,घुसर-2,ghusara-2,True
05,Akola,04,आकोला,270500040050220000,घुसरवाडी,ghusaravADI,True
05,Akola,04,आकोला,270500040050890000,घोंगा,ghoMgA,True
05,Akola,04,आकोला,270500040051150000,चाचोंडी,chAchoMDI,True
05,Akola,04,आकोला,270500040051380000,चांगेफळ,chAMgephaLa,True
05,Akola,04,आकोला,270500040050820000,चांदकी,chAMdakI,True
05,Akola,04,आकोला,270500040049730000,चांदपुंर,chAMdapuMra,True
05,Akola,04,आकोला,270500040051370000,चांदुर,chAMdura,True
05,Akola,04,आकोला,270500040151500000,चिखलगांव भाग 1,chikhalagAMva bhAga 1,True
05,Akola,04,आकोला,270500040251500000,चिखलगांव  भाग 2,chikhalagAMva  bhAga 2,True
05,Akola,04,आकोला,270500040050500000,जलालपुर,jalAlapura,True
05,Akola,04,आकोला,270500040050360000,जलालाबाद,jalAlAbAda,True
05,Akola,04,आकोला,270500040050810000,जवळा खु.,javaLA khu.,True
05,Akola,04,आकोला,270500040050760000,जवळा बु.,javaLA bu.,True
05,Akola,04,आकोला,270500040049910000,टाकळी जलंब,TAkaLI jalaMba,True
05,Akola,04,आकोला,270500040050800000,टाकळी पोटे,TAkaLI poTe,True
05,Akola,04,आकोला,270500040050990000,डोंगरगाव,DoMgaragAva,True
05,Akola,04,आकोला,270500040050650000,ढगा,DhagA,True
05,Akola,04,आकोला,270500040051220000,तपलाबाद,tapalAbAda,True
05,Akola,04,आकोला,270500040049870000,ताकोळा,tAkoLA,True
05,Akola,04,आकोला,270500040050560000,तानखेड,tAnakheDa,True
05,Akola,04,आकोला,270500040050690000,तामशी,tAmashI,True
05,Akola,04,आकोला,270500040049740000,तारापुर,tArApura,True
05,Akola,04,आकोला,270500040050910000,तेलखेड,telakheDa,True
05,Akola,04,आकोला,270500040050490000,दहिगाव गावंडे,dahigAva gAvaMDe,True
05,Akola,04,आकोला,270500040050050000,दहीहांडा,dahIhAMDA,True
05,Akola,04,आकोला,270500040050150000,दापुरा,dApurA,True
05,Akola,04,आकोला,270500040051080000,दाबकी (अकोला मंडळ),dAbakI (akolA maMDaLa),True
05,Akola,04,आकोला,270500040050840000,दाबकी (कुरणखेड मंडळ),dAbakI (kuraNakheDa maMDaLa),True
05,Akola,04,आकोला,270500040050730000,दाळंबी,dALaMbI,True
05,Akola,04,आकोला,270500040050850000,दुधलम,dudhalama,True
05,Akola,04,आकोला,270500040049680000,दुधाळा,dudhALA,True
05,Akola,04,आकोला,270500040050780000,देवळी,devaLI,True
05,Akola,04,आकोला,270500040050750000,दोडकी,doDakI,True
05,Akola,04,आकोला,270500040050100000,दोनवाडा,donavADA,True
05,Akola,04,आकोला,270500040051490000,धापशी,dhApashI,True
05,Akola,04,आकोला,270500040049570000,धामणा,dhAmaNA,True
05,Akola,04,आकोला,270500040050410000,धोतर्डी,dhotarDI,True
05,Akola,04,आकोला,270500040049800000,नवथळ,navathaLa,True
05,Akola,04,आकोला,270500040051110000,नायगाव,nAyagAva,True
05,Akola,04,आकोला,270500040050280000,नावखेड,nAvakheDa,True
05,Akola,04,आकोला,270500040051230000,निझामपुर,nijhAmapura,True
05,Akola,04,आकोला,270500040050670000,निपाणा,nipANA,True
05,Akola,04,आकोला,270500040049580000,निराट,nirATa,True
05,Akola,04,आकोला,270500040050310000,निर्मलखेड,nirmalakheDa,True
05,Akola,04,आकोला,270500040051420000,निंबी मालोकार,niMbI mAlokAra,True
05,Akola,04,आकोला,270500040049960000,निंभोरा,niMbhorA,True
05,Akola,04,आकोला,270500040050770000,नंदापुर,naMdApura,True
05,Akola,04,आकोला,270500040049770000,परितवाडा,paritavADA,True
05,Akola,04,आकोला,270500040050550000,पळसो खुर्द,paLaso khurda,True
05,Akola,04,आकोला,270500040050470000,पळसो  बु.,paLaso  bu.,True
05,Akola,04,आकोला,270500040050640000,पहाडपुर,pahADapura,True
05,Akola,04,आकोला,270500040051140000,पाचपिंपळ,pAchapiMpaLa,True
05,Akola,04,आकोला,270500040049980000,पाटी,pATI,True
05,Akola,04,आकोला,270500040050880000,पातुर नंदापुर,pAtura naMdApura,True
05,Akola,04,आकोला,270500040049710000,पाळोदी,pALodI,True
05,Akola,04,आकोला,270500040050600000,पैलपाडा,pailapADA,True
05,Akola,04,आकोला,270500040049640000,फरमरदाबाद,pharamaradAbAda,True
05,Akola,04,आकोला,270500040050530000,बहादरपूर,bahAdarapUra,True
05,Akola,04,आकोला,270500040050420000,बहिरखेड,bahirakheDa,True
05,Akola,04,आकोला,270500040049930000,बाखराबाद,bAkharAbAda,True
05,Akola,04,आकोला,270500040049810000,बादलापुर,bAdalApura,True
05,Akola,04,आकोला,270500040050940000,बाभुळगाव,bAbhuLagAva,True
05,Akola,04,आकोला,270500040050570000,बिरसिंगपुर,birasiMgapura,True
05,Akola,04,आकोला,270500040051390000,बोदंरखेड सिसा,bodaMrakheDa sisA,True
05,Akola,04,आकोला,270500040050830000,बोरगाव खुर्द,boragAva khurda,True
05,Akola,04,आकोला,270500040050960001,बोरगाव मंजु-1,boragAva maMju-1,True
05,Akola,04,आकोला,270500040050960002,बोरगाव मंजु-2,boragAva maMju-2,True
05,Akola,04,आकोला,270500040050960003,बोरगाव मंजु-3,boragAva maMju-3,True
05,Akola,04,आकोला,270500040050960004,बोरगाव मंजु-4,boragAva maMju-4,True
05,Akola,04,आकोला,270500040050930000,बोंदरखेड,boMdarakheDa,True
05,Akola,04,आकोला,270500040050000000,ब्रम्हपुरी,bramhapurI,True
05,Akola,04,आकोला,270500040049820000,भोड,bhoDa,True
05,Akola,04,आकोला,270500040051090000,भौरद,bhaurada,True
05,Akola,04,आकोला,270500040050350000,मजलापुर,majalApura,True
05,Akola,04,आकोला,270500044050600000,मलकापुर,malakApura,True
05,Akola,04,आकोला,270500040050480000,महादलपुर,mahAdalapura,True
05,Akola,04,आकोला,270500040051450000,माझोड,mAjhoDa,True
05,Akola,04,आकोला,270500040050190000,मारोडी,mAroDI,True
05,Akola,04,आकोला,270500040051030000,मासा,mAsA,True
05,Akola,04,आकोला,270500040050630000,मिर्झापुर (कुरणखेड मंडळ),mirjhApura (kuraNakheDa maMDaLa),True
05,Akola,04,आकोला,270500040050980000,मिर्झापुर (पळसो मंडळ),mirjhApura (paLaso maMDaLa),True
05,Akola,04,आकोला,270500040050440000,मुजरे महंमदपुर,mujare mahaMmadapura,True
05,Akola,04,आकोला,270500040050740000,मुस्तफापुर,mustaphApura,True
05,Akola,04,आकोला,270500040049940000,मोरगाव भाकरे,moragAva bhAkare,True
05,Akola,04,आकोला,270500040049670000,मंडाळा,maMDALA,True
05,Akola,04,आकोला,270500040050210000,म्हातोडी,mhAtoDI,True
05,Akola,04,आकोला,270500040051400000,म्हैसपुर,mhaisapura,True
05,Akola,04,आकोला,270500040050340000,म्हैसांग,mhaisAMga,True
05,Akola,04,आकोला,270500040051160000,यावलखेड,yAvalakheDa,True
05,Akola,04,आकोला,270500040051070000,येळवण,yeLavaNa,True
05,Akola,04,आकोला,270500040051020000,येवता,yevatA,True
05,Akola,04,आकोला,270500040050590000,राजापुर,rAjApura,True
05,Akola,04,आकोला,270500040050430000,रामगाव,rAmagAva,True
05,Akola,04,आकोला,270500040049990000,रोहना,rohanA,True
05,Akola,04,आकोला,270500040050580000,रंभापुर,raMbhApura,True
05,Akola,04,आकोला,270500040051470000,लाखनवाडा,lAkhanavADA,True
05,Akola,04,आकोला,270500040050200000,लाखोंडा खु.,lAkhoMDA khu.,True
05,Akola,04,आकोला,270500040050230000,लाखोंडा बु.,lAkhoMDA bu.,True
05,Akola,04,आकोला,270500040049690000,लोणाग्रा,loNAgrA,True
05,Akola,04,आकोला,270500040051340000,लोणी,loNI,True
05,Akola,04,आकोला,270500040050070000,वडद खु.,vaDada khu.,True
05,Akola,04,आकोला,270500040050010000,वडद बु.,vaDada bu.,True
05,Akola,04,आकोला,270500040050660000,वणी,vaNI,True
05,Akola,04,आकोला,270500040050380000,वरोडी,varoDI,True
05,Akola,04,आकोला,270500040049620000,वल्लभनगर,vallabhanagara,True
05,Akola,04,आकोला,270500040051100000,वाकापुर,vAkApura,True
05,Akola,04,आकोला,270500040050370000,वाकी,vAkI,True
05,Akola,04,आकोला,270500040050700000,वाळकी,vALakI,True
05,Akola,04,आकोला,270500040050950000,वाशिंबा,vAshiMbA,True
05,Akola,04,आकोला,270500040049590000,वैराट राजापुर,vairATa rAjApura,True
05,Akola,04,आकोला,270500040051190000,शहानवाजपूर,shahAnavAjapUra,True
05,Akola,04,आकोला,270500040049830000,शहापुर,shahApura,True
05,Akola,04,आकोला,270500040050520000,शहापुर (पळसो मंडळ),shahApura (paLaso maMDaLa),True
05,Akola,04,आकोला,270500040050260000,शामाबाद,shAmAbAda,True
05,Akola,04,आकोला,270500040050870000,शिखतखेड,shikhatakheDa,True
05,Akola,04,आकोला,270500040049900000,शिलोडा,shiloDA,True
05,Akola,04,आकोला,270500040051280000,शिवणी,shivaNI,True
05,Akola,04,आकोला,270500040051270000,शिवर,shivara,True
05,Akola,04,आकोला,270500040051310000,शिवापुर,shivApura,True
05,Akola,04,आकोला,270500040051000000,शिसा उदेगाव,shisA udegAva,True
05,Akola,04,आकोला,270500040050710000,शेखापुर,shekhApura,True
05,Akola,04,आकोला,270500040050400000,सांगळुद खुर्द,sAMgaLuda khurda,True
05,Akola,04,आकोला,270500040050390000,सांगळुद बु.,sAMgaLuda bu.,True
05,Akola,04,आकोला,270500040049630000,सांगवि खुर्द,sAMgavi khurda,True
05,Akola,04,आकोला,270500040049720000,सांगवि बु.,sAMgavi bu.,True
05,Akola,04,आकोला,270500040049850000,सांगवी मोहाडी,sAMgavI mohADI,True
05,Akola,04,आकोला,270500040050920000,सिसा,sisA,True
05,Akola,04,आकोला,270500040051060000,सुकळी,sukaLI,True
05,Akola,04,आकोला,270500040051210000,सुकापुर,sukApura,True
05,Akola,04,आकोला,270500040049880000,सुकोडा,sukoDA,True
05,Akola,04,आकोला,270500040050270000,सुलतान अजमपुर,sulatAna ajamapura,True
05,Akola,04,आकोला,270500040050900000,सोनखास,sonakhAsa,True
05,Akola,04,आकोला,270500040051040000,सोनाळा,sonALA,True
05,Akola,04,आकोला,270500040051250000,सोमठाणा,somaThANA,True
05,Akola,04,आकोला,270500040050860000,संतोषपुर,saMtoShapura,True
05,Akola,04,आकोला,270500040049700000,हातला,hAtalA,True
05,Akola,04,आकोला,270500040051010000,हिंगणा कुंभारी,hiMgaNA kuMbhArI,True
05,Akola,04,आकोला,270500040049950000,हिंगणा तामसवाडी,hiMgaNA tAmasavADI,True
05,Akola,04,आकोला,270500040051410000,हिंगणा बारलिंगा,hiMgaNA bAraliMgA,True
05,Akola,04,आकोला,270500040051240000,हिंगणा  म्हैसपुर,hiMgaNA  mhaisapura,True
05,Akola,04,आकोला,270500040050040000,हिंगणी बु,hiMgaNI bu,True
05,Akola,04,आकोला,270500040050620000,हिंगना  जहांगीर,hiMganA  jahAMgIra,True
05,Akola,06,पातुर,270500060053260000,अडगांव खु.,aDagAMva khu.,True
05,Akola,06,पातुर,270500060053430000,अंबाशी,aMbAshI,True
05,Akola,06,पातुर,270500060053850000,आगिखेड,AgikheDa,True
05,Akola,06,पातुर,270500060053520000,आलेगांव,AlegAMva,True
05,Akola,06,पातुर,270500060053460000,आसोला,AsolA,True
05,Akola,06,पातुर,270500060053950000,आस्टुल,AsTula,True
05,Akola,06,पातुर,270500060053660000,आंधार सांगवी,AMdhAra sAMgavI,True
05,Akola,06,पातुर,270500060053590000,उमरवाडी,umaravADI,True
05,Akola,06,पातुर,270500060053310000,उमरा,umarA,True
05,Akola,06,पातुर,270500060053990000,काकडदरी,kAkaDadarI,True
05,Akola,06,पातुर,270500060053470000,कार्ला,kArlA,True
05,Akola,06,पातुर,270500060053940000,कोठारी खु.,koThArI khu.,True
05,Akola,06,पातुर,270500060053960000,कोठारी बु.,koThArI bu.,True
05,Akola,06,पातुर,270500060053980000,कोसगाव,kosagAva,True
05,Akola,06,पातुर,270500060053920000,खानापुर,khAnApura,True
05,Akola,06,पातुर,270500060053530000,खापरखेड,khAparakheDa,True
05,Akola,06,पातुर,270500060053840000,खामखेड,khAmakheDa,True
05,Akola,06,पातुर,270500060053140000,खेट्री,kheTrI,True
05,Akola,06,पातुर,270500060053490000,गावंडगांव,gAvaMDagAMva,True
05,Akola,06,पातुर,270500060053480000,गोऴेगांव,gozhegAMva,True
05,Akola,06,पातुर,270500060054050000,गोंधळवाडी,goMdhaLavADI,True
05,Akola,06,पातुर,270500060053230000,चतारी,chatArI,True
05,Akola,06,पातुर,270500060053420000,चरनगावं,charanagAvaM,True
05,Akola,06,पातुर,270500060053280000,चान्नी,chAnnI,True
05,Akola,06,पातुर,270500060053650000,चारमोळी,chAramoLI,True
05,Akola,06,पातुर,270500060053240000,चांगेफळ,chAMgephaLa,True
05,Akola,06,पातुर,270500060053580000,चिखलवाड,chikhalavADa,True
05,Akola,06,पातुर,270500060053510000,चिचखेड पिंपऴखुटा,chichakheDa piMpazhakhuTA,True
05,Akola,06,पातुर,270500060054030000,चिंचखेड (पातुर ),chiMchakheDa (pAtura ),True
05,Akola,06,पातुर,270500060053670000,चिंचखेड सस्ती,chiMchakheDa sastI,True
05,Akola,06,पातुर,270500060053640000,चोंढी,choMDhI,True
05,Akola,06,पातुर,270500060053560000,जांब,jAMba,True
05,Akola,06,पातुर,270500060053800000,जांभरुण,jAMbharuNa,True
05,Akola,06,पातुर,270500060053820001,जिरायत पातुर-1,jirAyata pAtura-1,True
05,Akola,06,पातुर,270500060053820002,जिरायत पातुर-2,jirAyata pAtura-2,True
05,Akola,06,पातुर,270500060053820003,जिरायत पातुर-3,jirAyata pAtura-3,True
05,Akola,06,पातुर,270500060053860000,जोग तलाव,joga talAva,True
05,Akola,06,पातुर,270500060053340000,झरंडी,jharaMDI,True
05,Akola,06,पातुर,270500060053150000,टाकऴी खेट्री,TAkazhI kheTrI,True
05,Akola,06,पातुर,270500060053710000,डिग्रस खुर्द.,Digrasa khurda.,True
05,Akola,06,पातुर,270500060053380000,डोलारखेड,DolArakheDa,True
05,Akola,06,पातुर,270500060053730000,तादंळी खूर्द,tAdaMLI khUrda,True
05,Akola,06,पातुर,270500060053720000,तांदऴी बु.,tAMdazhI bu.,True
05,Akola,06,पातुर,270500060053180000,तुलंगा खुर्द,tulaMgA khurda,True
05,Akola,06,पातुर,270500060053200000,तुलंगा बु.,tulaMgA bu.,True
05,Akola,06,पातुर,270500060053770000,दादुलगाव,dAdulagAva,True
05,Akola,06,पातुर,270500060053210000,दिग्रस बु.,digrasa bu.,True
05,Akola,06,पातुर,270500060053810000,देऊळगांव,deULagAMva,True
05,Akola,06,पातुर,270500060053620000,धदम,dhadama,True
05,Akola,06,पातुर,270500060053630000,नवेगाव,navegAva,True
05,Akola,06,पातुर,270500060053830000,नांदखेड,nAMdakheDa,True
05,Akola,06,पातुर,270500060053190000,निमखेड,nimakheDa,True
05,Akola,06,पातुर,270500060054000000,पट्टी अमराई पातूर,paTTI amarAI pAtUra,True
05,Akola,06,पातुर,270500060053450000,पळसखेड,paLasakheDa,True
05,Akola,06,पातुर,270500060053550000,पाचरण,pAcharaNa,True
05,Akola,06,पातुर,270500060053500000,पाडसिंगी,pADasiMgI,True
05,Akola,06,पातुर,270500060053930000,पार्डी,pArDI,True
05,Akola,06,पातुर,270500060053970000,पास्टुल,pAsTula,True
05,Akola,06,पातुर,270500060053330000,पांगरताटी,pAMgaratATI,True
05,Akola,06,पातुर,270500060053360000,पांगरा,pAMgarA,True
05,Akola,06,पातुर,270500060053610000,पांर्ढूणा,pAMrDhUNA,True
05,Akola,06,पातुर,270500060053250001,पिंपऴखुटा-1,piMpazhakhuTA-1,True
05,Akola,06,पातुर,270500060053250002,पिंपऴखुटा-2,piMpazhakhuTA-2,True
05,Akola,06,पातुर,270500060053570000,पिंपळडोली,piMpaLaDolI,True
05,Akola,06,पातुर,270500060053890000,बगायत पातुर,bagAyata pAtura,True
05,Akola,06,पातुर,270500060053790000,बाभऴी,bAbhazhI,True
05,Akola,06,पातुर,270500060053780000,बाभूऴगांव,bAbhUzhagAMva,True
05,Akola,06,पातुर,270500060053440000,बेलतऴा,belatazhA,True
05,Akola,06,पातुर,270500060053690000,बेलुरा खुर्द.,belurA khurda.,True
05,Akola,06,पातुर,270500060053680000,बेलुरा बु.,belurA bu.,True
05,Akola,06,पातुर,270500060054010000,बोडखा,boDakhA,True
05,Akola,06,पातुर,270500060053900000,भानोस,bhAnosa,True
05,Akola,06,पातुर,270500060053760000,भंडारज खु.,bhaMDAraja khu.,True
05,Akola,06,पातुर,270500060053740000,भंडारज .बु.,bhaMDAraja .bu.,True
05,Akola,06,पातुर,270500060053910000,मलकापूर,malakApUra,True
05,Akola,06,पातुर,270500060053370000,मळसुर,maLasura,True
05,Akola,06,पातुर,270500060054040000,माऴराजुरा,mAzharAjurA,True
05,Akola,06,पातुर,270500060053870000,मौजे शिव,mauje shiva,True
05,Akola,06,पातुर,270500060053270000,राहेर,rAhera,True
05,Akola,06,पातुर,270500060053160000,लावखेड,lAvakheDa,True
05,Akola,06,पातुर,270500060053390000,वरणगांव,varaNagAMva,True
05,Akola,06,पातुर,270500060053350000,वसाली,vasAlI,True
05,Akola,06,पातुर,270500060053120000,वहाळा बु .,vahALA bu .,True
05,Akola,06,पातुर,270500060053410000,विवरा,vivarA,True
05,Akola,06,पातुर,270500060053130000,शिरपुर,shirapura,True
05,Akola,06,पातुर,270500060053750000,शिर्ला,shirlA,True
05,Akola,06,पातुर,270500060053540000,शेकापुर,shekApura,True
05,Akola,06,पातुर,270500060053220001,सस्ती-1,sastI-1,True
05,Akola,06,पातुर,270500060053220002,सस्ती-2,sastI-2,True
05,Akola,06,पातुर,270500060053290000,सायवनी,sAyavanI,True
05,Akola,06,पातुर,270500060054060000,सावरखेड,sAvarakheDa,True
05,Akola,06,पातुर,270500060053320001,सावरगांव-1,sAvaragAMva-1,True
05,Akola,06,पातुर,270500060053320002,सावरगांव-2,sAvaragAMva-2,True
05,Akola,06,पातुर,270500060053170000,सांगोळा,sAMgoLA,True
05,Akola,06,पातुर,270500060053400000,सुकऴी,sukazhI,True
05,Akola,06,पातुर,270500060053880000,सोतलवन,sotalavana,True
05,Akola,06,पातुर,270500060053600000,सोनूना,sonUnA,True
05,Akola,06,पातुर,270500060053300000,हिवरा,hivarA,True
05,Akola,06,पातुर,270500060053700000,हिंगणा वाडेगांव,hiMgaNA vADegAMva,True
05,Akola,07,बार्शीटाकळी,270500070054690000,अजनी खु.,ajanI khu.,True
05,Akola,07,बार्शीटाकळी,270500070054610000,अजनी बु.,ajanI bu.,True
05,Akola,07,बार्शीटाकळी,270500070054680000,अजनी महाला,ajanI mahAlA,True
05,Akola,07,बार्शीटाकळी,270500070054760000,अटकली,aTakalI,True
05,Akola,07,बार्शीटाकळी,270500070055150000,अटकली.,aTakalI.,True
05,Akola,07,बार्शीटाकळी,270500070054530000,अशकरीपुर,ashakarIpura,True
05,Akola,07,बार्शीटाकळी,270500070054590000,अश्रफपुर,ashraphapura,True
05,Akola,07,बार्शीटाकळी,270500070054520000,आळंदा,ALaMdA,True
05,Akola,07,बार्शीटाकळी,270500070055370000,आसरटेक,AsaraTeka,True
05,Akola,07,बार्शीटाकळी,270500070054660000,इसापुर,isApura,True
05,Akola,07,बार्शीटाकळी,270500070054860000,उजळेश्वर,ujaLeshvara,True
05,Akola,07,बार्शीटाकळी,270500070055530000,उमरदरी,umaradarI,True
05,Akola,07,बार्शीटाकळी,270500070054460000,एरंडा,eraMDA,True
05,Akola,07,बार्शीटाकळी,270500070055460000,करडु,karaDu,True
05,Akola,07,बार्शीटाकळी,270500070054850000,काजळेश्वर,kAjaLeshvara,True
05,Akola,07,बार्शीटाकळी,270500070054440000,कातखेड,kAtakheDa,True
05,Akola,07,बार्शीटाकळी,270500070054420000,कान्हेरी (सरप ),kAnherI (sarapa ),True
05,Akola,07,बार्शीटाकळी,270500070055310000,कासमार,kAsamAra,True
05,Akola,07,बार्शीटाकळी,270500070055580000,कासारखेड,kAsArakheDa,True
05,Akola,07,बार्शीटाकळी,270500070055250000,किनखेड,kinakheDa,True
05,Akola,07,बार्शीटाकळी,270500070054410000,कोथळी खु.,kothaLI khu.,True
05,Akola,07,बार्शीटाकळी,270500070055200000,कोथळी बु.,kothaLI bu.,True
05,Akola,07,बार्शीटाकळी,270500070054350000,खडकी,khaDakI,True
05,Akola,07,बार्शीटाकळी,270500070054650000,खांबोरा,khAMborA,True
05,Akola,07,बार्शीटाकळी,270500070055520000,खेर्डा खु.,kherDA khu.,True
05,Akola,07,बार्शीटाकळी,270500070054910000,खेर्डा बु.,kherDA bu.,True
05,Akola,07,बार्शीटाकळी,270500070055330000,खोपडी,khopaDI,True
05,Akola,07,बार्शीटाकळी,270500070054570000,खोरी खुदावंतपुर,khorI khudAvaMtapura,True
05,Akola,07,बार्शीटाकळी,270500070054470000,गोरव्हा,goravhA,True
05,Akola,07,बार्शीटाकळी,270500070055490000,घोटा,ghoTA,True
05,Akola,07,बार्शीटाकळी,270500070055000000,चिंचखेड खु.,chiMchakheDa khu.,True
05,Akola,07,बार्शीटाकळी,270500070055600000,चिंचखेड बु.,chiMchakheDa bu.,True
05,Akola,07,बार्शीटाकळी,270500070055230000,चिंचोली देवदरी,chiMcholI devadarI,True
05,Akola,07,बार्शीटाकळी,270500070054170000,चिंचोली रुद्रायणी,chiMcholI rudrAyaNI,True
05,Akola,07,बार्शीटाकळी,270500070054280000,चेलका,chelakA,True
05,Akola,07,बार्शीटाकळी,270500070054400000,चोहोगांव,chohogAMva,True
05,Akola,07,बार्शीटाकळी,270500070054240000,जनुना,janunA,True
05,Akola,07,बार्शीटाकळी,270500070055620000,जमकेश्वर,jamakeshvara,True
05,Akola,07,बार्शीटाकळी,270500070054140000,जलालाबाद,jalAlAbAda,True
05,Akola,07,बार्शीटाकळी,270500070055130000,जानुना,jAnunA,True
05,Akola,07,बार्शीटाकळी,270500070054360000,जाम वसु,jAma vasu,True
05,Akola,07,बार्शीटाकळी,270500070055070000,जांभरून,jAMbharUna,True
05,Akola,07,बार्शीटाकळी,270500070054770000,जोगलखेड,jogalakheDa,True
05,Akola,07,बार्शीटाकळी,270500070055320000,झोडगा,jhoDagA,True
05,Akola,07,बार्शीटाकळी,270500070054990000,टाकरखेड,TAkarakheDa,True
05,Akola,07,बार्शीटाकळी,270500070055390000,टाकली छबीले,TAkalI ChabIle,True
05,Akola,07,बार्शीटाकळी,270500070055030000,टिटवा,TiTavA,True
05,Akola,07,बार्शीटाकळी,270500070055630000,टीटवा,TITavA,True
05,Akola,07,बार्शीटाकळी,270500070055110000,टेभी,TebhI,True
05,Akola,07,बार्शीटाकळी,270500070054880000,डउचका,DauchakA,True
05,Akola,07,बार्शीटाकळी,270500070054600000,तवकलपुर,tavakalapura,True
05,Akola,07,बार्शीटाकळी,270500070054820000,तामसी,tAmasI,True
05,Akola,07,बार्शीटाकळी,270500070055020000,तिवसा खु.,tivasA khu.,True
05,Akola,07,बार्शीटाकळी,270500070055010000,तिवसा बु.,tivasA bu.,True
05,Akola,07,बार्शीटाकळी,270500070054790000,दगडपारवा,dagaDapAravA,True
05,Akola,07,बार्शीटाकळी,270500070055260000,देवदरी,devadarI,True
05,Akola,07,बार्शीटाकळी,270500070054830000,दोनद खु.,donada khu.,True
05,Akola,07,बार्शीटाकळी,270500070054810000,दोनद बु.,donada bu.,True
05,Akola,07,बार्शीटाकळी,270500070055610000,धाकली,dhAkalI,True
05,Akola,07,बार्शीटाकळी,270500070055270000,धानोरा,dhAnorA,True
05,Akola,07,बार्शीटाकळी,270500070054330000,धाबा,dhAbA,True
05,Akola,07,बार्शीटाकळी,270500070054380000,धामनदरी,dhAmanadarI,True
05,Akola,07,बार्शीटाकळी,270500070055510000,धारागिरी,dhArAgirI,True
05,Akola,07,बार्शीटाकळी,270500070055280000,धोतरखेड,dhotarakheDa,True
05,Akola,07,बार्शीटाकळी,270500070054620000,नसीराबाद,nasIrAbAda,True
05,Akola,07,बार्शीटाकळी,270500070055560000,निहीदा,nihIdA,True
05,Akola,07,बार्शीटाकळी,270500070054340000,निंबी,niMbI,True
05,Akola,07,बार्शीटाकळी,270500070055430000,निंबी खु.,niMbI khu.,True
05,Akola,07,बार्शीटाकळी,270500070055440000,निंबी बु.,niMbI bu.,True
05,Akola,07,बार्शीटाकळी,270500070054870000,निंभारा,niMbhArA,True
05,Akola,07,बार्शीटाकळी,270500070054220000,पदमीन,padamIna,True
05,Akola,07,बार्शीटाकळी,270500070054480000,परंडा,paraMDA,True
05,Akola,07,बार्शीटाकळी,270500070054180000,पाटखेड,pATakheDa,True
05,Akola,07,बार्शीटाकळी,270500070055380000,पारडी,pAraDI,True
05,Akola,07,बार्शीटाकळी,270500070055500000,पाराभवानी,pArAbhavAnI,True
05,Akola,07,बार्शीटाकळी,270500070055470001,पिंजर-1,piMjara-1,True
05,Akola,07,बार्शीटाकळी,270500070055470002,पिंजर-2,piMjara-2,True
05,Akola,07,बार्शीटाकळी,270500070054500000,पिंपळखुटा,piMpaLakhuTA,True
05,Akola,07,बार्शीटाकळी,270500070055570000,पिंपळगाव चांभारे,piMpaLagAva chAMbhAre,True
05,Akola,07,बार्शीटाकळी,270500070055650000,पिंपळगाव हांडे,piMpaLagAva hAMDe,True
05,Akola,07,बार्शीटाकळी,270500070054720000,पिंपळशेडा,piMpaLasheDA,True
05,Akola,07,बार्शीटाकळी,270500070054780000,पुनोती खु.,punotI khu.,True
05,Akola,07,बार्शीटाकळी,270500070054210000,पुनोती बु.,punotI bu.,True
05,Akola,07,बार्शीटाकळी,270500070055290000,फेट्रा,pheTrA,True
05,Akola,07,बार्शीटाकळी,270500070055540000,बहिरखेड,bahirakheDa,True
05,Akola,07,बार्शीटाकळी,270500070054090000,बाखरापुर,bAkharApura,True
05,Akola,07,बार्शीटाकळी,270500070054560000,बागायत बाशिर्टाकळी,bAgAyata bAshirTAkaLI,True
05,Akola,07,बार्शीटाकळी,270500070054550001,बार्शीटाकळी-1,bArshITAkaLI-1,True
05,Akola,07,बार्शीटाकळी,270500070054550002,बार्शीटाकळी-2,bArshITAkaLI-2,True
05,Akola,07,बार्शीटाकळी,270500070054270000,बेलखेड,belakheDa,True
05,Akola,07,बार्शीटाकळी,270500070054300000,बोरमळी,boramaLI,True
05,Akola,07,बार्शीटाकळी,270500070054490000,ब्राम्हणदरी,brAmhaNadarI,True
05,Akola,07,बार्शीटाकळी,270500070054580000,भरतपुर,bharatapura,True
05,Akola,07,बार्शीटाकळी,270500070055350000,भांबोरा,bhAMborA,True
05,Akola,07,बार्शीटाकळी,270500070054920000,भेडीकाझी,bheDIkAjhI,True
05,Akola,07,बार्शीटाकळी,270500070054960000,भेडी सुत्रक,bheDI sutraka,True
05,Akola,07,बार्शीटाकळी,270500070054940000,भेंडगाव,bheMDagAva,True
05,Akola,07,बार्शीटाकळी,270500070054950000,भेंडीमहाल,bheMDImahAla,True
05,Akola,07,बार्शीटाकळी,270500070054930000,मनमतखेड,manamatakheDa,True
05,Akola,07,बार्शीटाकळी,270500070054740000,महागांव,mahAgAMva,True
05,Akola,07,बार्शीटाकळी,270500070055120000,महागांव.,mahAgAMva.,True
05,Akola,07,बार्शीटाकळी,270500070055090000,महान,mahAna,True
05,Akola,07,बार्शीटाकळी,270500070054370000,मांडोली,mAMDolI,True
05,Akola,07,बार्शीटाकळी,270500070054750000,मिर्झापुर,mirjhApura,True
05,Akola,07,बार्शीटाकळी,270500070054370001,मुंगसाजी नगर,muMgasAjI nagara,True
05,Akola,07,बार्शीटाकळी,270500070055480000,मोझरी  खु.,mojharI  khu.,True
05,Akola,07,बार्शीटाकळी,270500070055410000,मोझरी बु.,mojharI bu.,True
05,Akola,07,बार्शीटाकळी,270500070055360000,मोरगाव काकड,moragAva kAkaDa,True
05,Akola,07,बार्शीटाकळी,270500070055590000,मो-हळ,mo-haLa,True
05,Akola,07,बार्शीटाकळी,270500070054200000,मंगरूळ,maMgarULa,True
05,Akola,07,बार्शीटाकळी,270500070054840000,यावलखेड,yAvalakheDa,True
05,Akola,07,बार्शीटाकळी,270500070054190000,राजनखेड,rAjanakheDa,True
05,Akola,07,बार्शीटाकळी,270500070054250000,राजनखेड तांडा,rAjanakheDa tAMDA,True
05,Akola,07,बार्शीटाकळी,270500070054130001,राजंदा-1,rAjaMdA-1,True
05,Akola,07,बार्शीटाकळी,270500070054130002,राजंदा-2,rAjaMdA-2,True
05,Akola,07,बार्शीटाकळी,270500070055100000,रामगांव,rAmagAMva,True
05,Akola,07,बार्शीटाकळी,270500070054670000,राहीत,rAhIta,True
05,Akola,07,बार्शीटाकळी,270500070054510000,रूस्तमाबाद,rUstamAbAda,True
05,Akola,07,बार्शीटाकळी,270500070054700000,रेडवा,reDavA,True
05,Akola,07,बार्शीटाकळी,270500070055550000,लखमापुर,lakhamApura,True
05,Akola,07,बार्शीटाकळी,270500070054320000,लोहगड,lohagaDa,True
05,Akola,07,बार्शीटाकळी,270500070054310000,लोहगड तांडा,lohagaDa tAMDA,True
05,Akola,07,बार्शीटाकळी,270500070055450000,वडगाव,vaDagAva,True
05,Akola,07,बार्शीटाकळी,270500070054710000,वडाला,vaDAlA,True
05,Akola,07,बार्शीटाकळी,270500070055140000,वडाळा,vaDALA,True
05,Akola,07,बार्शीटाकळी,270500070054070000,वरखेड,varakheDa,True
05,Akola,07,बार्शीटाकळी,270500070055220000,वरखेड खु.,varakheDa khu.,True
05,Akola,07,बार्शीटाकळी,270500070054800000,वरखेड बु.,varakheDa bu.,True
05,Akola,07,बार्शीटाकळी,270500070054150000,वरखेड वाघजाली,varakheDa vAghajAlI,True
05,Akola,07,बार्शीटाकळी,270500070055180000,वस्तापूर,vastApUra,True
05,Akola,07,बार्शीटाकळी,270500070055190000,वाई,vAI,True
05,Akola,07,बार्शीटाकळी,270500070054160000,वाघजाळी,vAghajALI,True
05,Akola,07,बार्शीटाकळी,270500070055300000,वाघा खु.,vAghA khu.,True
05,Akola,07,बार्शीटाकळी,270500070055210000,वाघा बु.,vAghA bu.,True
05,Akola,07,बार्शीटाकळी,270500070054730000,वानखेडपुर,vAnakheDapura,True
05,Akola,07,बार्शीटाकळी,270500070054980000,वाल्पी,vAlpI,True
05,Akola,07,बार्शीटाकळी,270500070054450000,विझोरा,vijhorA,True
05,Akola,07,बार्शीटाकळी,270500070054110000,शहापुर,shahApura,True
05,Akola,07,बार्शीटाकळी,270500070055050000,शिवापुर,shivApura,True
05,Akola,07,बार्शीटाकळी,270500070054100000,शिंदखेड,shiMdakheDa,True
05,Akola,07,बार्शीटाकळी,270500070054260000,शेलगांव,shelagAMva,True
05,Akola,07,बार्शीटाकळी,270500070054630000,शेलापुर,shelApura,True
05,Akola,07,बार्शीटाकळी,270500070054900000,शेलु खु.,shelu khu.,True
05,Akola,07,बार्शीटाकळी,270500070054890000,शेलु बु.,shelu bu.,True
05,Akola,07,बार्शीटाकळी,270500070054230000,सकनी,sakanI,True
05,Akola,07,बार्शीटाकळी,270500070054540000,सफेपुर,saphepura,True
05,Akola,07,बार्शीटाकळी,270500070054430000,सराव,sarAva,True
05,Akola,07,बार्शीटाकळी,270500070055240000,साखरविरा,sAkharavirA,True
05,Akola,07,बार्शीटाकळी,270500070055080000,सातळी,sAtaLI,True
05,Akola,07,बार्शीटाकळी,270500070055400000,सादलपुर,sAdalapura,True
05,Akola,07,बार्शीटाकळी,270500070054390000,सायखेड,sAyakheDa,True
05,Akola,07,बार्शीटाकळी,270500070055340000,सारकिन्ही,sArakinhI,True
05,Akola,07,बार्शीटाकळी,270500070054970000,साल्पी,sAlpI,True
05,Akola,07,बार्शीटाकळी,270500070055640000,सावरखेड,sAvarakheDa,True
05,Akola,07,बार्शीटाकळी,270500070054640000,साहीत,sAhIta,True
05,Akola,07,बार्शीटाकळी,270500070054080000,सुकळी,sukaLI,True
05,Akola,07,बार्शीटाकळी,270500070055420000,सुलतानपुर,sulatAnapura,True
05,Akola,07,बार्शीटाकळी,270500070054290000,सेवानगर,sevAnagara,True
05,Akola,07,बार्शीटाकळी,270500070055040000,सैय्यदपुर,saiyyadapura,True
05,Akola,07,बार्शीटाकळी,270500070054120000,सोनगिरी,sonagirI,True
05,Akola,07,बार्शीटाकळी,270500070055060000,हलदोली,haladolI,True
05,Akola,07,बार्शीटाकळी,270500070055160000,हातोला,hAtolA,True
05,Akola,07,बार्शीटाकळी,270500070055170000,हिरकनी,hirakanI,True
05,Akola,03,बाळापुर,270500030049060000,अडोशी,aDoshI,True
05,Akola,03,बाळापुर,270500030048840000,अंत्री मलकापूर,aMtrI malakApUra,True
05,Akola,03,बाळापुर,270500030048730001,अंदुरा-1,aMdurA-1,True
05,Akola,03,बाळापुर,270500030048730002,अंदुरा-2,aMdurA-2,True
05,Akola,03,बाळापुर,270500030048860000,उरळ खुर्द,uraLa khurda,True
05,Akola,03,बाळापुर,270500030048870000,उरळ बु.,uraLa bu.,True
05,Akola,03,बाळापुर,270500030049240000,ओंकारखेड,oMkArakheDa,True
05,Akola,03,बाळापुर,270500030049050000,कडोशी,kaDoshI,True
05,Akola,03,बाळापुर,270500030048970000,कळंबा खुर्द,kaLaMbA khurda,True
05,Akola,03,बाळापुर,270500030048990000,कळंबा बु.,kaLaMbA bu.,True
05,Akola,03,बाळापुर,270500030048980000,कळंबी महागांव,kaLaMbI mahAgAMva,True
05,Akola,03,बाळापुर,270500030048810000,कवठा,kavaThA,True
05,Akola,03,बाळापुर,270500030049010000,कसुरा,kasurA,True
05,Akola,03,बाळापुर,270500030048590000,काजीखेड,kAjIkheDa,True
05,Akola,03,बाळापुर,270500030049170000,कान्हेरी,kAnherI,True
05,Akola,03,बाळापुर,270500030048770000,कारंजा रमजानपुर,kAraMjA ramajAnapura,True
05,Akola,03,बाळापुर,270500034050300006,काळबाई,kALabAI,True
05,Akola,03,बाळापुर,270500034050300007,कासारखेड,kAsArakheDa,True
05,Akola,03,बाळापुर,270500030049320000,कास्तखेड,kAstakheDa,True
05,Akola,03,बाळापुर,270500030049400000,कुपटा,kupaTA,True
05,Akola,03,बाळापुर,270500030049120000,कुंभारी,kuMbhArI,True
05,Akola,03,बाळापुर,270500030049280000,कोळासा,koLAsA,True
05,Akola,03,बाळापुर,270500030049020000,खरबी,kharabI,True
05,Akola,03,बाळापुर,270500030049430000,खामखेड,khAmakheDa,True
05,Akola,03,बाळापुर,270500030049200000,खिरपुरी खुर्द,khirapurI khurda,True
05,Akola,03,बाळापुर,270500030049230000,खिरपुरी बु.,khirapurI bu.,True
05,Akola,03,बाळापुर,270500030048920000,खंडाळा,khaMDALA,True
05,Akola,03,बाळापुर,270500034050300003,गाजीपुर,gAjIpura,True
05,Akola,03,बाळापुर,270500030049390000,गाडेमोड,gADemoDa,True
05,Akola,03,बाळापुर,270500030049140001,गायगांव-1,gAyagAMva-1,True
05,Akola,03,बाळापुर,270500030049140002,गायगांव-2,gAyagAMva-2,True
05,Akola,03,बाळापुर,270500030049530000,चिंचोली गणु,chiMcholI gaNu,True
05,Akola,03,बाळापुर,270500030048620000,जानोरीमेळ,jAnorImeLa,True
05,Akola,03,बाळापुर,270500030049260000,जोगलखेड,jogalakheDa,True
05,Akola,03,बाळापुर,270500030048950000,झुरळ खुर्द,jhuraLa khurda,True
05,Akola,03,बाळापुर,270500030048940000,झुरळ बु,jhuraLa bu,True
05,Akola,03,बाळापुर,270500030049180000,टाकळी कुरेशी,TAkaLI kureshI,True
05,Akola,03,बाळापुर,270500030049030000,टाकळी खोजबोड,TAkaLI khojaboDa,True
05,Akola,03,बाळापुर,270500030049350000,टाकळी गाडेमोड,TAkaLI gADemoDa,True
05,Akola,03,बाळापुर,270500030049070001,टाकळी निमकर्दा-1,TAkaLI nimakardA-1,True
05,Akola,03,बाळापुर,270500030049070002,टाकळी निमकर्दा-2,TAkaLI nimakardA-2,True
05,Akola,03,बाळापुर,270500030048830000,डोंगरगांव,DoMgaragAMva,True
05,Akola,03,बाळापुर,270500030049480000,तामशी,tAmashI,True
05,Akola,03,बाळापुर,270500030049500000,तांदळी तर्फे तुलंगा,tAMdaLI tarphe tulaMgA,True
05,Akola,03,बाळापुर,270500030048640000,दगडखेड,dagaDakheDa,True
05,Akola,03,बाळापुर,270500030049210000,दधम बु.,dadhama bu.,True
05,Akola,03,बाळापुर,270500030049300000,दावलपुर,dAvalapura,True
05,Akola,03,बाळापुर,270500030049450000,देगांव,degAMva,True
05,Akola,03,बाळापुर,270500030049470000,धनेगांव,dhanegAMva,True
05,Akola,03,बाळापुर,270500030049520000,धाडी,dhADI,True
05,Akola,03,बाळापुर,270500030049090000,धानोरा,dhAnorA,True
05,Akola,03,बाळापुर,270500030049550000,नकाशी,nakAshI,True
05,Akola,03,बाळापुर,270500030048760000,नया अंदुरा,nayA aMdurA,True
05,Akola,03,बाळापुर,270500030048650000,नागद,nAgada,True
05,Akola,03,बाळापुर,270500030049190000,नांदखेड,nAMdakheDa,True
05,Akola,03,बाळापुर,270500030049080000,निमकर्दा,nimakardA,True
05,Akola,03,बाळापुर,270500030048710000,निंबा,niMbA,True
05,Akola,03,बाळापुर,270500030048790000,निंबी,niMbI,True
05,Akola,03,बाळापुर,270500030049270001,पारस-1,pArasa-1,True
05,Akola,03,बाळापुर,270500030049270002,पारस-2,pArasa-2,True
05,Akola,03,बाळापुर,270500030049490000,पिंपळगांव,piMpaLagAMva,True
05,Akola,03,बाळापुर,270500030049410000,बटवाडी खुर्द,baTavADI khurda,True
05,Akola,03,बाळापुर,270500030049420000,बटवाडी बु.,baTavADI bu.,True
05,Akola,03,बाळापुर,270500030049510000,बल्हाळी,balhALI,True
05,Akola,03,बाळापुर,270500030048800000,बहादुरा,bahAdurA,True
05,Akola,03,बाळापुर,270500034050300005,बाभुळखेड,bAbhuLakheDa,True
05,Akola,03,बाळापुर,270500030049220000,बारलींगा,bAralIMgA,True
05,Akola,03,बाळापुर,270500030048750000,बोरगांव वैराळे,boragAMva vairALe,True
05,Akola,03,बाळापुर,270500030049110000,बोरवाकडी,boravAkaDI,True
05,Akola,03,बाळापुर,270500030049100000,बोराळा,borALA,True
05,Akola,03,बाळापुर,270500030049560000,भरतपुर,bharatapura,True
05,Akola,03,बाळापुर,270500030049330000,भिकुंडखेड,bhikuMDakheDa,True
05,Akola,03,बाळापुर,270500030048780000,भोरटेक,bhoraTeka,True
05,Akola,03,बाळापुर,270500030049250000,मनारखेड,manArakheDa,True
05,Akola,03,बाळापुर,270500030049130000,मनाली,manAlI,True
05,Akola,03,बाळापुर,270500030049440000,मानकी,mAnakI,True
05,Akola,03,बाळापुर,270500030048700000,मालखेड,mAlakheDa,True
05,Akola,03,बाळापुर,270500030048900000,मालवाडा,mAlavADA,True
05,Akola,03,बाळापुर,270500030048910000,मांजरी,mAMjarI,True
05,Akola,03,बाळापुर,270500030049380000,मांडवा खुर्द,mAMDavA khurda,True
05,Akola,03,बाळापुर,270500030049370000,मांडवा बु.,mAMDavA bu.,True
05,Akola,03,बाळापुर,270500030049310000,मांडोली,mAMDolI,True
05,Akola,03,बाळापुर,270500030048630000,मोखा,mokhA,True
05,Akola,03,बाळापुर,270500034050300004,मोधापुर,modhApura,True
05,Akola,03,बाळापुर,270500030048930000,मोरगांव सादीजन,moragAMva sAdIjana,True
05,Akola,03,बाळापुर,270500030048880000,मोरझाडी,morajhADI,True
05,Akola,03,बाळापुर,270500030049150000,रिधोरा,ridhorA,True
05,Akola,03,बाळापुर,270500030048820001,लोहारा-1,lohArA-1,True
05,Akola,03,बाळापुर,270500030048820002,लोहारा-2,lohArA-2,True
05,Akola,03,बाळापुर,270500030048820003,लोहारा-3,lohArA-3,True
05,Akola,03,बाळापुर,270500030048680000,वझेगांव,vajhegAMva,True
05,Akola,03,बाळापुर,270500030049540001,वाडेगांव-1,vADegAMva-1,True
05,Akola,03,बाळापुर,270500030049540002,वाडेगांव-2,vADegAMva-2,True
05,Akola,03,बाळापुर,270500030049540003,वाडेगांव-3,vADegAMva-3,True
05,Akola,03,बाळापुर,270500030049160001,व्याळा-1,vyALA-1,True
05,Akola,03,बाळापुर,270500030049160002,व्याळा-2,vyALA-2,True
05,Akola,03,बाळापुर,270500030048850000,शिंगोली,shiMgolI,True
05,Akola,03,बाळापुर,270500030049340000,शेळद,sheLada,True
05,Akola,03,बाळापुर,270500030048660000,सागद,sAgada,True
05,Akola,03,बाळापुर,270500030049290000,सातरगांव,sAtaragAMva,True
05,Akola,03,बाळापुर,270500030048960000,सावरपाटी,sAvarapATI,True
05,Akola,03,बाळापुर,270500030049460000,सांगवी जोमदेव,sAMgavI jomadeva,True
05,Akola,03,बाळापुर,270500030049000000,सोनगीरी,sonagIrI,True
05,Akola,03,बाळापुर,270500030048740000,सोनाळा,sonALA,True
05,Akola,03,बाळापुर,270500030048610000,स्वरुपखेड,svarupakheDa,True
05,Akola,03,बाळापुर,270500030049040000,हसनापुर,hasanApura,True
05,Akola,03,बाळापुर,270500030048890000,हातरुण,hAtaruNa,True
05,Akola,03,बाळापुर,270500030048720001,हाता-1,hAtA-1,True
05,Akola,03,बाळापुर,270500030048720002,हाता-2,hAtA-2,True
05,Akola,03,बाळापुर,270500030048670000,हिंगणा अडसुळ,hiMgaNA aDasuLa,True
05,Akola,03,बाळापुर,270500030048690000,हिंगणा निंबा,hiMgaNA niMbA,True
05,Akola,03,बाळापुर,270500030048600000,हिंगणाशिकारी,hiMgaNAshikArI,True
05,Akola,03,बाळापुर,270500030049360000,हिंगणा शेळद,hiMgaNA sheLada,True
05,Akola,05,मुर्तुज़ापुर,270500050052700000,अकोली जहांगीर,akolI jahAMgIra,True
05,Akola,05,मुर्तुज़ापुर,270500050051780000,अटकळी,aTakaLI,True
05,Akola,05,मुर्तुज़ापुर,270500050052050000,अनभोरा,anabhorA,True
05,Akola,05,मुर्तुज़ापुर,270500050052500000,अलादतपूर,alAdatapUra,True
05,Akola,05,मुर्तुज़ापुर,270500050052410000,अल्लापूर,allApUra,True
05,Akola,05,मुर्तुज़ापुर,270500050051900000,आमतवाडा,AmatavADA,True
05,Akola,05,मुर्तुज़ापुर,270500050052830000,आरखेड,ArakheDa,True
05,Akola,05,मुर्तुज़ापुर,270500050052400000,ईसफपुर,Isaphapura,True
05,Akola,05,मुर्तुज़ापुर,270500050052480000,उनखेड,unakheDa,True
05,Akola,05,मुर्तुज़ापुर,270500050051770000,उमई,umaI,True
05,Akola,05,मुर्तुज़ापुर,270500050052900000,उमरी,umarI,True
05,Akola,05,मुर्तुज़ापुर,270500050052510000,औरंगपूर,auraMgapUra,True
05,Akola,05,मुर्तुज़ापुर,270500050053010000,कमळखेड,kamaLakheDa,True
05,Akola,05,मुर्तुज़ापुर,270500050053020000,कमळणी,kamaLaNI,True
05,Akola,05,मुर्तुज़ापुर,270500050052120000,कवठा खोलापूर,kavaThA kholApUra,True
05,Akola,05,मुर्तुज़ापुर,270500050052650000,कवठा सोपीनाथ,kavaThA sopInAtha,True
05,Akola,05,मुर्तुज़ापुर,270500050052990000,कव्हळा,kavhaLA,True
05,Akola,05,मुर्तुज़ापुर,270500050051940000,कादवी,kAdavI,True
05,Akola,05,मुर्तुज़ापुर,270500050053000000,कानडी,kAnaDI,True
05,Akola,05,मुर्तुज़ापुर,270500050052940000,कामठा,kAmaThA,True
05,Akola,05,मुर्तुज़ापुर,270500050052730000,कारली,kAralI,True
05,Akola,05,मुर्तुज़ापुर,270500050051960000,कासवी,kAsavI,True
05,Akola,05,मुर्तुज़ापुर,270500050052470000,कासारखेड,kAsArakheDa,True
05,Akola,05,मुर्तुज़ापुर,270500050053040000,किनखेड,kinakheDa,True
05,Akola,05,मुर्तुज़ापुर,270500050052780000,किन्ही,kinhI,True
05,Akola,05,मुर्तुज़ापुर,270500050052580001,कुरुम-1,kuruma-1,True
05,Akola,05,मुर्तुज़ापुर,270500050052580002,कुरुम-2,kuruma-2,True
05,Akola,05,मुर्तुज़ापुर,270500050052140000,कोळसरा,koLasarA,True
05,Akola,05,मुर्तुज़ापुर,270500050052810000,कंझरा,kaMjharA,True
05,Akola,05,मुर्तुज़ापुर,270500050051840000,खरबडी,kharabaDI,True
05,Akola,05,मुर्तुज़ापुर,270500050051870000,खरब ढोरे,kharaba Dhore,True
05,Akola,05,मुर्तुज़ापुर,270500050051850000,खरब नवले,kharaba navale,True
05,Akola,05,मुर्तुज़ापुर,270500050051630000,खापरवाडा,khAparavADA,True
05,Akola,05,मुर्तुज़ापुर,270500050053090000,खांदला,khAMdalA,True
05,Akola,05,मुर्तुज़ापुर,270500050051680000,खुदावंतपूर,khudAvaMtapUra,True
05,Akola,05,मुर्तुज़ापुर,270500050052550000,खोडद,khoDada,True
05,Akola,05,मुर्तुज़ापुर,270500050052690000,गणेशपुर,gaNeshapura,True
05,Akola,05,मुर्तुज़ापुर,270500050051910000,गाजीपुर,gAjIpura,True
05,Akola,05,मुर्तुज़ापुर,270500050052280000,गिरधरपुर,giradharapura,True
05,Akola,05,मुर्तुज़ापुर,270500050052150000,गुंजवाडा,guMjavADA,True
05,Akola,05,मुर्तुज़ापुर,270500050053130000,गोपालपुंर,gopAlapuMra,True
05,Akola,05,मुर्तुज़ापुर,270500050051930000,गोरेगांव,goregAMva,True
05,Akola,05,मुर्तुज़ापुर,270500050052910000,गौलखेड,gaulakheDa,True
05,Akola,05,मुर्तुज़ापुर,270500050052490000,गौलखेडी,gaulakheDI,True
05,Akola,05,मुर्तुज़ापुर,270500050051540000,घुंगशी,ghuMgashI,True
05,Akola,05,मुर्तुज़ापुर,270500050051950000,चिखली,chikhalI,True
05,Akola,05,मुर्तुज़ापुर,270500050052250000,चिंचखेड,chiMchakheDa,True
05,Akola,05,मुर्तुज़ापुर,270500050052840000,जामठी खु.,jAmaThI khu.,True
05,Akola,05,मुर्तुज़ापुर,270500050052630000,जामठी खू.,jAmaThI khU.,True
05,Akola,05,मुर्तुज़ापुर,270500050052660000,जामठी बु.,jAmaThI bu.,True
05,Akola,05,मुर्तुज़ापुर,270500050051750000,जांभा खु.,jAMbhA khu.,True
05,Akola,05,मुर्तुज़ापुर,270500050051730000,जांभा बु.,jAMbhA bu.,True
05,Akola,05,मुर्तुज़ापुर,270500050052390000,जितापूर,jitApUra,True
05,Akola,05,मुर्तुज़ापुर,270500050051790000,जितापूर नाकट,jitApUra nAkaTa,True
05,Akola,05,मुर्तुज़ापुर,270500050052590000,जेठापूर,jeThApUra,True
05,Akola,05,मुर्तुज़ापुर,270500050051920000,टाकळी गाजीपूर,TAkaLI gAjIpUra,True
05,Akola,05,मुर्तुज़ापुर,270500050052350000,टिपटाळा,TipaTALA,True
05,Akola,05,मुर्तुज़ापुर,270500050051650000,ताकवाडा,tAkavADA,True
05,Akola,05,मुर्तुज़ापुर,270500050052920000,तुरखेड,turakheDa,True
05,Akola,05,मुर्तुज़ापुर,270500050051710000,दताळा,datALA,True
05,Akola,05,मुर्तुज़ापुर,270500050052850000,दहातोंडा,dahAtoMDA,True
05,Akola,05,मुर्तुज़ापुर,270500050051590000,दातवी,dAtavI,True
05,Akola,05,मुर्तुज़ापुर,270500050051640000,दापूरा,dApUrA,True
05,Akola,05,मुर्तुज़ापुर,270500050051610000,दुर्गवाडा,durgavADA,True
05,Akola,05,मुर्तुज़ापुर,270500050051860000,देवरण,devaraNa,True
05,Akola,05,मुर्तुज़ापुर,270500050052880000,धानोरा खु.,dhAnorA khu.,True
05,Akola,05,मुर्तुज़ापुर,270500050053100000,धानोरा पाटेकर,dhAnorA pATekara,True
05,Akola,05,मुर्तुज़ापुर,270500050052870000,धानोरा बु.,dhAnorA bu.,True
05,Akola,05,मुर्तुज़ापुर,270500050052080000,धानोरा वैद्य,dhAnorA vaidya,True
05,Akola,05,मुर्तुज़ापुर,270500050052710000,धामोरी खु.,dhAmorI khu.,True
05,Akola,05,मुर्तुज़ापुर,270500050052720000,धामोरी बु.,dhAmorI bu.,True
05,Akola,05,मुर्तुज़ापुर,270500050052970000,धोत्रा शिंदे,dhotrA shiMde,True
05,Akola,05,मुर्तुज़ापुर,270500050052240000,नवसाळ,navasALa,True
05,Akola,05,मुर्तुज़ापुर,270500050052460000,नागठाणा,nAgaThANA,True
05,Akola,05,मुर्तुज़ापुर,270500050052450000,नागोली,nAgolI,True
05,Akola,05,मुर्तुज़ापुर,270500050053030000,निंभा,niMbhA,True
05,Akola,05,मुर्तुज़ापुर,270500050052010000,पळसोडा,paLasoDA,True
05,Akola,05,मुर्तुज़ापुर,270500050051560000,पारद,pArada,True
05,Akola,05,मुर्तुज़ापुर,270500050052220000,पिवशी,pivashI,True
05,Akola,05,मुर्तुज़ापुर,270500050052100000,पिंगळा,piMgaLA,True
05,Akola,05,मुर्तुज़ापुर,270500050053070000,पिंपळशेंडा,piMpaLasheMDA,True
05,Akola,05,मुर्तुज़ापुर,270500050052210000,पोता,potA,True
05,Akola,05,मुर्तुज़ापुर,270500050052200000,पोही,pohI,True
05,Akola,05,मुर्तुज़ापुर,270500050052800000,फणी,phaNI,True
05,Akola,05,मुर्तुज़ापुर,270500050052520000,बपोरी,baporI,True
05,Akola,05,मुर्तुज़ापुर,270500050052180000,बल्लारखेड,ballArakheDa,True
05,Akola,05,मुर्तुज़ापुर,270500050052260000,बहादरपुर,bahAdarapura,True
05,Akola,05,मुर्तुज़ापुर,270500050052950000,बाळापूर,bALApUra,True
05,Akola,05,मुर्तुज़ापुर,270500050053050000,बिडगांव,biDagAMva,True
05,Akola,05,मुर्तुज़ापुर,270500050052770000,बोरगाव,boragAva,True
05,Akola,05,मुर्तुज़ापुर,270500050052160000,बोर्टा,borTA,True
05,Akola,05,मुर्तुज़ापुर,270500050052360000,ब्रम्ही खु.,bramhI khu.,True
05,Akola,05,मुर्तुज़ापुर,270500050052370000,ब्रम्ही (बाई),bramhI (bAI),True
05,Akola,05,मुर्तुज़ापुर,270500050052330000,ब्रम्ही बु.,bramhI bu.,True
05,Akola,05,मुर्तुज़ापुर,270500050052070000,भगोरा,bhagorA,True
05,Akola,05,मुर्तुज़ापुर,270500050051570000,भटोरी,bhaTorI,True
05,Akola,05,मुर्तुज़ापुर,270500050052560000,मधापूरी,madhApUrI,True
05,Akola,05,मुर्तुज़ापुर,270500050052430000,मलकापूर,malakApUra,True
05,Akola,05,मुर्तुज़ापुर,270500050052620000,माटोडा,mAToDA,True
05,Akola,05,मुर्तुज़ापुर,270500050051830000,माटोडा,mAToDA,True
05,Akola,05,मुर्तुज़ापुर,270500050052290000,माना,mAnA,True
05,Akola,05,मुर्तुज़ापुर,270500050053120000,मिरापुर,mirApura,True
05,Akola,05,मुर्तुज़ापुर,270500050052860000,मुरंबा,muraMbA,True
05,Akola,05,मुर्तुज़ापुर,270500054050800000,मुर्तिजापूर,murtijApUra,True
05,Akola,05,मुर्तुज़ापुर,270500050051520000,मुंगशी,muMgashI,True
05,Akola,05,मुर्तुज़ापुर,270500050053060000,मोझर,mojhara,True
05,Akola,05,मुर्तुज़ापुर,270500050052960000,मोहखेड,mohakheDa,True
05,Akola,05,मुर्तुज़ापुर,270500050052380000,मोहबतपूर,mohabatapUra,True
05,Akola,05,मुर्तुज़ापुर,270500050051690000,मंगरुळ कांबे,maMgaruLa kAMbe,True
05,Akola,05,मुर्तुज़ापुर,270500050052540000,मंदुरा,maMdurA,True
05,Akola,05,मुर्तुज़ापुर,270500050051740000,यशवंतपूर,yashavaMtapUra,True
05,Akola,05,मुर्तुज़ापुर,270500050052090000,येंडली,yeMDalI,True
05,Akola,05,मुर्तुज़ापुर,270500050051670000,रसुलपुर,rasulapura,True
05,Akola,05,मुर्तुज़ापुर,270500050052420000,रसुलपूर,rasulapUra,True
05,Akola,05,मुर्तुज़ापुर,270500050052640000,राजनापूर खिनखिनी,rAjanApUra khinakhinI,True
05,Akola,05,मुर्तुज़ापुर,270500050053080000,राजूरा घाटे,rAjUrA ghATe,True
05,Akola,05,मुर्तुज़ापुर,270500050052670000,राजूरा सरोदे,rAjUrA sarode,True
05,Akola,05,मुर्तुज़ापुर,270500050052030000,रामखेड,rAmakheDa,True
05,Akola,05,मुर्तुज़ापुर,270500050052230000,रामटेक,rAmaTeka,True
05,Akola,05,मुर्तुज़ापुर,270500050051760000,रेपाडखेड,repADakheDa,True
05,Akola,05,मुर्तुज़ापुर,270500050052170000,रोहणा,rohaNA,True
05,Akola,05,मुर्तुज़ापुर,270500050052440000,रंभापूर,raMbhApUra,True
05,Akola,05,मुर्तुज़ापुर,270500050052930000,लसनापूर,lasanApUra,True
05,Akola,05,मुर्तुज़ापुर,270500050051580000,लाईत,lAIta,True
05,Akola,05,मुर्तुज़ापुर,270500050051600000,लाखपूरी,lAkhapUrI,True
05,Akola,05,मुर्तुज़ापुर,270500050052130000,लोणसना,loNasanA,True
05,Akola,05,मुर्तुज़ापुर,270500050052820000,लोधीपूर,lodhIpUra,True
05,Akola,05,मुर्तुज़ापुर,270500050052300000,लंघापुर,laMghApura,True
05,Akola,05,मुर्तुज़ापुर,270500050052610000,वडगांव कुरुम,vaDagAMva kuruma,True
05,Akola,05,मुर्तुज़ापुर,270500050051720000,वहीतपूर,vahItapUra,True
05,Akola,05,मुर्तुज़ापुर,270500050052760000,वाई माना,vAI mAnA,True
05,Akola,05,मुर्तुज़ापुर,270500050052340000,वाघजाळी,vAghajALI,True
05,Akola,05,मुर्तुज़ापुर,270500050051510000,विरवाडा,viravADA,True
05,Akola,05,मुर्तुज़ापुर,270500050053110000,विराहीत,virAhIta,True
05,Akola,05,मुर्तुज़ापुर,270500050052320000,शिरताळा,shiratALA,True
05,Akola,05,मुर्तुज़ापुर,270500050052890000,शिवण खु.,shivaNa khu.,True
05,Akola,05,मुर्तुज़ापुर,270500050052790000,शेणी,sheNI,True
05,Akola,05,मुर्तुज़ापुर,270500050052040000,शेरवाडी,sheravADI,True
05,Akola,05,मुर्तुज़ापुर,270500050052110000,शेलु बाजार,shelu bAjAra,True
05,Akola,05,मुर्तुज़ापुर,270500050051980000,शेलु वेताळ,shelu vetALa,True
05,Akola,05,मुर्तुज़ापुर,270500050051700000,शेलू नजीक,shelU najIka,True
05,Akola,05,मुर्तुज़ापुर,270500050052980000,शेंद,sheMda,True
05,Akola,05,मुर्तुज़ापुर,270500050051890000,समशेरपूर,samasherapUra,True
05,Akola,05,मुर्तुज़ापुर,270500050052310000,सहादतपूर,sahAdatapUra,True
05,Akola,05,मुर्तुज़ापुर,270500050051660000,साखरी,sAkharI,True
05,Akola,05,मुर्तुज़ापुर,270500050051880000,सालतवाडा,sAlatavADA,True
05,Akola,05,मुर्तुज़ापुर,270500050051550000,सांगवा,sAMgavA,True
05,Akola,05,मुर्तुज़ापुर,270500050051620000,सांगवी,sAMgavI,True
05,Akola,05,मुर्तुज़ापुर,270500050052060000,सांजापूर,sAMjApUra,True
05,Akola,05,मुर्तुज़ापुर,270500050051810000,सांजापूर,sAMjApUra,True
05,Akola,05,मुर्तुज़ापुर,270500050052270000,सिकंदरपुर,sikaMdarapura,True
05,Akola,05,मुर्तुज़ापुर,270500050051800001,सिरसो-1,siraso-1,True
05,Akola,05,मुर्तुज़ापुर,270500050051800002,सिरसो-2,siraso-2,True
05,Akola,05,मुर्तुज़ापुर,270500050052740000,सुलतानपूर,sulatAnapUra,True
05,Akola,05,मुर्तुज़ापुर,270500050052570000,सूलतानपूर,sUlatAnapUra,True
05,Akola,05,मुर्तुज़ापुर,270500050052680000,सैदापुर,saidApura,True
05,Akola,05,मुर्तुज़ापुर,270500050052020000,सोनाळा,sonALA,True
05,Akola,05,मुर्तुज़ापुर,270500050051970000,सोनोरी,sonorI,True
05,Akola,05,मुर्तुज़ापुर,270500050052530000,सोनोरी (बपोरी ),sonorI (baporI ),True
05,Akola,05,मुर्तुज़ापुर,270500050052750000,हमीदपुर,hamIdapura,True
05,Akola,05,मुर्तुज़ापुर,270500050052600000,हयातपूर,hayAtapUra,True
05,Akola,05,मुर्तुज़ापुर,270500050051530000,हसनापूर,hasanApUra,True
05,Akola,05,मुर्तुज़ापुर,270500050051990000,हातगांव,hAtagAMva,True
05,Akola,05,मुर्तुज़ापुर,270500050051820000,हिरपूर,hirapUra,True
05,Akola,05,मुर्तुज़ापुर,270500050052190000,हिवरा कोरडे,hivarA koraDe,True
05,Akola,05,मुर्तुज़ापुर,270500050052000000,हेंडज,heMDaja,True
07,Amravati,01,धारणी,000000000000000704,Achalpur,Achalpur,True
07,Amravati,01,धारणी,000000000000000703,Anjangaon Surji,Anjangaon Surji,True
07,Amravati,01,धारणी,000000000000000702,Chikhaldara,Chikhaldara,True
07,Amravati,01,धारणी,000000000000000711,Daryapur,Daryapur,True
07,Amravati,01,धारणी,000000000000000714,Dhamangaon Railway,Dhamangaon Railway,True
07,Amravati,01,धारणी,000000000000000706,Morshi,Morshi,True
07,Amravati,01,धारणी,000000000000000707,Warud,Warud,True
07,Amravati,01,धारणी,270700010064090000,अंबाडी,aMbADI,True
07,Amravati,01,धारणी,270700010064370000,आकी,AkI,True
07,Amravati,01,धारणी,270700010064910000,ऊकुपाटी,UkupATI,True
07,Amravati,01,धारणी,270700010064930000,ऊतावली,UtAvalI,True
07,Amravati,01,धारणी,270700010064940000,कढाव,kaDhAva,True
07,Amravati,01,धारणी,270700010063990000,कलमखार,kalamakhAra,True
07,Amravati,01,धारणी,270700010064520000,कसाईखेडा,kasAIkheDA,True
07,Amravati,01,धारणी,270700010064860000,काकरमल,kAkaramala,True
07,Amravati,01,धारणी,270700010064660000,काटकुंभ,kATakuMbha,True
07,Amravati,01,धारणी,270700010065090000,कारा,kArA,True
07,Amravati,01,धारणी,270700010064870000,कारादा,kArAdA,True
07,Amravati,01,धारणी,270700010064210000,काल्पी,kAlpI,True
07,Amravati,01,धारणी,270700010064510000,कावडाझीरी,kAvaDAjhIrI,True
07,Amravati,01,धारणी,270700010064500000,कासमार,kAsamAra,True
07,Amravati,01,धारणी,270700010064570000,कुटंगा,kuTaMgA,True
07,Amravati,01,धारणी,270700010064020000,कुसुमकोट खु.,kusumakoTa khu.,True
07,Amravati,01,धारणी,270700010064010000,कुसुमकोट बु.,kusumakoTa bu.,True
07,Amravati,01,धारणी,270700010064590000,कुंड,kuMDa,True
07,Amravati,01,धारणी,270700010064690000,केकदा,kekadA,True
07,Amravati,01,धारणी,270700010065110000,कोट,koTa,True
07,Amravati,01,धारणी,270700010065080000,कोठा,koThA,True
07,Amravati,01,धारणी,270700010063810000,कोल्डाढाना,kolDADhAnA,True
07,Amravati,01,धारणी,270700010063770000,कंजोली,kaMjolI,True
07,Amravati,01,धारणी,270700010064140000,खापरखेडा,khAparakheDA,True
07,Amravati,01,धारणी,270700010064620000,खामदा,khAmadA,True
07,Amravati,01,धारणी,270700010064160000,खारी,khArI,True
07,Amravati,01,धारणी,270700010064180000,खाऱ्याटेंब्रु,khARyATeMbru,True
07,Amravati,01,धारणी,270700010063750000,खिडकी,khiDakI,True
07,Amravati,01,धारणी,270700010063830000,खिडकी कलम,khiDakI kalama,True
07,Amravati,01,धारणी,270700010064600000,खोकमार,khokamAra,True
07,Amravati,01,धारणी,270700010064410000,गडगामालूर,gaDagAmAlUra,True
07,Amravati,01,धारणी,270700010064880000,गोबरकहु,gobarakahu,True
07,Amravati,01,धारणी,270700010063760000,गोलाई,golAI,True
07,Amravati,01,धारणी,270700010063980000,गोंडवाडी,goMDavADI,True
07,Amravati,01,धारणी,270700010064040000,गौलखेडा,gaulakheDA,True
07,Amravati,01,धारणी,270700010063660000,गौलानडोह,gaulAnaDoha,True
07,Amravati,01,धारणी,270700010064070000,गंभेरी,gaMbherI,True
07,Amravati,01,धारणी,270700010064360000,घुटी,ghuTI,True
07,Amravati,01,धारणी,270700010065040000,घोटा,ghoTA,True
07,Amravati,01,धारणी,270700010064680000,चटवाबोड,chaTavAboDa,True
07,Amravati,01,धारणी,270700010064890000,चाकर्दा,chAkardA,True
07,Amravati,01,धारणी,270700010064980000,चित्री,chitrI,True
07,Amravati,01,धारणी,270700010064850000,चिपोली,chipolI,True
07,Amravati,01,धारणी,270700010063970000,चिंचघाट,chiMchaghATa,True
07,Amravati,01,धारणी,270700010064340000,चुटिया,chuTiyA,True
07,Amravati,01,धारणी,270700010064700000,चेथर,chethara,True
07,Amravati,01,धारणी,270700010063900000,चेंडो,cheMDo,True
07,Amravati,01,धारणी,270700010064610000,चोपण,chopaNa,True
07,Amravati,01,धारणी,270700010064760000,चौराकुंड,chaurAkuMDa,True
07,Amravati,01,धारणी,270700010063880000,जामपाणी,jAmapANI,True
07,Amravati,01,धारणी,270700010065070000,जांबू,jAMbU,True
07,Amravati,01,धारणी,270700010064300000,जुटपाणी,juTapANI,True
07,Amravati,01,धारणी,270700010064310000,झापल,jhApala,True
07,Amravati,01,धारणी,270700010064420000,झिलांगपाटी,jhilAMgapATI,True
07,Amravati,01,धारणी,270700010063560000,झील्पी,jhIlpI,True
07,Amravati,01,धारणी,270700010064250000,टाकरखेडा,TAkarakheDA,True
07,Amravati,01,धारणी,270700010064750000,टांगडा,TAMgaDA,True
07,Amravati,01,धारणी,270700010064460000,टिटंबा,TiTaMbA,True
07,Amravati,01,धारणी,270700010064220000,टिंगऱ्या,TiMgaRyA,True
07,Amravati,01,धारणी,270700010064290000,टेंबली,TeMbalI,True
07,Amravati,01,धारणी,270700010063840000,टेंब्रुखेडा,TeMbrukheDA,True
07,Amravati,01,धारणी,270700010064350000,टोली,TolI,True
07,Amravati,01,धारणी,270700010063800000,डाबका,DAbakA,True
07,Amravati,01,धारणी,270700010064720000,ढाकरमल,DhAkaramala,True
07,Amravati,01,धारणी,270700010063670000,ढोमणाढाणा,DhomaNADhANA,True
07,Amravati,01,धारणी,270700010064240000,तलई,talaI,True
07,Amravati,01,धारणी,270700010063930000,तलई रेल्वे,talaI relve,True
07,Amravati,01,धारणी,270700010064430000,तातरा,tAtarA,True
07,Amravati,01,धारणी,270700010064200000,दहेंडा,daheMDA,True
07,Amravati,01,धारणी,270700010063740000,दादरा,dAdarA,True
07,Amravati,01,धारणी,270700010064130000,दाबीदा,dAbIdA,True
07,Amravati,01,धारणी,270700010063860000,दाभीयाखेडा,dAbhIyAkheDA,True
07,Amravati,01,धारणी,270700010065020000,दिदंम्दा,didaMmdA,True
07,Amravati,01,धारणी,270700010064260000,दीया,dIyA,True
07,Amravati,01,धारणी,270700010064970000,दुनी,dunI,True
07,Amravati,01,धारणी,270700010064710000,धारणमहू,dhAraNamahU,True
07,Amravati,01,धारणी,270700010064230000,धारणी,dhAraNI,True
07,Amravati,01,धारणी,270700010064450000,धाराकोट,dhArAkoTa,True
07,Amravati,01,धारणी,270700010064050000,धुलघाट गडगा,dhulaghATa gaDagA,True
07,Amravati,01,धारणी,270700010063910000,धुलघाटरेल्वे,dhulaghATarelve,True
07,Amravati,01,धारणी,270700010064630000,धोकडा,dhokaDA,True
07,Amravati,01,धारणी,270700010064490000,धोदरा,dhodarA,True
07,Amravati,01,धारणी,270700010063690000,नागझीरा,nAgajhIrA,True
07,Amravati,01,धारणी,270700010064150000,नागूढाना,nAgUDhAnA,True
07,Amravati,01,धारणी,270700010063700000,नारदु,nAradu,True
07,Amravati,01,धारणी,270700010064030000,नारवाटी,nAravATI,True
07,Amravati,01,धारणी,270700010065100000,नांदुरी,nAMdurI,True
07,Amravati,01,धारणी,270700010064900000,निर्गुडी,nirguDI,True
07,Amravati,01,धारणी,270700010063920000,पलसकुंडी,palasakuMDI,True
07,Amravati,01,धारणी,270700010064740000,पाटीया,pATIyA,True
07,Amravati,01,धारणी,270700010064530000,पाडीदम,pADIdama,True
07,Amravati,01,धारणी,270700010063580000,पाथरपूर,pAtharapUra,True
07,Amravati,01,धारणी,270700010064080000,पानखाल्या,pAnakhAlyA,True
07,Amravati,01,धारणी,270700010064840000,पोटीलावा,poTIlAvA,True
07,Amravati,01,धारणी,270700010064950000,पोहरा,poharA,True
07,Amravati,01,धारणी,270700010064800000,फैलढाणा,phailaDhANA,True
07,Amravati,01,धारणी,270700010064960000,बाजारढाणा,bAjAraDhANA,True
07,Amravati,01,धारणी,270700010064000000,बाबंदा,bAbaMdA,True
07,Amravati,01,धारणी,270700010063850000,बारातांडा,bArAtAMDA,True
07,Amravati,01,धारणी,270700010064330000,बारू,bArU,True
07,Amravati,01,धारणी,270700010064270000,बासपाणी,bAsapANI,True
07,Amravati,01,धारणी,270700010064390000,बिजूधावडी,bijUdhAvaDI,True
07,Amravati,01,धारणी,270700010063620000,बिबामल,bibAmala,True
07,Amravati,01,धारणी,270700010063870000,बिरोटी,biroTI,True
07,Amravati,01,धारणी,270700010064650000,बुलुमगव्हाण,bulumagavhANa,True
07,Amravati,01,धारणी,270700010064320000,बेरदाबर्डा,beradAbarDA,True
07,Amravati,01,धारणी,270700010063950000,बेरदाभुरू,beradAbhurU,True
07,Amravati,01,धारणी,270700010064540000,बैरागड,bairAgaDa,True
07,Amravati,01,धारणी,270700010065010000,बोड,boDa,True
07,Amravati,01,धारणी,270700010065060000,बोथरा,botharA,True
07,Amravati,01,धारणी,270700010063600000,बोबदो,bobado,True
07,Amravati,01,धारणी,270700010064820000,बोरी,borI,True
07,Amravati,01,धारणी,270700010065030000,भुलोरी,bhulorI,True
07,Amravati,01,धारणी,270700010064060000,भोकरबर्डी,bhokarabarDI,True
07,Amravati,01,धारणी,270700010064670000,भोंडीलावा,bhoMDIlAvA,True
07,Amravati,01,धारणी,270700010063720000,भंवर,bhaMvara,True
07,Amravati,01,धारणी,270700010064380000,मान्सुधावडी,mAnsudhAvaDI,True
07,Amravati,01,धारणी,270700010065050000,मालूर (फॉ),mAlUra (phaॉ),True
07,Amravati,01,धारणी,270700010064780000,मांगीया,mAMgIyA,True
07,Amravati,01,धारणी,270700010064280000,मांडवा,mAMDavA,True
07,Amravati,01,धारणी,270700010063610000,मांडू,mAMDU,True
07,Amravati,01,धारणी,270700010063960000,मोखा,mokhA,True
07,Amravati,01,धारणी,270700010064440000,मोगर्दा,mogardA,True
07,Amravati,01,धारणी,270700010065150000,मोथाखेडा,mothAkheDA,True
07,Amravati,01,धारणी,270700010063940000,रत्नापुर,ratnApura,True
07,Amravati,01,धारणी,270700010064470000,रबांग,rabAMga,True
07,Amravati,01,धारणी,270700010063650000,राजपूर,rAjapUra,True
07,Amravati,01,धारणी,270700010063640000,राणापिसा,rANApisA,True
07,Amravati,01,धारणी,270700010064770000,राणामालूर,rANAmAlUra,True
07,Amravati,01,धारणी,270700010063780000,राणीगाव,rANIgAva,True
07,Amravati,01,धारणी,270700010064110000,राणीतंबोली,rANItaMbolI,True
07,Amravati,01,धारणी,270700010063710000,रेहट्या,rehaTyA,True
07,Amravati,01,धारणी,270700010064790000,रोरा,rorA,True
07,Amravati,01,धारणी,270700010064120000,रोहीनीखेडा,rohInIkheDA,True
07,Amravati,01,धारणी,270700010064580000,रंगुबेली,raMgubelI,True
07,Amravati,01,धारणी,270700010064990000,लवादा,lavAdA,True
07,Amravati,01,धारणी,270700010063630000,लाकटु,lAkaTu,True
07,Amravati,01,धारणी,270700010064100000,शिरपूर,shirapUra,True
07,Amravati,01,धारणी,270700010063790000,शिवाझीरी,shivAjhIrI,True
07,Amravati,01,धारणी,270700010063570000,साद्राबाडी,sAdrAbADI,True
07,Amravati,01,धारणी,270700010063590000,सालई,sAlaI,True
07,Amravati,01,धारणी,270700010064480000,सावऱ्या,sAvaRyA,True
07,Amravati,01,धारणी,270700010064550000,सावलखेडा,sAvalakheDA,True
07,Amravati,01,धारणी,270700010063820000,सावलीखेडा,sAvalIkheDA,True
07,Amravati,01,धारणी,270700010063680000,सुसर्दा,susardA,True
07,Amravati,01,धारणी,270700010064190000,सोनाबर्डी,sonAbarDI,True
07,Amravati,01,धारणी,270700010064730000,हटनादा,haTanAdA,True
07,Amravati,01,धारणी,270700010064560000,हरदा,haradA,True
07,Amravati,01,धारणी,270700010064920000,हरदोली,haradolI,True
07,Amravati,01,धारणी,270700010064810000,हरीसाल,harIsAla,True
07,Amravati,01,धारणी,270700010064400000,हातीदा,hAtIdA,True
07,Amravati,01,धारणी,270700010063730000,हीराबंबई,hIrAbaMbaI,True
07,Amravati,04,अचलपुर,270700040068810000,अजितपुर,ajitapura,True
07,Amravati,04,अचलपुर,270700040070040000,असदपुर,asadapura,True
07,Amravati,04,अचलपुर,270700040070290000,अंतरगाव,aMtaragAva,True
07,Amravati,04,अचलपुर,270700040068880000,अंबाडा कंडारी,aMbADA kaMDArI,True
07,Amravati,04,अचलपुर,270700040070280000,अंबुज,aMbuja,True
07,Amravati,04,अचलपुर,270700040068790000,आरेगाव,AregAva,True
07,Amravati,04,अचलपुर,270700040069820000,इसापुर,isApura,True
07,Amravati,04,अचलपुर,270700040069720000,इसेंगाव,iseMgAva,True
07,Amravati,04,अचलपुर,270700040069270000,उपातखेडा,upAtakheDA,True
07,Amravati,04,अचलपुर,270700040068540000,एकलासपुर,ekalAsapura,True
07,Amravati,04,अचलपुर,270700040068710001,औरंगपुर,auraMgapura,True
07,Amravati,04,अचलपुर,270700040069440000,औरंगपुर,auraMgapura,True
07,Amravati,04,अचलपुर,270700040070260000,कविठा खुर्द,kaviThA khurda,True
07,Amravati,04,अचलपुर,270700040070250000,कविठा बु.,kaviThA bu.,True
07,Amravati,04,अचलपुर,270700040069700000,काकडा,kAkaDA,True
07,Amravati,04,अचलपुर,270700040069630000,कामतवाडा,kAmatavADA,True
07,Amravati,04,अचलपुर,270700040068440000,काळवीट,kALavITa,True
07,Amravati,04,अचलपुर,270700040069410000,कासमपुर,kAsamapura,True
07,Amravati,04,अचलपुर,270700040068700000,कांडली,kAMDalI,True
07,Amravati,04,अचलपुर,270700040069610000,कुष्ठा खु.,kuShThA khu.,True
07,Amravati,04,अचलपुर,270700040069600000,कुष्ठा बु.,kuShThA bu.,True
07,Amravati,04,अचलपुर,270700040068640000,कुंभी,kuMbhI,True
07,Amravati,04,अचलपुर,270700040069340000,कुंभी वाघोली,kuMbhI vAgholI,True
07,Amravati,04,अचलपुर,270700040068660000,कोठारा,koThArA,True
07,Amravati,04,अचलपुर,270700040069470000,कोपरा,koparA,True
07,Amravati,04,अचलपुर,270700040069840000,कोल्हा,kolhA,True
07,Amravati,04,अचलपुर,270700040069310000,खतीजापुर,khatIjApura,True
07,Amravati,04,अचलपुर,270700040070320000,खानजानबाद,khAnajAnabAda,True
07,Amravati,04,अचलपुर,270700040070310000,खानापुर,khAnApura,True
07,Amravati,04,अचलपुर,270700040069910000,खानापुर चिचखेडा,khAnApura chichakheDA,True
07,Amravati,04,अचलपुर,270700040068860000,खानापुर न. भितखेडा,khAnApura na. bhitakheDA,True
07,Amravati,04,अचलपुर,270700040069010000,खानापुर न. रहिमापुर,khAnApura na. rahimApura,True
07,Amravati,04,अचलपुर,270700040069460000,खांजमानगर,khAMjamAnagara,True
07,Amravati,04,अचलपुर,270700040069160000,खांबोरा,khAMborA,True
07,Amravati,04,अचलपुर,270700040068730000,खुदानपुर,khudAnapura,True
07,Amravati,04,अचलपुर,270700040070300002,खुशालपुर,khushAlapura,True
07,Amravati,04,अचलपुर,270700040070300001,खुशालपुर,khushAlapura,True
07,Amravati,04,अचलपुर,270700040070370000,खेल गुजर,khela gujara,True
07,Amravati,04,अचलपुर,270700040070380000,खेल घुमंट,khela ghumaMTa,True
07,Amravati,04,अचलपुर,270700040070360000,खेल टेकाड,khela TekADa,True
07,Amravati,04,अचलपुर,270700040069030000,खेलतपमाळी,khelatapamALI,True
07,Amravati,04,अचलपुर,270700040070350000,खेल त्रिंबक नारायण,khela triMbaka nArAyaNa,True
07,Amravati,04,अचलपुर,270700040068950000,खेलदेवमाळी,kheladevamALI,True
07,Amravati,04,अचलपुर,270700040070210000,खेल बगाड,khela bagADa,True
07,Amravati,04,अचलपुर,270700040070330000,खेल बारी,khela bArI,True
07,Amravati,04,अचलपुर,270700040070340000,खेल बोचा,khela bochA,True
07,Amravati,04,अचलपुर,270700040070170000,खेल भालेराय,khela bhAlerAya,True
07,Amravati,04,अचलपुर,270700040069900000,खैरी,khairI,True
07,Amravati,04,अचलपुर,270700040069020000,खोजंमपुर,khojaMmapura,True
07,Amravati,04,अचलपुर,270700040068840000,खंजीरपुर,khaMjIrapura,True
07,Amravati,04,अचलपुर,270700040069290000,गोंडवाघोली,goMDavAgholI,True
07,Amravati,04,अचलपुर,270700040068450000,गोंडविहीर,goMDavihIra,True
07,Amravati,04,अचलपुर,270700040068510000,गौरखेडा,gaurakheDA,True
07,Amravati,04,अचलपुर,270700040068900000,घोडगाव,ghoDagAva,True
07,Amravati,04,अचलपुर,270700040069130000,चमक खु.,chamaka khu.,True
07,Amravati,04,अचलपुर,270700040069140000,चमक बु.,chamaka bu.,True
07,Amravati,04,अचलपुर,270700040069180000,चाचोंडी,chAchoMDI,True
07,Amravati,04,अचलपुर,270700040068590000,चांदुरा जहागीर,chAMdurA jahAgIra,True
07,Amravati,04,अचलपुर,270700040068920000,चिखली,chikhalI,True
07,Amravati,04,अचलपुर,270700040069200000,चौसाळा,chausALA,True
07,Amravati,04,अचलपुर,270700040070100000,जटानपुर,jaTAnapura,True
07,Amravati,04,अचलपुर,270700040069370000,जनुना,janunA,True
07,Amravati,04,अचलपुर,270700040068580000,जलालपुर,jalAlapura,True
07,Amravati,04,अचलपुर,270700040069050000,जवर्डी,javarDI,True
07,Amravati,04,अचलपुर,270700040069550000,जवळापुर,javaLApura,True
07,Amravati,04,अचलपुर,270700040070090000,जहानपुर,jahAnapura,True
07,Amravati,04,अचलपुर,270700040069660000,जानोरी,jAnorI,True
07,Amravati,04,अचलपुर,270700040068770000,जांभळा,jAMbhaLA,True
07,Amravati,04,अचलपुर,270700040069450000,टवलार,TavalAra,True
07,Amravati,04,अचलपुर,270700040070000000,टोंगळाबाद,ToMgaLAbAda,True
07,Amravati,04,अचलपुर,270700040070240000,तिरमलपुर,tiramalapura,True
07,Amravati,04,अचलपुर,270700040069170000,तुळजापुर जहागिर,tuLajApura jahAgira,True
07,Amravati,04,अचलपुर,270700040068560000,दर्याबाद,daryAbAda,True
07,Amravati,04,अचलपुर,270700040068610000,दातुरा,dAturA,True
07,Amravati,04,अचलपुर,270700040068830000,दारापुर,dArApura,True
07,Amravati,04,अचलपुर,270700040068370000,देवगाव,devagAva,True
07,Amravati,04,अचलपुर,270700040068970000,देवरी,devarI,True
07,Amravati,04,अचलपुर,270700040069870000,दोनोडा,donoDA,True
07,Amravati,04,अचलपुर,270700040070230000,धरमपुर,dharamapura,True
07,Amravati,04,अचलपुर,270700040068390002,धामणगांव गढी भाग 2,dhAmaNagAMva gaDhI bhAga 2,True
07,Amravati,04,अचलपुर,270700040068390001,धामनगाव गढी भाग-1,dhAmanagAva gaDhI bhAga-1,True
07,Amravati,04,अचलपुर,270700040068630000,धोतरखेडा,dhotarakheDA,True
07,Amravati,04,अचलपुर,270700040069070000,नबापुर,nabApura,True
07,Amravati,04,अचलपुर,270700040068520000,नरसरी,narasarI,True
07,Amravati,04,अचलपुर,270700040068720000,नरसाळा,narasALA,True
07,Amravati,04,अचलपुर,270700040069930000,नरसिंगपुर,narasiMgapura,True
07,Amravati,04,अचलपुर,270700040068670000,नागरवाडी,nAgaravADI,True
07,Amravati,04,अचलपुर,270700040069120000,नायगाव,nAyagAva,True
07,Amravati,04,अचलपुर,270700040068910000,नारायनपुर,nArAyanapura,True
07,Amravati,04,अचलपुर,270700040069100000,निजामपुर,nijAmapura,True
07,Amravati,04,अचलपुर,270700040070030000,निभारी,nibhArI,True
07,Amravati,04,अचलपुर,270700040068420000,निमकुड,nimakuDa,True
07,Amravati,04,अचलपुर,270700040068500000,निमखेडा,nimakheDA,True
07,Amravati,04,अचलपुर,270700040068570000,निमदरी,nimadarI,True
07,Amravati,04,अचलपुर,270700040068940000,नौबाग,naubAga,True
07,Amravati,04,अचलपुर,270700040069540001,पथ्रोट भाग - 1,pathroTa bhAga - 1,True
07,Amravati,04,अचलपुर,270700040069540002,पथ्रोट भाग -2,pathroTa bhAga -2,True
07,Amravati,04,अचलपुर,270700040070220000,परतवाडा,paratavADA,True
07,Amravati,04,अचलपुर,270700040069320000,परसापुर,parasApura,True
07,Amravati,04,अचलपुर,270700040069280000,पायविहीर,pAyavihIra,True
07,Amravati,04,अचलपुर,270700040069510000,पार्डी,pArDI,True
07,Amravati,04,अचलपुर,270700040069430000,पांचबा खुर्द,pAMchabA khurda,True
07,Amravati,04,अचलपुर,270700040069300000,पांचबा बु.,pAMchabA bu.,True
07,Amravati,04,अचलपुर,270700040068480000,पांढरी,pAMDharI,True
07,Amravati,04,अचलपुर,270700040068380000,पिंपळखुटा,piMpaLakhuTA,True
07,Amravati,04,अचलपुर,270700040069590000,पोही,pohI,True
07,Amravati,04,अचलपुर,270700040069190000,बळेगांव,baLegAMva,True
07,Amravati,04,अचलपुर,270700040068890000,बागअंबाडा,bAgaaMbADA,True
07,Amravati,04,अचलपुर,270700040070190000,बाजीतपूर,bAjItapUra,True
07,Amravati,04,अचलपुर,270700040068430000,बुरडघाट,buraDaghATa,True
07,Amravati,04,अचलपुर,270700040070200000,बेगमपुरा,begamapurA,True
07,Amravati,04,अचलपुर,270700040068750000,बेणी,beNI,True
07,Amravati,04,अचलपुर,270700040068470000,बेलखेडा,belakheDA,True
07,Amravati,04,अचलपुर,270700040069110000,बोपापुर,bopApura,True
07,Amravati,04,अचलपुर,270700040069240000,बोरगाव तळणी,boragAva taLaNI,True
07,Amravati,04,अचलपुर,270700040069220000,बोरगाव दोरी,boragAva dorI,True
07,Amravati,04,अचलपुर,270700040069230000,बोरगाव पेठ,boragAva peTha,True
07,Amravati,04,अचलपुर,270700040069210000,बोर्डी,borDI,True
07,Amravati,04,अचलपुर,270700040070180000,भांडे-भोंडे,bhAMDe-bhoMDe,True
07,Amravati,04,अचलपुर,270700040069480000,भिलोना,bhilonA,True
07,Amravati,04,अचलपुर,270700040068990000,भीतखेडा,bhItakheDA,True
07,Amravati,04,अचलपुर,270700040069080000,भुगांव,bhugAMva,True
07,Amravati,04,अचलपुर,270700040068360000,भोपापुर,bhopApura,True
07,Amravati,04,अचलपुर,270700040069350000,मलकापुर खुर्द,malakApura khurda,True
07,Amravati,04,अचलपुर,270700040068530000,मल्हारा,malhArA,True
07,Amravati,04,अचलपुर,270700040070160000,महम्मदपुर,mahammadapura,True
07,Amravati,04,अचलपुर,270700040069730000,मुकिंदपुर,mukiMdapura,True
07,Amravati,04,अचलपुर,270700040068740000,मुरादपुर,murAdapura,True
07,Amravati,04,अचलपुर,270700040069250000,मेघनाथ पुर,meghanAtha pura,True
07,Amravati,04,अचलपुर,270700040068460000,म्हसोना,mhasonA,True
07,Amravati,04,अचलपुर,270700040068600000,येणी,yeNI,True
07,Amravati,04,अचलपुर,270700040069990000,येलकी,yelakI,True
07,Amravati,04,अचलपुर,270700040069800000,येवता,yevatA,True
07,Amravati,04,अचलपुर,270700040069970000,येसूर्णा,yesUrNA,True
07,Amravati,04,अचलपुर,270700040069330000,रज्जाकपुर,rajjAkapura,True
07,Amravati,04,अचलपुर,270700040070150000,रत्नापुर,ratnApura,True
07,Amravati,04,अचलपुर,270700040069780000,रवळगाव,ravaLagAva,True
07,Amravati,04,अचलपुर,270700040068980000,रहीमापुर,rahImApura,True
07,Amravati,04,अचलपुर,270700040068680000,राजुरा,rAjurA,True
07,Amravati,04,अचलपुर,270700040070120000,रामगांव,rAmagAMva,True
07,Amravati,04,अचलपुर,270700040069530000,रामापुर खुर्द,rAmApura khurda,True
07,Amravati,04,अचलपुर,270700040070110000,रामापुर जांभळा,rAmApura jAMbhaLA,True
07,Amravati,04,अचलपुर,270700040069520000,रामापुर बु.,rAmApura bu.,True
07,Amravati,04,अचलपुर,270700040069060000,रामापुर बेलज,rAmApura belaja,True
07,Amravati,04,अचलपुर,270700040070140000,रायणी,rAyaNI,True
07,Amravati,04,अचलपुर,270700040069360000,रायपुर,rAyapura,True
07,Amravati,04,अचलपुर,270700040069940000,रायपुर जहागीर,rAyapura jahAgIra,True
07,Amravati,04,अचलपुर,270700040070130000,रायपुर (वा.),rAyapura (vA.),True
07,Amravati,04,अचलपुर,270700040068960000,रायपुरा,rAyapurA,True
07,Amravati,04,अचलपुर,270700040069710000,रासेगाव,rAsegAva,True
07,Amravati,04,अचलपुर,270700040069950000,रंगारवासणी,raMgAravAsaNI,True
07,Amravati,04,अचलपुर,270700040068410000,वझ्झर,vajhjhara,True
07,Amravati,04,अचलपुर,270700040069960000,वडगांव खुर्द,vaDagAMva khurda,True
07,Amravati,04,अचलपुर,270700040068760000,वडगांव फत्तेपुर,vaDagAMva phattepura,True
07,Amravati,04,अचलपुर,270700040069690000,वडनेर भुजंग,vaDanera bhujaMga,True
07,Amravati,04,अचलपुर,270700040068650000,वडुरा,vaDurA,True
07,Amravati,04,अचलपुर,270700040070080000,वलणी खु.,valaNI khu.,True
07,Amravati,04,अचलपुर,270700040069500000,वलणी बु.,valaNI bu.,True
07,Amravati,04,अचलपुर,270700040069380000,वागडोह,vAgaDoha,True
07,Amravati,04,अचलपुर,270700040069770000,वाढोणा जहागीर,vADhoNA jahAgIra,True
07,Amravati,04,अचलपुर,270700040069420000,वाल्मिकपुर,vAlmikapura,True
07,Amravati,04,अचलपुर,270700040069750000,वासनि बु.,vAsani bu.,True
07,Amravati,04,अचलपुर,270700040069760000,वासनी खु.,vAsanI khu.,True
07,Amravati,04,अचलपुर,270700040068690000,विठठलपुर,viThaThalapura,True
07,Amravati,04,अचलपुर,270700040070070000,विरखेड,virakheDa,True
07,Amravati,04,अचलपुर,270700040070060000,विरपुर,virapura,True
07,Amravati,04,अचलपुर,270700040070050000,शहापुर (इनामगांव),shahApura (inAmagAMva),True
07,Amravati,04,अचलपुर,270700040068800000,शहापुर न. वडगाव,shahApura na. vaDagAva,True
07,Amravati,04,अचलपुर,270700040069830000,शामपुर,shAmapura,True
07,Amravati,04,अचलपुर,270700040069620000,शिंदी बु.,shiMdI bu.,True
07,Amravati,04,अचलपुर,270700040069040000,शेकापुर,shekApura,True
07,Amravati,04,अचलपुर,270700040069790000,शंकरपुर,shaMkarapura,True
07,Amravati,04,अचलपुर,270700040070270000,सलाबतपुर,salAbatapura,True
07,Amravati,04,अचलपुर,270700040068490000,सालेपुर,sAlepura,True
07,Amravati,04,अचलपुर,270700040068850000,सालेबाद,sAlebAda,True
07,Amravati,04,अचलपुर,270700040069860000,सावली खु,sAvalI khu,True
07,Amravati,04,अचलपुर,270700040069850000,सावली बु,sAvalI bu,True
07,Amravati,04,अचलपुर,270700040070010000,सावळापुर,sAvaLApura,True
07,Amravati,04,अचलपुर,270700040068620000,सावळी न. दातुरा,sAvaLI na. dAturA,True
07,Amravati,04,अचलपुर,270700040069880000,सांगवी न. खैरी,sAMgavI na. khairI,True
07,Amravati,04,अचलपुर,270700040070400000,सांगवी न. निजामपूर,sAMgavI na. nijAmapUra,True
07,Amravati,04,अचलपुर,270700040069150000,सुरवाडा,suravADA,True
07,Amravati,04,अचलपुर,270700040068550000,हनवतखेडा,hanavatakheDA,True
07,Amravati,04,अचलपुर,270700040068820000,हरम,harama,True
07,Amravati,04,अचलपुर,270700040069890000,हिवरा,hivarA,True
