district,taluka,village,giscode,cts_number
14,16,271400160189940000,RVM1416271400160189940000,1
14,16,271400160189940000,RVM1416271400160189940000,10
14,16,271400160189940000,RVM1416271400160189940000,100
14,16,271400160189940000,RVM1416271400160189940000,101
14,16,271400160189940000,RVM1416271400160189940000,102
14,16,271400160189940000,RVM1416271400160189940000,103
14,16,271400160189940000,RVM1416271400160189940000,104
14,16,271400160189940000,RVM1416271400160189940000,105
14,16,271400160189940000,RVM1416271400160189940000,106
14,16,271400160189940000,RVM1416271400160189940000,107
14,16,271400160189940000,RVM1416271400160189940000,108
14,16,271400160189940000,RVM1416271400160189940000,109
14,16,271400160189940000,RVM1416271400160189940000,11
14,16,271400160189940000,RVM1416271400160189940000,110
14,16,271400160189940000,RVM1416271400160189940000,111
14,16,271400160189940000,RVM1416271400160189940000,112
14,16,271400160189940000,RVM1416271400160189940000,113
14,16,271400160189940000,RVM1416271400160189940000,114
14,16,271400160189940000,RVM1416271400160189940000,115
14,16,271400160189940000,RVM1416271400160189940000,116
14,16,271400160189940000,RVM1416271400160189940000,117
14,16,271400160189940000,RVM1416271400160189940000,118
14,16,271400160189940000,RVM1416271400160189940000,119
14,16,271400160189940000,RVM1416271400160189940000,12
14,16,271400160189940000,RVM1416271400160189940000,120
14,16,271400160189940000,RVM1416271400160189940000,121
14,16,271400160189940000,RVM1416271400160189940000,122
14,16,271400160189940000,RVM1416271400160189940000,123
14,16,271400160189940000,RVM1416271400160189940000,124
14,16,271400160189940000,RVM1416271400160189940000,125
14,16,271400160189940000,RVM1416271400160189940000,126
14,16,271400160189940000,RVM1416271400160189940000,127
14,16,271400160189940000,RVM1416271400160189940000,128
14,16,271400160189940000,RVM1416271400160189940000,129
14,16,271400160189940000,RVM1416271400160189940000,13
14,16,271400160189940000,RVM1416271400160189940000,130
14,16,271400160189940000,RVM1416271400160189940000,131
14,16,271400160189940000,RVM1416271400160189940000,132
14,16,271400160189940000,RVM1416271400160189940000,133
14,16,271400160189940000,RVM1416271400160189940000,134
14,16,271400160189940000,RVM1416271400160189940000,135
14,16,271400160189940000,RVM1416271400160189940000,136
14,16,271400160189940000,RVM1416271400160189940000,137
14,16,271400160189940000,RVM1416271400160189940000,138
14,16,271400160189940000,RVM1416271400160189940000,139
14,16,271400160189940000,RVM1416271400160189940000,14
14,16,271400160189940000,RVM1416271400160189940000,140
14,16,271400160189940000,RVM1416271400160189940000,141
14,16,271400160189940000,RVM1416271400160189940000,142
14,16,271400160189940000,RVM1416271400160189940000,143
14,16,271400160189940000,RVM1416271400160189940000,144
14,16,271400160189940000,RVM1416271400160189940000,145
14,16,271400160189940000,RVM1416271400160189940000,146
14,16,271400160189940000,RVM1416271400160189940000,147
14,16,271400160189940000,RVM1416271400160189940000,148
14,16,271400160189940000,RVM1416271400160189940000,149
14,16,271400160189940000,RVM1416271400160189940000,15
14,16,271400160189940000,RVM1416271400160189940000,150
14,16,271400160189940000,RVM1416271400160189940000,151
14,16,271400160189940000,RVM1416271400160189940000,152
14,16,271400160189940000,RVM1416271400160189940000,153
14,16,271400160189940000,RVM1416271400160189940000,154
14,16,271400160189940000,RVM1416271400160189940000,155
14,16,271400160189940000,RVM1416271400160189940000,156
14,16,271400160189940000,RVM1416271400160189940000,157
14,16,271400160189940000,RVM1416271400160189940000,158
14,16,271400160189940000,RVM1416271400160189940000,159
14,16,271400160189940000,RVM1416271400160189940000,16
14,16,271400160189940000,RVM1416271400160189940000,160
14,16,271400160189940000,RVM1416271400160189940000,161
14,16,271400160189940000,RVM1416271400160189940000,162
14,16,271400160189940000,RVM1416271400160189940000,163
14,16,271400160189940000,RVM1416271400160189940000,164
14,16,271400160189940000,RVM1416271400160189940000,165
14,16,271400160189940000,RVM1416271400160189940000,166
14,16,271400160189940000,RVM1416271400160189940000,167
14,16,271400160189940000,RVM1416271400160189940000,168
14,16,271400160189940000,RVM1416271400160189940000,169
14,16,271400160189940000,RVM1416271400160189940000,17
14,16,271400160189940000,RVM1416271400160189940000,170
14,16,271400160189940000,RVM1416271400160189940000,171
14,16,271400160189940000,RVM1416271400160189940000,172
14,16,271400160189940000,RVM1416271400160189940000,173
14,16,271400160189940000,RVM1416271400160189940000,174
14,16,271400160189940000,RVM1416271400160189940000,175
14,16,271400160189940000,RVM1416271400160189940000,176
14,16,271400160189940000,RVM1416271400160189940000,177
14,16,271400160189940000,RVM1416271400160189940000,178
14,16,271400160189940000,RVM1416271400160189940000,179
14,16,271400160189940000,RVM1416271400160189940000,18
14,16,271400160189940000,RVM1416271400160189940000,180
14,16,271400160189940000,RVM1416271400160189940000,181
14,16,271400160189940000,RVM1416271400160189940000,182
14,16,271400160189940000,RVM1416271400160189940000,183
14,16,271400160189940000,RVM1416271400160189940000,184
14,16,271400160189940000,RVM1416271400160189940000,185
14,16,271400160189940000,RVM1416271400160189940000,186
14,16,271400160189940000,RVM1416271400160189940000,187
14,16,271400160189940000,RVM1416271400160189940000,188
14,16,271400160189940000,RVM1416271400160189940000,189
14,16,271400160189940000,RVM1416271400160189940000,19
14,16,271400160189940000,RVM1416271400160189940000,190
14,16,271400160189940000,RVM1416271400160189940000,191
14,16,271400160189940000,RVM1416271400160189940000,192
14,16,271400160189940000,RVM1416271400160189940000,193
14,16,271400160189940000,RVM1416271400160189940000,194
14,16,271400160189940000,RVM1416271400160189940000,195
14,16,271400160189940000,RVM1416271400160189940000,196
14,16,271400160189940000,RVM1416271400160189940000,197
14,16,271400160189940000,RVM1416271400160189940000,198
14,16,271400160189940000,RVM1416271400160189940000,199
14,16,271400160189940000,RVM1416271400160189940000,2
14,16,271400160189940000,RVM1416271400160189940000,20
14,16,271400160189940000,RVM1416271400160189940000,200
14,16,271400160189940000,RVM1416271400160189940000,201
14,16,271400160189940000,RVM1416271400160189940000,202
14,16,271400160189940000,RVM1416271400160189940000,203
14,16,271400160189940000,RVM1416271400160189940000,204
14,16,271400160189940000,RVM1416271400160189940000,205
14,16,271400160189940000,RVM1416271400160189940000,206
14,16,271400160189940000,RVM1416271400160189940000,207
14,16,271400160189940000,RVM1416271400160189940000,208
14,16,271400160189940000,RVM1416271400160189940000,209
14,16,271400160189940000,RVM1416271400160189940000,21
14,16,271400160189940000,RVM1416271400160189940000,210
14,16,271400160189940000,RVM1416271400160189940000,211
14,16,271400160189940000,RVM1416271400160189940000,212
14,16,271400160189940000,RVM1416271400160189940000,213
14,16,271400160189940000,RVM1416271400160189940000,214
14,16,271400160189940000,RVM1416271400160189940000,215
14,16,271400160189940000,RVM1416271400160189940000,216
14,16,271400160189940000,RVM1416271400160189940000,217
14,16,271400160189940000,RVM1416271400160189940000,218
14,16,271400160189940000,RVM1416271400160189940000,219
14,16,271400160189940000,RVM1416271400160189940000,22
14,16,271400160189940000,RVM1416271400160189940000,220
14,16,271400160189940000,RVM1416271400160189940000,221
14,16,271400160189940000,RVM1416271400160189940000,222
14,16,271400160189940000,RVM1416271400160189940000,223
14,16,271400160189940000,RVM1416271400160189940000,224
14,16,271400160189940000,RVM1416271400160189940000,225
14,16,271400160189940000,RVM1416271400160189940000,226
14,16,271400160189940000,RVM1416271400160189940000,227
14,16,271400160189940000,RVM1416271400160189940000,228
14,16,271400160189940000,RVM1416271400160189940000,229
14,16,271400160189940000,RVM1416271400160189940000,23
14,16,271400160189940000,RVM1416271400160189940000,230
14,16,271400160189940000,RVM1416271400160189940000,231
14,16,271400160189940000,RVM1416271400160189940000,232
14,16,271400160189940000,RVM1416271400160189940000,233
14,16,271400160189940000,RVM1416271400160189940000,234
14,16,271400160189940000,RVM1416271400160189940000,235
14,16,271400160189940000,RVM1416271400160189940000,236
14,16,271400160189940000,RVM1416271400160189940000,237
14,16,271400160189940000,RVM1416271400160189940000,238
14,16,271400160189940000,RVM1416271400160189940000,239
14,16,271400160189940000,RVM1416271400160189940000,24
14,16,271400160189940000,RVM1416271400160189940000,240
14,16,271400160189940000,RVM1416271400160189940000,241
14,16,271400160189940000,RVM1416271400160189940000,242
14,16,271400160189940000,RVM1416271400160189940000,243
14,16,271400160189940000,RVM1416271400160189940000,244
14,16,271400160189940000,RVM1416271400160189940000,245
14,16,271400160189940000,RVM1416271400160189940000,246
14,16,271400160189940000,RVM1416271400160189940000,247
14,16,271400160189940000,RVM1416271400160189940000,248
14,16,271400160189940000,RVM1416271400160189940000,249
14,16,271400160189940000,RVM1416271400160189940000,25
14,16,271400160189940000,RVM1416271400160189940000,250
14,16,271400160189940000,RVM1416271400160189940000,251
14,16,271400160189940000,RVM1416271400160189940000,252
14,16,271400160189940000,RVM1416271400160189940000,253
14,16,271400160189940000,RVM1416271400160189940000,254
14,16,271400160189940000,RVM1416271400160189940000,255
14,16,271400160189940000,RVM1416271400160189940000,256
14,16,271400160189940000,RVM1416271400160189940000,257
14,16,271400160189940000,RVM1416271400160189940000,258
14,16,271400160189940000,RVM1416271400160189940000,259
14,16,271400160189940000,RVM1416271400160189940000,26
14,16,271400160189940000,RVM1416271400160189940000,260
14,16,271400160189940000,RVM1416271400160189940000,261
14,16,271400160189940000,RVM1416271400160189940000,262
14,16,271400160189940000,RVM1416271400160189940000,263
14,16,271400160189940000,RVM1416271400160189940000,264
14,16,271400160189940000,RVM1416271400160189940000,265
14,16,271400160189940000,RVM1416271400160189940000,266
14,16,271400160189940000,RVM1416271400160189940000,268
14,16,271400160189940000,RVM1416271400160189940000,269
14,16,271400160189940000,RVM1416271400160189940000,27
14,16,271400160189940000,RVM1416271400160189940000,270
14,16,271400160189940000,RVM1416271400160189940000,271
14,16,271400160189940000,RVM1416271400160189940000,272
14,16,271400160189940000,RVM1416271400160189940000,273
14,16,271400160189940000,RVM1416271400160189940000,274
14,16,271400160189940000,RVM1416271400160189940000,275
14,16,271400160189940000,RVM1416271400160189940000,276
14,16,271400160189940000,RVM1416271400160189940000,277
14,16,271400160189940000,RVM1416271400160189940000,278
14,16,271400160189940000,RVM1416271400160189940000,279
14,16,271400160189940000,RVM1416271400160189940000,28
14,16,271400160189940000,RVM1416271400160189940000,280
14,16,271400160189940000,RVM1416271400160189940000,281
14,16,271400160189940000,RVM1416271400160189940000,282
14,16,271400160189940000,RVM1416271400160189940000,283
14,16,271400160189940000,RVM1416271400160189940000,284
14,16,271400160189940000,RVM1416271400160189940000,285
14,16,271400160189940000,RVM1416271400160189940000,286
14,16,271400160189940000,RVM1416271400160189940000,287
14,16,271400160189940000,RVM1416271400160189940000,288
14,16,271400160189940000,RVM1416271400160189940000,289
14,16,271400160189940000,RVM1416271400160189940000,29
14,16,271400160189940000,RVM1416271400160189940000,290
14,16,271400160189940000,RVM1416271400160189940000,291
14,16,271400160189940000,RVM1416271400160189940000,292
14,16,271400160189940000,RVM1416271400160189940000,293
14,16,271400160189940000,RVM1416271400160189940000,294
14,16,271400160189940000,RVM1416271400160189940000,295
14,16,271400160189940000,RVM1416271400160189940000,296
14,16,271400160189940000,RVM1416271400160189940000,297
14,16,271400160189940000,RVM1416271400160189940000,298
14,16,271400160189940000,RVM1416271400160189940000,299
14,16,271400160189940000,RVM1416271400160189940000,3
14,16,271400160189940000,RVM1416271400160189940000,30
14,16,271400160189940000,RVM1416271400160189940000,300
14,16,271400160189940000,RVM1416271400160189940000,301
14,16,271400160189940000,RVM1416271400160189940000,302
14,16,271400160189940000,RVM1416271400160189940000,303
14,16,271400160189940000,RVM1416271400160189940000,304
14,16,271400160189940000,RVM1416271400160189940000,305
14,16,271400160189940000,RVM1416271400160189940000,306
14,16,271400160189940000,RVM1416271400160189940000,307
14,16,271400160189940000,RVM1416271400160189940000,308
14,16,271400160189940000,RVM1416271400160189940000,309
14,16,271400160189940000,RVM1416271400160189940000,31
14,16,271400160189940000,RVM1416271400160189940000,310
14,16,271400160189940000,RVM1416271400160189940000,311
14,16,271400160189940000,RVM1416271400160189940000,312
14,16,271400160189940000,RVM1416271400160189940000,313
14,16,271400160189940000,RVM1416271400160189940000,314
14,16,271400160189940000,RVM1416271400160189940000,32
14,16,271400160189940000,RVM1416271400160189940000,33
14,16,271400160189940000,RVM1416271400160189940000,34
14,16,271400160189940000,RVM1416271400160189940000,35
14,16,271400160189940000,RVM1416271400160189940000,36
14,16,271400160189940000,RVM1416271400160189940000,37
14,16,271400160189940000,RVM1416271400160189940000,38
14,16,271400160189940000,RVM1416271400160189940000,39
14,16,271400160189940000,RVM1416271400160189940000,4
14,16,271400160189940000,RVM1416271400160189940000,40
14,16,271400160189940000,RVM1416271400160189940000,41
14,16,271400160189940000,RVM1416271400160189940000,42
14,16,271400160189940000,RVM1416271400160189940000,43
14,16,271400160189940000,RVM1416271400160189940000,44
14,16,271400160189940000,RVM1416271400160189940000,45
14,16,271400160189940000,RVM1416271400160189940000,46
14,16,271400160189940000,RVM1416271400160189940000,47
14,16,271400160189940000,RVM1416271400160189940000,48
14,16,271400160189940000,RVM1416271400160189940000,49
14,16,271400160189940000,RVM1416271400160189940000,5
14,16,271400160189940000,RVM1416271400160189940000,50
14,16,271400160189940000,RVM1416271400160189940000,51
14,16,271400160189940000,RVM1416271400160189940000,52
14,16,271400160189940000,RVM1416271400160189940000,53
14,16,271400160189940000,RVM1416271400160189940000,54
14,16,271400160189940000,RVM1416271400160189940000,55
14,16,271400160189940000,RVM1416271400160189940000,56
14,16,271400160189940000,RVM1416271400160189940000,57
14,16,271400160189940000,RVM1416271400160189940000,58
14,16,271400160189940000,RVM1416271400160189940000,59
14,16,271400160189940000,RVM1416271400160189940000,6
14,16,271400160189940000,RVM1416271400160189940000,60
14,16,271400160189940000,RVM1416271400160189940000,61
14,16,271400160189940000,RVM1416271400160189940000,62
14,16,271400160189940000,RVM1416271400160189940000,63
14,16,271400160189940000,RVM1416271400160189940000,64
14,16,271400160189940000,RVM1416271400160189940000,65
14,16,271400160189940000,RVM1416271400160189940000,66
14,16,271400160189940000,RVM1416271400160189940000,67
14,16,271400160189940000,RVM1416271400160189940000,68
14,16,271400160189940000,RVM1416271400160189940000,69
14,16,271400160189940000,RVM1416271400160189940000,7
14,16,271400160189940000,RVM1416271400160189940000,70
14,16,271400160189940000,RVM1416271400160189940000,71
14,16,271400160189940000,RVM1416271400160189940000,72
14,16,271400160189940000,RVM1416271400160189940000,73
14,16,271400160189940000,RVM1416271400160189940000,74
14,16,271400160189940000,RVM1416271400160189940000,75
14,16,271400160189940000,RVM1416271400160189940000,76
14,16,271400160189940000,RVM1416271400160189940000,77
14,16,271400160189940000,RVM1416271400160189940000,78
14,16,271400160189940000,RVM1416271400160189940000,79
14,16,271400160189940000,RVM1416271400160189940000,8
14,16,271400160189940000,RVM1416271400160189940000,80
14,16,271400160189940000,RVM1416271400160189940000,81
14,16,271400160189940000,RVM1416271400160189940000,82
14,16,271400160189940000,RVM1416271400160189940000,83
14,16,271400160189940000,RVM1416271400160189940000,84
14,16,271400160189940000,RVM1416271400160189940000,85
14,16,271400160189940000,RVM1416271400160189940000,86
14,16,271400160189940000,RVM1416271400160189940000,87
14,16,271400160189940000,RVM1416271400160189940000,88
14,16,271400160189940000,RVM1416271400160189940000,89
14,16,271400160189940000,RVM1416271400160189940000,9
14,16,271400160189940000,RVM1416271400160189940000,90
14,16,271400160189940000,RVM1416271400160189940000,91
14,16,271400160189940000,RVM1416271400160189940000,92
14,16,271400160189940000,RVM1416271400160189940000,93
14,16,271400160189940000,RVM1416271400160189940000,94
14,16,271400160189940000,RVM1416271400160189940000,95
14,16,271400160189940000,RVM1416271400160189940000,96
14,16,271400160189940000,RVM1416271400160189940000,97
14,16,271400160189940000,RVM1416271400160189940000,98
14,16,271400160189940000,RVM1416271400160189940000,99
14,16,271400160189590000,RVM1416271400160189590000,1
14,16,271400160189590000,RVM1416271400160189590000,10
14,16,271400160189590000,RVM1416271400160189590000,100
14,16,271400160189590000,RVM1416271400160189590000,101
14,16,271400160189590000,RVM1416271400160189590000,102
14,16,271400160189590000,RVM1416271400160189590000,103
14,16,271400160189590000,RVM1416271400160189590000,104
14,16,271400160189590000,RVM1416271400160189590000,105
14,16,271400160189590000,RVM1416271400160189590000,106
14,16,271400160189590000,RVM1416271400160189590000,107
14,16,271400160189590000,RVM1416271400160189590000,108
14,16,271400160189590000,RVM1416271400160189590000,109
14,16,271400160189590000,RVM1416271400160189590000,11
14,16,271400160189590000,RVM1416271400160189590000,110
14,16,271400160189590000,RVM1416271400160189590000,111
14,16,271400160189590000,RVM1416271400160189590000,112
14,16,271400160189590000,RVM1416271400160189590000,113
14,16,271400160189590000,RVM1416271400160189590000,114
14,16,271400160189590000,RVM1416271400160189590000,115
14,16,271400160189590000,RVM1416271400160189590000,116
14,16,271400160189590000,RVM1416271400160189590000,117
14,16,271400160189590000,RVM1416271400160189590000,118
14,16,271400160189590000,RVM1416271400160189590000,119
14,16,271400160189590000,RVM1416271400160189590000,12
14,16,271400160189590000,RVM1416271400160189590000,120
14,16,271400160189590000,RVM1416271400160189590000,121
14,16,271400160189590000,RVM1416271400160189590000,122
14,16,271400160189590000,RVM1416271400160189590000,123
14,16,271400160189590000,RVM1416271400160189590000,124
14,16,271400160189590000,RVM1416271400160189590000,125
14,16,271400160189590000,RVM1416271400160189590000,126
14,16,271400160189590000,RVM1416271400160189590000,127
14,16,271400160189590000,RVM1416271400160189590000,128
14,16,271400160189590000,RVM1416271400160189590000,129
14,16,271400160189590000,RVM1416271400160189590000,13
14,16,271400160189590000,RVM1416271400160189590000,130
14,16,271400160189590000,RVM1416271400160189590000,131
14,16,271400160189590000,RVM1416271400160189590000,132
14,16,271400160189590000,RVM1416271400160189590000,133
14,16,271400160189590000,RVM1416271400160189590000,134
14,16,271400160189590000,RVM1416271400160189590000,135
14,16,271400160189590000,RVM1416271400160189590000,136
14,16,271400160189590000,RVM1416271400160189590000,137
14,16,271400160189590000,RVM1416271400160189590000,138
14,16,271400160189590000,RVM1416271400160189590000,139
14,16,271400160189590000,RVM1416271400160189590000,14
14,16,271400160189590000,RVM1416271400160189590000,140
14,16,271400160189590000,RVM1416271400160189590000,141
14,16,271400160189590000,RVM1416271400160189590000,142
14,16,271400160189590000,RVM1416271400160189590000,143
14,16,271400160189590000,RVM1416271400160189590000,144
14,16,271400160189590000,RVM1416271400160189590000,145
14,16,271400160189590000,RVM1416271400160189590000,146
14,16,271400160189590000,RVM1416271400160189590000,147
14,16,271400160189590000,RVM1416271400160189590000,148
14,16,271400160189590000,RVM1416271400160189590000,149
14,16,271400160189590000,RVM1416271400160189590000,15
14,16,271400160189590000,RVM1416271400160189590000,150
14,16,271400160189590000,RVM1416271400160189590000,151
14,16,271400160189590000,RVM1416271400160189590000,152
14,16,271400160189590000,RVM1416271400160189590000,153
14,16,271400160189590000,RVM1416271400160189590000,154
14,16,271400160189590000,RVM1416271400160189590000,155
14,16,271400160189590000,RVM1416271400160189590000,156
14,16,271400160189590000,RVM1416271400160189590000,157
14,16,271400160189590000,RVM1416271400160189590000,158
14,16,271400160189590000,RVM1416271400160189590000,159
14,16,271400160189590000,RVM1416271400160189590000,16
14,16,271400160189590000,RVM1416271400160189590000,160
14,16,271400160189590000,RVM1416271400160189590000,161
14,16,271400160189590000,RVM1416271400160189590000,162
14,16,271400160189590000,RVM1416271400160189590000,163
14,16,271400160189590000,RVM1416271400160189590000,164
14,16,271400160189590000,RVM1416271400160189590000,165
14,16,271400160189590000,RVM1416271400160189590000,167
14,16,271400160189590000,RVM1416271400160189590000,168
14,16,271400160189590000,RVM1416271400160189590000,169
14,16,271400160189590000,RVM1416271400160189590000,17
14,16,271400160189590000,RVM1416271400160189590000,170
14,16,271400160189590000,RVM1416271400160189590000,171
14,16,271400160189590000,RVM1416271400160189590000,172
14,16,271400160189590000,RVM1416271400160189590000,173
14,16,271400160189590000,RVM1416271400160189590000,174
14,16,271400160189590000,RVM1416271400160189590000,175
14,16,271400160189590000,RVM1416271400160189590000,176
14,16,271400160189590000,RVM1416271400160189590000,177
14,16,271400160189590000,RVM1416271400160189590000,178
14,16,271400160189590000,RVM1416271400160189590000,179
14,16,271400160189590000,RVM1416271400160189590000,18
14,16,271400160189590000,RVM1416271400160189590000,180
14,16,271400160189590000,RVM1416271400160189590000,181
14,16,271400160189590000,RVM1416271400160189590000,182
14,16,271400160189590000,RVM1416271400160189590000,183
14,16,271400160189590000,RVM1416271400160189590000,184
14,16,271400160189590000,RVM1416271400160189590000,185
14,16,271400160189590000,RVM1416271400160189590000,186
14,16,271400160189590000,RVM1416271400160189590000,187
14,16,271400160189590000,RVM1416271400160189590000,188
14,16,271400160189590000,RVM1416271400160189590000,189
14,16,271400160189590000,RVM1416271400160189590000,19
14,16,271400160189590000,RVM1416271400160189590000,190
14,16,271400160189590000,RVM1416271400160189590000,191
14,16,271400160189590000,RVM1416271400160189590000,192
14,16,271400160189590000,RVM1416271400160189590000,193
14,16,271400160189590000,RVM1416271400160189590000,194
14,16,271400160189590000,RVM1416271400160189590000,195
14,16,271400160189590000,RVM1416271400160189590000,196
14,16,271400160189590000,RVM1416271400160189590000,197
14,16,271400160189590000,RVM1416271400160189590000,198
14,16,271400160189590000,RVM1416271400160189590000,199
14,16,271400160189590000,RVM1416271400160189590000,2
14,16,271400160189590000,RVM1416271400160189590000,200
14,16,271400160189590000,RVM1416271400160189590000,201
14,16,271400160189590000,RVM1416271400160189590000,202
14,16,271400160189590000,RVM1416271400160189590000,203
14,16,271400160189590000,RVM1416271400160189590000,204
14,16,271400160189590000,RVM1416271400160189590000,205
14,16,271400160189590000,RVM1416271400160189590000,206
14,16,271400160189590000,RVM1416271400160189590000,21
14,16,271400160189590000,RVM1416271400160189590000,215
14,16,271400160189590000,RVM1416271400160189590000,216
14,16,271400160189590000,RVM1416271400160189590000,217
14,16,271400160189590000,RVM1416271400160189590000,218
14,16,271400160189590000,RVM1416271400160189590000,219
14,16,271400160189590000,RVM1416271400160189590000,22
14,16,271400160189590000,RVM1416271400160189590000,220
14,16,271400160189590000,RVM1416271400160189590000,221
14,16,271400160189590000,RVM1416271400160189590000,222
14,16,271400160189590000,RVM1416271400160189590000,224
14,16,271400160189590000,RVM1416271400160189590000,225
14,16,271400160189590000,RVM1416271400160189590000,229
14,16,271400160189590000,RVM1416271400160189590000,23
14,16,271400160189590000,RVM1416271400160189590000,230
14,16,271400160189590000,RVM1416271400160189590000,231
14,16,271400160189590000,RVM1416271400160189590000,232
14,16,271400160189590000,RVM1416271400160189590000,233
14,16,271400160189590000,RVM1416271400160189590000,234
14,16,271400160189590000,RVM1416271400160189590000,235
14,16,271400160189590000,RVM1416271400160189590000,236
14,16,271400160189590000,RVM1416271400160189590000,237
14,16,271400160189590000,RVM1416271400160189590000,238
14,16,271400160189590000,RVM1416271400160189590000,239
14,16,271400160189590000,RVM1416271400160189590000,24
14,16,271400160189590000,RVM1416271400160189590000,240
14,16,271400160189590000,RVM1416271400160189590000,241
14,16,271400160189590000,RVM1416271400160189590000,243
14,16,271400160189590000,RVM1416271400160189590000,244
14,16,271400160189590000,RVM1416271400160189590000,245
14,16,271400160189590000,RVM1416271400160189590000,246
14,16,271400160189590000,RVM1416271400160189590000,247
14,16,271400160189590000,RVM1416271400160189590000,249
14,16,271400160189590000,RVM1416271400160189590000,25
14,16,271400160189590000,RVM1416271400160189590000,250
14,16,271400160189590000,RVM1416271400160189590000,251
14,16,271400160189590000,RVM1416271400160189590000,252
14,16,271400160189590000,RVM1416271400160189590000,253
14,16,271400160189590000,RVM1416271400160189590000,254
14,16,271400160189590000,RVM1416271400160189590000,255
14,16,271400160189590000,RVM1416271400160189590000,256
14,16,271400160189590000,RVM1416271400160189590000,257
14,16,271400160189590000,RVM1416271400160189590000,259
14,16,271400160189590000,RVM1416271400160189590000,26
14,16,271400160189590000,RVM1416271400160189590000,261
14,16,271400160189590000,RVM1416271400160189590000,262
14,16,271400160189590000,RVM1416271400160189590000,265
14,16,271400160189590000,RVM1416271400160189590000,266
14,16,271400160189590000,RVM1416271400160189590000,267
14,16,271400160189590000,RVM1416271400160189590000,268
14,16,271400160189590000,RVM1416271400160189590000,269
14,16,271400160189590000,RVM1416271400160189590000,27
14,16,271400160189590000,RVM1416271400160189590000,270
14,16,271400160189590000,RVM1416271400160189590000,271
14,16,271400160189590000,RVM1416271400160189590000,272
14,16,271400160189590000,RVM1416271400160189590000,273
14,16,271400160189590000,RVM1416271400160189590000,274
14,16,271400160189590000,RVM1416271400160189590000,275
14,16,271400160189590000,RVM1416271400160189590000,28
14,16,271400160189590000,RVM1416271400160189590000,280
14,16,271400160189590000,RVM1416271400160189590000,283
14,16,271400160189590000,RVM1416271400160189590000,284
14,16,271400160189590000,RVM1416271400160189590000,285
14,16,271400160189590000,RVM1416271400160189590000,286
14,16,271400160189590000,RVM1416271400160189590000,287
14,16,271400160189590000,RVM1416271400160189590000,288
14,16,271400160189590000,RVM1416271400160189590000,289
14,16,271400160189590000,RVM1416271400160189590000,29
14,16,271400160189590000,RVM1416271400160189590000,290
14,16,271400160189590000,RVM1416271400160189590000,291
14,16,271400160189590000,RVM1416271400160189590000,292
14,16,271400160189590000,RVM1416271400160189590000,293
14,16,271400160189590000,RVM1416271400160189590000,294
14,16,271400160189590000,RVM1416271400160189590000,295
14,16,271400160189590000,RVM1416271400160189590000,296
14,16,271400160189590000,RVM1416271400160189590000,297
14,16,271400160189590000,RVM1416271400160189590000,298
14,16,271400160189590000,RVM1416271400160189590000,299
14,16,271400160189590000,RVM1416271400160189590000,3
14,16,271400160189590000,RVM1416271400160189590000,30
14,16,271400160189590000,RVM1416271400160189590000,300
14,16,271400160189590000,RVM1416271400160189590000,301
14,16,271400160189590000,RVM1416271400160189590000,302
14,16,271400160189590000,RVM1416271400160189590000,303
14,16,271400160189590000,RVM1416271400160189590000,304
14,16,271400160189590000,RVM1416271400160189590000,305
14,16,271400160189590000,RVM1416271400160189590000,306
14,16,271400160189590000,RVM1416271400160189590000,307
14,16,271400160189590000,RVM1416271400160189590000,308
14,16,271400160189590000,RVM1416271400160189590000,309
14,16,271400160189590000,RVM1416271400160189590000,31
14,16,271400160189590000,RVM1416271400160189590000,310
14,16,271400160189590000,RVM1416271400160189590000,311
14,16,271400160189590000,RVM1416271400160189590000,312
14,16,271400160189590000,RVM1416271400160189590000,313
14,16,271400160189590000,RVM1416271400160189590000,314
14,16,271400160189590000,RVM1416271400160189590000,315
14,16,271400160189590000,RVM1416271400160189590000,316
14,16,271400160189590000,RVM1416271400160189590000,317
14,16,271400160189590000,RVM1416271400160189590000,318
14,16,271400160189590000,RVM1416271400160189590000,319
14,16,271400160189590000,RVM1416271400160189590000,32
14,16,271400160189590000,RVM1416271400160189590000,320
14,16,271400160189590000,RVM1416271400160189590000,321
14,16,271400160189590000,RVM1416271400160189590000,322
14,16,271400160189590000,RVM1416271400160189590000,323
14,16,271400160189590000,RVM1416271400160189590000,325
14,16,271400160189590000,RVM1416271400160189590000,326
14,16,271400160189590000,RVM1416271400160189590000,328
14,16,271400160189590000,RVM1416271400160189590000,329
14,16,271400160189590000,RVM1416271400160189590000,33
14,16,271400160189590000,RVM1416271400160189590000,330
14,16,271400160189590000,RVM1416271400160189590000,331
14,16,271400160189590000,RVM1416271400160189590000,332
14,16,271400160189590000,RVM1416271400160189590000,333
14,16,271400160189590000,RVM1416271400160189590000,334
14,16,271400160189590000,RVM1416271400160189590000,335
14,16,271400160189590000,RVM1416271400160189590000,336
14,16,271400160189590000,RVM1416271400160189590000,337
14,16,271400160189590000,RVM1416271400160189590000,338
14,16,271400160189590000,RVM1416271400160189590000,339
14,16,271400160189590000,RVM1416271400160189590000,34
14,16,271400160189590000,RVM1416271400160189590000,343
14,16,271400160189590000,RVM1416271400160189590000,344
14,16,271400160189590000,RVM1416271400160189590000,346
14,16,271400160189590000,RVM1416271400160189590000,347
14,16,271400160189590000,RVM1416271400160189590000,348
14,16,271400160189590000,RVM1416271400160189590000,349
14,16,271400160189590000,RVM1416271400160189590000,35
14,16,271400160189590000,RVM1416271400160189590000,350
14,16,271400160189590000,RVM1416271400160189590000,351
14,16,271400160189590000,RVM1416271400160189590000,352
14,16,271400160189590000,RVM1416271400160189590000,353
14,16,271400160189590000,RVM1416271400160189590000,354
14,16,271400160189590000,RVM1416271400160189590000,355
14,16,271400160189590000,RVM1416271400160189590000,356
14,16,271400160189590000,RVM1416271400160189590000,357
14,16,271400160189590000,RVM1416271400160189590000,358
14,16,271400160189590000,RVM1416271400160189590000,359
14,16,271400160189590000,RVM1416271400160189590000,36
14,16,271400160189590000,RVM1416271400160189590000,360
14,16,271400160189590000,RVM1416271400160189590000,37
14,16,271400160189590000,RVM1416271400160189590000,38
14,16,271400160189590000,RVM1416271400160189590000,39
14,16,271400160189590000,RVM1416271400160189590000,4
14,16,271400160189590000,RVM1416271400160189590000,40
14,16,271400160189590000,RVM1416271400160189590000,41
14,16,271400160189590000,RVM1416271400160189590000,42
14,16,271400160189590000,RVM1416271400160189590000,43
14,16,271400160189590000,RVM1416271400160189590000,44
14,16,271400160189590000,RVM1416271400160189590000,45
14,16,271400160189590000,RVM1416271400160189590000,46
14,16,271400160189590000,RVM1416271400160189590000,47
14,16,271400160189590000,RVM1416271400160189590000,48
14,16,271400160189590000,RVM1416271400160189590000,49
14,16,271400160189590000,RVM1416271400160189590000,5
14,16,271400160189590000,RVM1416271400160189590000,50
14,16,271400160189590000,RVM1416271400160189590000,51
14,16,271400160189590000,RVM1416271400160189590000,52
14,16,271400160189590000,RVM1416271400160189590000,53
14,16,271400160189590000,RVM1416271400160189590000,54
14,16,271400160189590000,RVM1416271400160189590000,55
14,16,271400160189590000,RVM1416271400160189590000,56
14,16,271400160189590000,RVM1416271400160189590000,57
14,16,271400160189590000,RVM1416271400160189590000,58
14,16,271400160189590000,RVM1416271400160189590000,59
14,16,271400160189590000,RVM1416271400160189590000,60
14,16,271400160189590000,RVM1416271400160189590000,61
14,16,271400160189590000,RVM1416271400160189590000,62
14,16,271400160189590000,RVM1416271400160189590000,63
14,16,271400160189590000,RVM1416271400160189590000,64
14,16,271400160189590000,RVM1416271400160189590000,65
14,16,271400160189590000,RVM1416271400160189590000,66
14,16,271400160189590000,RVM1416271400160189590000,67
14,16,271400160189590000,RVM1416271400160189590000,68
14,16,271400160189590000,RVM1416271400160189590000,69
14,16,271400160189590000,RVM1416271400160189590000,7
14,16,271400160189590000,RVM1416271400160189590000,72
14,16,271400160189590000,RVM1416271400160189590000,73
14,16,271400160189590000,RVM1416271400160189590000,76
14,16,271400160189590000,RVM1416271400160189590000,77
14,16,271400160189590000,RVM1416271400160189590000,8
14,16,271400160189590000,RVM1416271400160189590000,85
14,16,271400160189590000,RVM1416271400160189590000,86
14,16,271400160189590000,RVM1416271400160189590000,87
14,16,271400160189590000,RVM1416271400160189590000,88
14,16,271400160189590000,RVM1416271400160189590000,89
14,16,271400160189590000,RVM1416271400160189590000,9
14,16,271400160189590000,RVM1416271400160189590000,90
14,16,271400160189590000,RVM1416271400160189590000,91
14,16,271400160189590000,RVM1416271400160189590000,92
14,16,271400160189590000,RVM1416271400160189590000,93
14,16,271400160189590000,RVM1416271400160189590000,94
14,16,271400160189590000,RVM1416271400160189590000,95
14,16,271400160189590000,RVM1416271400160189590000,96
14,16,271400160189590000,RVM1416271400160189590000,98
14,16,271400160189590000,RVM1416271400160189590000,99
14,16,271400160188950000,RVM1416271400160188950000,1
14,16,271400160188950000,RVM1416271400160188950000,10
14,16,271400160188950000,RVM1416271400160188950000,100
14,16,271400160188950000,RVM1416271400160188950000,101
14,16,271400160188950000,RVM1416271400160188950000,102
14,16,271400160188950000,RVM1416271400160188950000,103
14,16,271400160188950000,RVM1416271400160188950000,104
14,16,271400160188950000,RVM1416271400160188950000,105
14,16,271400160188950000,RVM1416271400160188950000,106
14,16,271400160188950000,RVM1416271400160188950000,107
14,16,271400160188950000,RVM1416271400160188950000,108
14,16,271400160188950000,RVM1416271400160188950000,109
14,16,271400160188950000,RVM1416271400160188950000,11
14,16,271400160188950000,RVM1416271400160188950000,110
14,16,271400160188950000,RVM1416271400160188950000,111
14,16,271400160188950000,RVM1416271400160188950000,112
14,16,271400160188950000,RVM1416271400160188950000,113
14,16,271400160188950000,RVM1416271400160188950000,114
14,16,271400160188950000,RVM1416271400160188950000,115
14,16,271400160188950000,RVM1416271400160188950000,116
14,16,271400160188950000,RVM1416271400160188950000,117
14,16,271400160188950000,RVM1416271400160188950000,118
14,16,271400160188950000,RVM1416271400160188950000,119
14,16,271400160188950000,RVM1416271400160188950000,12
14,16,271400160188950000,RVM1416271400160188950000,120
14,16,271400160188950000,RVM1416271400160188950000,121
14,16,271400160188950000,RVM1416271400160188950000,122
14,16,271400160188950000,RVM1416271400160188950000,123
14,16,271400160188950000,RVM1416271400160188950000,124
14,16,271400160188950000,RVM1416271400160188950000,125
14,16,271400160188950000,RVM1416271400160188950000,126
14,16,271400160188950000,RVM1416271400160188950000,127
14,16,271400160188950000,RVM1416271400160188950000,128
14,16,271400160188950000,RVM1416271400160188950000,129
14,16,271400160188950000,RVM1416271400160188950000,13
14,16,271400160188950000,RVM1416271400160188950000,130
14,16,271400160188950000,RVM1416271400160188950000,131
14,16,271400160188950000,RVM1416271400160188950000,132
14,16,271400160188950000,RVM1416271400160188950000,133
14,16,271400160188950000,RVM1416271400160188950000,134
14,16,271400160188950000,RVM1416271400160188950000,135
14,16,271400160188950000,RVM1416271400160188950000,136
14,16,271400160188950000,RVM1416271400160188950000,137
14,16,271400160188950000,RVM1416271400160188950000,138
14,16,271400160188950000,RVM1416271400160188950000,139
14,16,271400160188950000,RVM1416271400160188950000,14
14,16,271400160188950000,RVM1416271400160188950000,140
14,16,271400160188950000,RVM1416271400160188950000,141
14,16,271400160188950000,RVM1416271400160188950000,142
14,16,271400160188950000,RVM1416271400160188950000,143
14,16,271400160188950000,RVM1416271400160188950000,144
14,16,271400160188950000,RVM1416271400160188950000,145
14,16,271400160188950000,RVM1416271400160188950000,146
14,16,271400160188950000,RVM1416271400160188950000,147
14,16,271400160188950000,RVM1416271400160188950000,148
14,16,271400160188950000,RVM1416271400160188950000,149
14,16,271400160188950000,RVM1416271400160188950000,15
14,16,271400160188950000,RVM1416271400160188950000,150
14,16,271400160188950000,RVM1416271400160188950000,151
14,16,271400160188950000,RVM1416271400160188950000,152
14,16,271400160188950000,RVM1416271400160188950000,153
14,16,271400160188950000,RVM1416271400160188950000,154
14,16,271400160188950000,RVM1416271400160188950000,155
14,16,271400160188950000,RVM1416271400160188950000,156
14,16,271400160188950000,RVM1416271400160188950000,157
14,16,271400160188950000,RVM1416271400160188950000,158
14,16,271400160188950000,RVM1416271400160188950000,159
14,16,271400160188950000,RVM1416271400160188950000,16
14,16,271400160188950000,RVM1416271400160188950000,160
14,16,271400160188950000,RVM1416271400160188950000,161
14,16,271400160188950000,RVM1416271400160188950000,162
14,16,271400160188950000,RVM1416271400160188950000,163
14,16,271400160188950000,RVM1416271400160188950000,164
14,16,271400160188950000,RVM1416271400160188950000,165
14,16,271400160188950000,RVM1416271400160188950000,166
14,16,271400160188950000,RVM1416271400160188950000,167
14,16,271400160188950000,RVM1416271400160188950000,168
14,16,271400160188950000,RVM1416271400160188950000,169
14,16,271400160188950000,RVM1416271400160188950000,17
14,16,271400160188950000,RVM1416271400160188950000,170
14,16,271400160188950000,RVM1416271400160188950000,171
14,16,271400160188950000,RVM1416271400160188950000,172
14,16,271400160188950000,RVM1416271400160188950000,173
14,16,271400160188950000,RVM1416271400160188950000,174
14,16,271400160188950000,RVM1416271400160188950000,175
14,16,271400160188950000,RVM1416271400160188950000,176
14,16,271400160188950000,RVM1416271400160188950000,177
14,16,271400160188950000,RVM1416271400160188950000,178
14,16,271400160188950000,RVM1416271400160188950000,179
14,16,271400160188950000,RVM1416271400160188950000,18
14,16,271400160188950000,RVM1416271400160188950000,180
14,16,271400160188950000,RVM1416271400160188950000,181
14,16,271400160188950000,RVM1416271400160188950000,182
14,16,271400160188950000,RVM1416271400160188950000,183
14,16,271400160188950000,RVM1416271400160188950000,184
14,16,271400160188950000,RVM1416271400160188950000,185
14,16,271400160188950000,RVM1416271400160188950000,186
14,16,271400160188950000,RVM1416271400160188950000,187
14,16,271400160188950000,RVM1416271400160188950000,188
14,16,271400160188950000,RVM1416271400160188950000,189
14,16,271400160188950000,RVM1416271400160188950000,19
14,16,271400160188950000,RVM1416271400160188950000,190
14,16,271400160188950000,RVM1416271400160188950000,191
14,16,271400160188950000,RVM1416271400160188950000,192
14,16,271400160188950000,RVM1416271400160188950000,193
14,16,271400160188950000,RVM1416271400160188950000,194
14,16,271400160188950000,RVM1416271400160188950000,195
14,16,271400160188950000,RVM1416271400160188950000,196
14,16,271400160188950000,RVM1416271400160188950000,197
14,16,271400160188950000,RVM1416271400160188950000,198
14,16,271400160188950000,RVM1416271400160188950000,199
14,16,271400160188950000,RVM1416271400160188950000,2
14,16,271400160188950000,RVM1416271400160188950000,20
14,16,271400160188950000,RVM1416271400160188950000,200
14,16,271400160188950000,RVM1416271400160188950000,201
14,16,271400160188950000,RVM1416271400160188950000,202
14,16,271400160188950000,RVM1416271400160188950000,203
14,16,271400160188950000,RVM1416271400160188950000,204
14,16,271400160188950000,RVM1416271400160188950000,205
14,16,271400160188950000,RVM1416271400160188950000,206
14,16,271400160188950000,RVM1416271400160188950000,207
14,16,271400160188950000,RVM1416271400160188950000,208
14,16,271400160188950000,RVM1416271400160188950000,209
14,16,271400160188950000,RVM1416271400160188950000,21
14,16,271400160188950000,RVM1416271400160188950000,210
14,16,271400160188950000,RVM1416271400160188950000,211
14,16,271400160188950000,RVM1416271400160188950000,212
14,16,271400160188950000,RVM1416271400160188950000,213
14,16,271400160188950000,RVM1416271400160188950000,214
14,16,271400160188950000,RVM1416271400160188950000,215
14,16,271400160188950000,RVM1416271400160188950000,216
14,16,271400160188950000,RVM1416271400160188950000,217
14,16,271400160188950000,RVM1416271400160188950000,218
14,16,271400160188950000,RVM1416271400160188950000,219
14,16,271400160188950000,RVM1416271400160188950000,22
14,16,271400160188950000,RVM1416271400160188950000,220
14,16,271400160188950000,RVM1416271400160188950000,221
14,16,271400160188950000,RVM1416271400160188950000,222
14,16,271400160188950000,RVM1416271400160188950000,223
14,16,271400160188950000,RVM1416271400160188950000,224
14,16,271400160188950000,RVM1416271400160188950000,225
14,16,271400160188950000,RVM1416271400160188950000,226
14,16,271400160188950000,RVM1416271400160188950000,227
14,16,271400160188950000,RVM1416271400160188950000,228
14,16,271400160188950000,RVM1416271400160188950000,229
14,16,271400160188950000,RVM1416271400160188950000,23
14,16,271400160188950000,RVM1416271400160188950000,230
14,16,271400160188950000,RVM1416271400160188950000,231
14,16,271400160188950000,RVM1416271400160188950000,232
14,16,271400160188950000,RVM1416271400160188950000,233
14,16,271400160188950000,RVM1416271400160188950000,234
14,16,271400160188950000,RVM1416271400160188950000,235
14,16,271400160188950000,RVM1416271400160188950000,236
14,16,271400160188950000,RVM1416271400160188950000,237
14,16,271400160188950000,RVM1416271400160188950000,238
14,16,271400160188950000,RVM1416271400160188950000,239
14,16,271400160188950000,RVM1416271400160188950000,24
14,16,271400160188950000,RVM1416271400160188950000,240
14,16,271400160188950000,RVM1416271400160188950000,241
14,16,271400160188950000,RVM1416271400160188950000,242
14,16,271400160188950000,RVM1416271400160188950000,243
14,16,271400160188950000,RVM1416271400160188950000,244
14,16,271400160188950000,RVM1416271400160188950000,245
14,16,271400160188950000,RVM1416271400160188950000,246
14,16,271400160188950000,RVM1416271400160188950000,247
14,16,271400160188950000,RVM1416271400160188950000,248
14,16,271400160188950000,RVM1416271400160188950000,249
14,16,271400160188950000,RVM1416271400160188950000,25
14,16,271400160188950000,RVM1416271400160188950000,250
14,16,271400160188950000,RVM1416271400160188950000,251
14,16,271400160188950000,RVM1416271400160188950000,252
14,16,271400160188950000,RVM1416271400160188950000,253
14,16,271400160188950000,RVM1416271400160188950000,254
14,16,271400160188950000,RVM1416271400160188950000,255
14,16,271400160188950000,RVM1416271400160188950000,256
14,16,271400160188950000,RVM1416271400160188950000,257
14,16,271400160188950000,RVM1416271400160188950000,258
14,16,271400160188950000,RVM1416271400160188950000,259
14,16,271400160188950000,RVM1416271400160188950000,26
14,16,271400160188950000,RVM1416271400160188950000,260
14,16,271400160188950000,RVM1416271400160188950000,261
14,16,271400160188950000,RVM1416271400160188950000,262
14,16,271400160188950000,RVM1416271400160188950000,263
14,16,271400160188950000,RVM1416271400160188950000,264
14,16,271400160188950000,RVM1416271400160188950000,265
14,16,271400160188950000,RVM1416271400160188950000,266
14,16,271400160188950000,RVM1416271400160188950000,267
14,16,271400160188950000,RVM1416271400160188950000,268
14,16,271400160188950000,RVM1416271400160188950000,269
14,16,271400160188950000,RVM1416271400160188950000,27
14,16,271400160188950000,RVM1416271400160188950000,270
14,16,271400160188950000,RVM1416271400160188950000,271
14,16,271400160188950000,RVM1416271400160188950000,272
14,16,271400160188950000,RVM1416271400160188950000,273
14,16,271400160188950000,RVM1416271400160188950000,274
14,16,271400160188950000,RVM1416271400160188950000,275
14,16,271400160188950000,RVM1416271400160188950000,276
14,16,271400160188950000,RVM1416271400160188950000,277
14,16,271400160188950000,RVM1416271400160188950000,278
14,16,271400160188950000,RVM1416271400160188950000,279
14,16,271400160188950000,RVM1416271400160188950000,28
14,16,271400160188950000,RVM1416271400160188950000,280
14,16,271400160188950000,RVM1416271400160188950000,281
14,16,271400160188950000,RVM1416271400160188950000,282
14,16,271400160188950000,RVM1416271400160188950000,283
14,16,271400160188950000,RVM1416271400160188950000,284
14,16,271400160188950000,RVM1416271400160188950000,285
14,16,271400160188950000,RVM1416271400160188950000,286
14,16,271400160188950000,RVM1416271400160188950000,287
14,16,271400160188950000,RVM1416271400160188950000,288
14,16,271400160188950000,RVM1416271400160188950000,289
14,16,271400160188950000,RVM1416271400160188950000,29
14,16,271400160188950000,RVM1416271400160188950000,290
14,16,271400160188950000,RVM1416271400160188950000,291
14,16,271400160188950000,RVM1416271400160188950000,292
14,16,271400160188950000,RVM1416271400160188950000,293
14,16,271400160188950000,RVM1416271400160188950000,3
14,16,271400160188950000,RVM1416271400160188950000,30
14,16,271400160188950000,RVM1416271400160188950000,31
14,16,271400160188950000,RVM1416271400160188950000,32
14,16,271400160188950000,RVM1416271400160188950000,33
14,16,271400160188950000,RVM1416271400160188950000,34
14,16,271400160188950000,RVM1416271400160188950000,35
14,16,271400160188950000,RVM1416271400160188950000,36
14,16,271400160188950000,RVM1416271400160188950000,37
14,16,271400160188950000,RVM1416271400160188950000,38
14,16,271400160188950000,RVM1416271400160188950000,39
14,16,271400160188950000,RVM1416271400160188950000,4
14,16,271400160188950000,RVM1416271400160188950000,40
14,16,271400160188950000,RVM1416271400160188950000,41
14,16,271400160188950000,RVM1416271400160188950000,42
14,16,271400160188950000,RVM1416271400160188950000,43
14,16,271400160188950000,RVM1416271400160188950000,44
14,16,271400160188950000,RVM1416271400160188950000,45
14,16,271400160188950000,RVM1416271400160188950000,46
14,16,271400160188950000,RVM1416271400160188950000,47
14,16,271400160188950000,RVM1416271400160188950000,48
14,16,271400160188950000,RVM1416271400160188950000,49
14,16,271400160188950000,RVM1416271400160188950000,5
14,16,271400160188950000,RVM1416271400160188950000,50
14,16,271400160188950000,RVM1416271400160188950000,51
14,16,271400160188950000,RVM1416271400160188950000,52
14,16,271400160188950000,RVM1416271400160188950000,53
14,16,271400160188950000,RVM1416271400160188950000,54
14,16,271400160188950000,RVM1416271400160188950000,55
14,16,271400160188950000,RVM1416271400160188950000,56
14,16,271400160188950000,RVM1416271400160188950000,57
14,16,271400160188950000,RVM1416271400160188950000,58
14,16,271400160188950000,RVM1416271400160188950000,59
14,16,271400160188950000,RVM1416271400160188950000,6
14,16,271400160188950000,RVM1416271400160188950000,60
14,16,271400160188950000,RVM1416271400160188950000,61
14,16,271400160188950000,RVM1416271400160188950000,62
14,16,271400160188950000,RVM1416271400160188950000,63
14,16,271400160188950000,RVM1416271400160188950000,64
14,16,271400160188950000,RVM1416271400160188950000,65
14,16,271400160188950000,RVM1416271400160188950000,66
14,16,271400160188950000,RVM1416271400160188950000,67
14,16,271400160188950000,RVM1416271400160188950000,68
14,16,271400160188950000,RVM1416271400160188950000,69
14,16,271400160188950000,RVM1416271400160188950000,7
14,16,271400160188950000,RVM1416271400160188950000,70
14,16,271400160188950000,RVM1416271400160188950000,71
14,16,271400160188950000,RVM1416271400160188950000,72
14,16,271400160188950000,RVM1416271400160188950000,73
14,16,271400160188950000,RVM1416271400160188950000,74
14,16,271400160188950000,RVM1416271400160188950000,75
14,16,271400160188950000,RVM1416271400160188950000,76
14,16,271400160188950000,RVM1416271400160188950000,77
14,16,271400160188950000,RVM1416271400160188950000,78
14,16,271400160188950000,RVM1416271400160188950000,79
14,16,271400160188950000,RVM1416271400160188950000,8
14,16,271400160188950000,RVM1416271400160188950000,80
14,16,271400160188950000,RVM1416271400160188950000,81
14,16,271400160188950000,RVM1416271400160188950000,82
14,16,271400160188950000,RVM1416271400160188950000,83
14,16,271400160188950000,RVM1416271400160188950000,84
14,16,271400160188950000,RVM1416271400160188950000,85
14,16,271400160188950000,RVM1416271400160188950000,86
14,16,271400160188950000,RVM1416271400160188950000,87
14,16,271400160188950000,RVM1416271400160188950000,88
14,16,271400160188950000,RVM1416271400160188950000,89
14,16,271400160188950000,RVM1416271400160188950000,9
14,16,271400160188950000,RVM1416271400160188950000,90
14,16,271400160188950000,RVM1416271400160188950000,91
14,16,271400160188950000,RVM1416271400160188950000,92
14,16,271400160188950000,RVM1416271400160188950000,93
14,16,271400160188950000,RVM1416271400160188950000,94
14,16,271400160188950000,RVM1416271400160188950000,95
14,16,271400160188950000,RVM1416271400160188950000,96
14,16,271400160188950000,RVM1416271400160188950000,97
14,16,271400160188950000,RVM1416271400160188950000,98
14,16,271400160188950000,RVM1416271400160188950000,99
14,16,271400160189390000,RVM1416271400160189390000,1
14,16,271400160189390000,RVM1416271400160189390000,10
14,16,271400160189390000,RVM1416271400160189390000,100
14,16,271400160189390000,RVM1416271400160189390000,101
14,16,271400160189390000,RVM1416271400160189390000,102
14,16,271400160189390000,RVM1416271400160189390000,103
14,16,271400160189390000,RVM1416271400160189390000,104
14,16,271400160189390000,RVM1416271400160189390000,105
14,16,271400160189390000,RVM1416271400160189390000,106
14,16,271400160189390000,RVM1416271400160189390000,107
14,16,271400160189390000,RVM1416271400160189390000,108
14,16,271400160189390000,RVM1416271400160189390000,109
14,16,271400160189390000,RVM1416271400160189390000,11
14,16,271400160189390000,RVM1416271400160189390000,110
14,16,271400160189390000,RVM1416271400160189390000,111
14,16,271400160189390000,RVM1416271400160189390000,112
14,16,271400160189390000,RVM1416271400160189390000,113
14,16,271400160189390000,RVM1416271400160189390000,114
14,16,271400160189390000,RVM1416271400160189390000,115
14,16,271400160189390000,RVM1416271400160189390000,116
14,16,271400160189390000,RVM1416271400160189390000,117
14,16,271400160189390000,RVM1416271400160189390000,118
14,16,271400160189390000,RVM1416271400160189390000,119
14,16,271400160189390000,RVM1416271400160189390000,12
14,16,271400160189390000,RVM1416271400160189390000,120
14,16,271400160189390000,RVM1416271400160189390000,121
14,16,271400160189390000,RVM1416271400160189390000,122
14,16,271400160189390000,RVM1416271400160189390000,123
14,16,271400160189390000,RVM1416271400160189390000,124
14,16,271400160189390000,RVM1416271400160189390000,125
14,16,271400160189390000,RVM1416271400160189390000,126
14,16,271400160189390000,RVM1416271400160189390000,127
14,16,271400160189390000,RVM1416271400160189390000,128
14,16,271400160189390000,RVM1416271400160189390000,129
14,16,271400160189390000,RVM1416271400160189390000,13
14,16,271400160189390000,RVM1416271400160189390000,130
14,16,271400160189390000,RVM1416271400160189390000,131
14,16,271400160189390000,RVM1416271400160189390000,132
14,16,271400160189390000,RVM1416271400160189390000,133
14,16,271400160189390000,RVM1416271400160189390000,134
14,16,271400160189390000,RVM1416271400160189390000,135
14,16,271400160189390000,RVM1416271400160189390000,136
14,16,271400160189390000,RVM1416271400160189390000,137
14,16,271400160189390000,RVM1416271400160189390000,138
14,16,271400160189390000,RVM1416271400160189390000,139
14,16,271400160189390000,RVM1416271400160189390000,14
14,16,271400160189390000,RVM1416271400160189390000,140
14,16,271400160189390000,RVM1416271400160189390000,141
14,16,271400160189390000,RVM1416271400160189390000,142
14,16,271400160189390000,RVM1416271400160189390000,143
14,16,271400160189390000,RVM1416271400160189390000,144
14,16,271400160189390000,RVM1416271400160189390000,145
14,16,271400160189390000,RVM1416271400160189390000,146
14,16,271400160189390000,RVM1416271400160189390000,147
14,16,271400160189390000,RVM1416271400160189390000,148
14,16,271400160189390000,RVM1416271400160189390000,149
14,16,271400160189390000,RVM1416271400160189390000,15
14,16,271400160189390000,RVM1416271400160189390000,150
14,16,271400160189390000,RVM1416271400160189390000,151
14,16,271400160189390000,RVM1416271400160189390000,152
14,16,271400160189390000,RVM1416271400160189390000,153
14,16,271400160189390000,RVM1416271400160189390000,154
14,16,271400160189390000,RVM1416271400160189390000,155
14,16,271400160189390000,RVM1416271400160189390000,156
14,16,271400160189390000,RVM1416271400160189390000,157
14,16,271400160189390000,RVM1416271400160189390000,158
14,16,271400160189390000,RVM1416271400160189390000,159
14,16,271400160189390000,RVM1416271400160189390000,16
14,16,271400160189390000,RVM1416271400160189390000,160
14,16,271400160189390000,RVM1416271400160189390000,161
14,16,271400160189390000,RVM1416271400160189390000,162
14,16,271400160189390000,RVM1416271400160189390000,163
14,16,271400160189390000,RVM1416271400160189390000,164
14,16,271400160189390000,RVM1416271400160189390000,165
14,16,271400160189390000,RVM1416271400160189390000,166
14,16,271400160189390000,RVM1416271400160189390000,167
14,16,271400160189390000,RVM1416271400160189390000,168
14,16,271400160189390000,RVM1416271400160189390000,169
14,16,271400160189390000,RVM1416271400160189390000,17
14,16,271400160189390000,RVM1416271400160189390000,170
14,16,271400160189390000,RVM1416271400160189390000,171
14,16,271400160189390000,RVM1416271400160189390000,172
14,16,271400160189390000,RVM1416271400160189390000,173
14,16,271400160189390000,RVM1416271400160189390000,174
14,16,271400160189390000,RVM1416271400160189390000,175
14,16,271400160189390000,RVM1416271400160189390000,176
14,16,271400160189390000,RVM1416271400160189390000,178
14,16,271400160189390000,RVM1416271400160189390000,179
14,16,271400160189390000,RVM1416271400160189390000,18
14,16,271400160189390000,RVM1416271400160189390000,180
14,16,271400160189390000,RVM1416271400160189390000,181
14,16,271400160189390000,RVM1416271400160189390000,183
14,16,271400160189390000,RVM1416271400160189390000,184
14,16,271400160189390000,RVM1416271400160189390000,185
14,16,271400160189390000,RVM1416271400160189390000,186
14,16,271400160189390000,RVM1416271400160189390000,187
14,16,271400160189390000,RVM1416271400160189390000,188
14,16,271400160189390000,RVM1416271400160189390000,189
14,16,271400160189390000,RVM1416271400160189390000,19
14,16,271400160189390000,RVM1416271400160189390000,190
14,16,271400160189390000,RVM1416271400160189390000,191
14,16,271400160189390000,RVM1416271400160189390000,192
14,16,271400160189390000,RVM1416271400160189390000,193
14,16,271400160189390000,RVM1416271400160189390000,194
14,16,271400160189390000,RVM1416271400160189390000,195
14,16,271400160189390000,RVM1416271400160189390000,196
14,16,271400160189390000,RVM1416271400160189390000,197
14,16,271400160189390000,RVM1416271400160189390000,198
14,16,271400160189390000,RVM1416271400160189390000,199
14,16,271400160189390000,RVM1416271400160189390000,2
14,16,271400160189390000,RVM1416271400160189390000,20
14,16,271400160189390000,RVM1416271400160189390000,200
14,16,271400160189390000,RVM1416271400160189390000,201
14,16,271400160189390000,RVM1416271400160189390000,202
14,16,271400160189390000,RVM1416271400160189390000,203
14,16,271400160189390000,RVM1416271400160189390000,204
14,16,271400160189390000,RVM1416271400160189390000,205
14,16,271400160189390000,RVM1416271400160189390000,206
14,16,271400160189390000,RVM1416271400160189390000,207
14,16,271400160189390000,RVM1416271400160189390000,208
14,16,271400160189390000,RVM1416271400160189390000,209
14,16,271400160189390000,RVM1416271400160189390000,21
14,16,271400160189390000,RVM1416271400160189390000,210
14,16,271400160189390000,RVM1416271400160189390000,211
14,16,271400160189390000,RVM1416271400160189390000,212
14,16,271400160189390000,RVM1416271400160189390000,213
14,16,271400160189390000,RVM1416271400160189390000,214
14,16,271400160189390000,RVM1416271400160189390000,215
14,16,271400160189390000,RVM1416271400160189390000,216
14,16,271400160189390000,RVM1416271400160189390000,217
14,16,271400160189390000,RVM1416271400160189390000,218
14,16,271400160189390000,RVM1416271400160189390000,219
14,16,271400160189390000,RVM1416271400160189390000,22
14,16,271400160189390000,RVM1416271400160189390000,220
14,16,271400160189390000,RVM1416271400160189390000,221
14,16,271400160189390000,RVM1416271400160189390000,222
14,16,271400160189390000,RVM1416271400160189390000,223
14,16,271400160189390000,RVM1416271400160189390000,224
14,16,271400160189390000,RVM1416271400160189390000,225
14,16,271400160189390000,RVM1416271400160189390000,226
14,16,271400160189390000,RVM1416271400160189390000,227
14,16,271400160189390000,RVM1416271400160189390000,228
14,16,271400160189390000,RVM1416271400160189390000,229
14,16,271400160189390000,RVM1416271400160189390000,23
14,16,271400160189390000,RVM1416271400160189390000,230
14,16,271400160189390000,RVM1416271400160189390000,231
14,16,271400160189390000,RVM1416271400160189390000,232
14,16,271400160189390000,RVM1416271400160189390000,233
14,16,271400160189390000,RVM1416271400160189390000,234
14,16,271400160189390000,RVM1416271400160189390000,235
14,16,271400160189390000,RVM1416271400160189390000,236
14,16,271400160189390000,RVM1416271400160189390000,237
14,16,271400160189390000,RVM1416271400160189390000,238
14,16,271400160189390000,RVM1416271400160189390000,239
14,16,271400160189390000,RVM1416271400160189390000,24
14,16,271400160189390000,RVM1416271400160189390000,240
14,16,271400160189390000,RVM1416271400160189390000,241
14,16,271400160189390000,RVM1416271400160189390000,242
14,16,271400160189390000,RVM1416271400160189390000,243
14,16,271400160189390000,RVM1416271400160189390000,244
14,16,271400160189390000,RVM1416271400160189390000,25
14,16,271400160189390000,RVM1416271400160189390000,26
14,16,271400160189390000,RVM1416271400160189390000,27
14,16,271400160189390000,RVM1416271400160189390000,28
14,16,271400160189390000,RVM1416271400160189390000,29
14,16,271400160189390000,RVM1416271400160189390000,3
14,16,271400160189390000,RVM1416271400160189390000,30
14,16,271400160189390000,RVM1416271400160189390000,31
14,16,271400160189390000,RVM1416271400160189390000,32
14,16,271400160189390000,RVM1416271400160189390000,33
14,16,271400160189390000,RVM1416271400160189390000,34
14,16,271400160189390000,RVM1416271400160189390000,35
14,16,271400160189390000,RVM1416271400160189390000,36
14,16,271400160189390000,RVM1416271400160189390000,37
14,16,271400160189390000,RVM1416271400160189390000,38
14,16,271400160189390000,RVM1416271400160189390000,39
14,16,271400160189390000,RVM1416271400160189390000,4
14,16,271400160189390000,RVM1416271400160189390000,40
14,16,271400160189390000,RVM1416271400160189390000,41
14,16,271400160189390000,RVM1416271400160189390000,42
14,16,271400160189390000,RVM1416271400160189390000,43
14,16,271400160189390000,RVM1416271400160189390000,44
14,16,271400160189390000,RVM1416271400160189390000,45
14,16,271400160189390000,RVM1416271400160189390000,46
14,16,271400160189390000,RVM1416271400160189390000,48
14,16,271400160189390000,RVM1416271400160189390000,49
14,16,271400160189390000,RVM1416271400160189390000,5
14,16,271400160189390000,RVM1416271400160189390000,50
14,16,271400160189390000,RVM1416271400160189390000,51
14,16,271400160189390000,RVM1416271400160189390000,52
14,16,271400160189390000,RVM1416271400160189390000,53
14,16,271400160189390000,RVM1416271400160189390000,54
14,16,271400160189390000,RVM1416271400160189390000,55
14,16,271400160189390000,RVM1416271400160189390000,56
14,16,271400160189390000,RVM1416271400160189390000,57
14,16,271400160189390000,RVM1416271400160189390000,58
14,16,271400160189390000,RVM1416271400160189390000,59
14,16,271400160189390000,RVM1416271400160189390000,6
14,16,271400160189390000,RVM1416271400160189390000,60
14,16,271400160189390000,RVM1416271400160189390000,61
14,16,271400160189390000,RVM1416271400160189390000,62
14,16,271400160189390000,RVM1416271400160189390000,63
14,16,271400160189390000,RVM1416271400160189390000,64
14,16,271400160189390000,RVM1416271400160189390000,65
14,16,271400160189390000,RVM1416271400160189390000,66
14,16,271400160189390000,RVM1416271400160189390000,67
14,16,271400160189390000,RVM1416271400160189390000,68
14,16,271400160189390000,RVM1416271400160189390000,69
14,16,271400160189390000,RVM1416271400160189390000,7
14,16,271400160189390000,RVM1416271400160189390000,70
14,16,271400160189390000,RVM1416271400160189390000,71
14,16,271400160189390000,RVM1416271400160189390000,72
14,16,271400160189390000,RVM1416271400160189390000,73
14,16,271400160189390000,RVM1416271400160189390000,74
14,16,271400160189390000,RVM1416271400160189390000,75
14,16,271400160189390000,RVM1416271400160189390000,76
14,16,271400160189390000,RVM1416271400160189390000,77
14,16,271400160189390000,RVM1416271400160189390000,78
14,16,271400160189390000,RVM1416271400160189390000,79
14,16,271400160189390000,RVM1416271400160189390000,8
14,16,271400160189390000,RVM1416271400160189390000,80
14,16,271400160189390000,RVM1416271400160189390000,81
14,16,271400160189390000,RVM1416271400160189390000,82
14,16,271400160189390000,RVM1416271400160189390000,83
14,16,271400160189390000,RVM1416271400160189390000,84
14,16,271400160189390000,RVM1416271400160189390000,85
14,16,271400160189390000,RVM1416271400160189390000,86
14,16,271400160189390000,RVM1416271400160189390000,87
14,16,271400160189390000,RVM1416271400160189390000,88
14,16,271400160189390000,RVM1416271400160189390000,89
14,16,271400160189390000,RVM1416271400160189390000,9
14,16,271400160189390000,RVM1416271400160189390000,90
14,16,271400160189390000,RVM1416271400160189390000,91
14,16,271400160189390000,RVM1416271400160189390000,92
14,16,271400160189390000,RVM1416271400160189390000,93
14,16,271400160189390000,RVM1416271400160189390000,94
14,16,271400160189390000,RVM1416271400160189390000,95
14,16,271400160189390000,RVM1416271400160189390000,96
14,16,271400160189390000,RVM1416271400160189390000,97
14,16,271400160189390000,RVM1416271400160189390000,98
14,16,271400160189390000,RVM1416271400160189390000,99
14,16,271400160189640000,RVM1416271400160189640000,1
14,16,271400160189640000,RVM1416271400160189640000,10
14,16,271400160189640000,RVM1416271400160189640000,100
14,16,271400160189640000,RVM1416271400160189640000,101
14,16,271400160189640000,RVM1416271400160189640000,102
14,16,271400160189640000,RVM1416271400160189640000,103
14,16,271400160189640000,RVM1416271400160189640000,104
14,16,271400160189640000,RVM1416271400160189640000,105
14,16,271400160189640000,RVM1416271400160189640000,106
14,16,271400160189640000,RVM1416271400160189640000,107
14,16,271400160189640000,RVM1416271400160189640000,108
14,16,271400160189640000,RVM1416271400160189640000,109
14,16,271400160189640000,RVM1416271400160189640000,11
14,16,271400160189640000,RVM1416271400160189640000,110
14,16,271400160189640000,RVM1416271400160189640000,111
14,16,271400160189640000,RVM1416271400160189640000,112
14,16,271400160189640000,RVM1416271400160189640000,113
14,16,271400160189640000,RVM1416271400160189640000,114
14,16,271400160189640000,RVM1416271400160189640000,115
14,16,271400160189640000,RVM1416271400160189640000,116
14,16,271400160189640000,RVM1416271400160189640000,117
14,16,271400160189640000,RVM1416271400160189640000,118
14,16,271400160189640000,RVM1416271400160189640000,119
14,16,271400160189640000,RVM1416271400160189640000,12
14,16,271400160189640000,RVM1416271400160189640000,120
14,16,271400160189640000,RVM1416271400160189640000,121
14,16,271400160189640000,RVM1416271400160189640000,122
14,16,271400160189640000,RVM1416271400160189640000,123
14,16,271400160189640000,RVM1416271400160189640000,124
14,16,271400160189640000,RVM1416271400160189640000,125
14,16,271400160189640000,RVM1416271400160189640000,126
14,16,271400160189640000,RVM1416271400160189640000,127
14,16,271400160189640000,RVM1416271400160189640000,128
14,16,271400160189640000,RVM1416271400160189640000,129
14,16,271400160189640000,RVM1416271400160189640000,13
14,16,271400160189640000,RVM1416271400160189640000,130
14,16,271400160189640000,RVM1416271400160189640000,131
14,16,271400160189640000,RVM1416271400160189640000,132
14,16,271400160189640000,RVM1416271400160189640000,133
14,16,271400160189640000,RVM1416271400160189640000,134
14,16,271400160189640000,RVM1416271400160189640000,135
14,16,271400160189640000,RVM1416271400160189640000,136
14,16,271400160189640000,RVM1416271400160189640000,137
14,16,271400160189640000,RVM1416271400160189640000,138
14,16,271400160189640000,RVM1416271400160189640000,139
14,16,271400160189640000,RVM1416271400160189640000,14
14,16,271400160189640000,RVM1416271400160189640000,140
14,16,271400160189640000,RVM1416271400160189640000,141
14,16,271400160189640000,RVM1416271400160189640000,142
14,16,271400160189640000,RVM1416271400160189640000,143
14,16,271400160189640000,RVM1416271400160189640000,144
14,16,271400160189640000,RVM1416271400160189640000,145
14,16,271400160189640000,RVM1416271400160189640000,146
14,16,271400160189640000,RVM1416271400160189640000,147
14,16,271400160189640000,RVM1416271400160189640000,148
14,16,271400160189640000,RVM1416271400160189640000,149
14,16,271400160189640000,RVM1416271400160189640000,15
14,16,271400160189640000,RVM1416271400160189640000,150
14,16,271400160189640000,RVM1416271400160189640000,151
14,16,271400160189640000,RVM1416271400160189640000,152
14,16,271400160189640000,RVM1416271400160189640000,153
14,16,271400160189640000,RVM1416271400160189640000,154
14,16,271400160189640000,RVM1416271400160189640000,155
14,16,271400160189640000,RVM1416271400160189640000,156
14,16,271400160189640000,RVM1416271400160189640000,157
14,16,271400160189640000,RVM1416271400160189640000,158
14,16,271400160189640000,RVM1416271400160189640000,159
14,16,271400160189640000,RVM1416271400160189640000,16
14,16,271400160189640000,RVM1416271400160189640000,160
14,16,271400160189640000,RVM1416271400160189640000,161
14,16,271400160189640000,RVM1416271400160189640000,162
14,16,271400160189640000,RVM1416271400160189640000,163
14,16,271400160189640000,RVM1416271400160189640000,164
14,16,271400160189640000,RVM1416271400160189640000,165
14,16,271400160189640000,RVM1416271400160189640000,166
14,16,271400160189640000,RVM1416271400160189640000,167
14,16,271400160189640000,RVM1416271400160189640000,168
14,16,271400160189640000,RVM1416271400160189640000,169
14,16,271400160189640000,RVM1416271400160189640000,17
14,16,271400160189640000,RVM1416271400160189640000,170
14,16,271400160189640000,RVM1416271400160189640000,171
14,16,271400160189640000,RVM1416271400160189640000,172
14,16,271400160189640000,RVM1416271400160189640000,173
14,16,271400160189640000,RVM1416271400160189640000,174
14,16,271400160189640000,RVM1416271400160189640000,175
14,16,271400160189640000,RVM1416271400160189640000,176
14,16,271400160189640000,RVM1416271400160189640000,177
14,16,271400160189640000,RVM1416271400160189640000,178
14,16,271400160189640000,RVM1416271400160189640000,179
14,16,271400160189640000,RVM1416271400160189640000,18
14,16,271400160189640000,RVM1416271400160189640000,180
14,16,271400160189640000,RVM1416271400160189640000,181
14,16,271400160189640000,RVM1416271400160189640000,182
14,16,271400160189640000,RVM1416271400160189640000,183
14,16,271400160189640000,RVM1416271400160189640000,184
14,16,271400160189640000,RVM1416271400160189640000,185
14,16,271400160189640000,RVM1416271400160189640000,186
14,16,271400160189640000,RVM1416271400160189640000,187
14,16,271400160189640000,RVM1416271400160189640000,188
14,16,271400160189640000,RVM1416271400160189640000,189
14,16,271400160189640000,RVM1416271400160189640000,19
14,16,271400160189640000,RVM1416271400160189640000,194
14,16,271400160189640000,RVM1416271400160189640000,195
14,16,271400160189640000,RVM1416271400160189640000,196
14,16,271400160189640000,RVM1416271400160189640000,197
14,16,271400160189640000,RVM1416271400160189640000,198
14,16,271400160189640000,RVM1416271400160189640000,199
14,16,271400160189640000,RVM1416271400160189640000,2
14,16,271400160189640000,RVM1416271400160189640000,20
14,16,271400160189640000,RVM1416271400160189640000,200
14,16,271400160189640000,RVM1416271400160189640000,201
14,16,271400160189640000,RVM1416271400160189640000,202
14,16,271400160189640000,RVM1416271400160189640000,203
14,16,271400160189640000,RVM1416271400160189640000,204
14,16,271400160189640000,RVM1416271400160189640000,205
14,16,271400160189640000,RVM1416271400160189640000,206
14,16,271400160189640000,RVM1416271400160189640000,207
14,16,271400160189640000,RVM1416271400160189640000,208
14,16,271400160189640000,RVM1416271400160189640000,209
14,16,271400160189640000,RVM1416271400160189640000,21
14,16,271400160189640000,RVM1416271400160189640000,210
14,16,271400160189640000,RVM1416271400160189640000,211
14,16,271400160189640000,RVM1416271400160189640000,212
14,16,271400160189640000,RVM1416271400160189640000,213
14,16,271400160189640000,RVM1416271400160189640000,214
14,16,271400160189640000,RVM1416271400160189640000,215
14,16,271400160189640000,RVM1416271400160189640000,216
14,16,271400160189640000,RVM1416271400160189640000,217
14,16,271400160189640000,RVM1416271400160189640000,218
14,16,271400160189640000,RVM1416271400160189640000,219
14,16,271400160189640000,RVM1416271400160189640000,22
14,16,271400160189640000,RVM1416271400160189640000,220
14,16,271400160189640000,RVM1416271400160189640000,221
14,16,271400160189640000,RVM1416271400160189640000,222
14,16,271400160189640000,RVM1416271400160189640000,223
14,16,271400160189640000,RVM1416271400160189640000,224
14,16,271400160189640000,RVM1416271400160189640000,225
14,16,271400160189640000,RVM1416271400160189640000,226
14,16,271400160189640000,RVM1416271400160189640000,227
14,16,271400160189640000,RVM1416271400160189640000,228
14,16,271400160189640000,RVM1416271400160189640000,229
14,16,271400160189640000,RVM1416271400160189640000,23
14,16,271400160189640000,RVM1416271400160189640000,230
14,16,271400160189640000,RVM1416271400160189640000,231
14,16,271400160189640000,RVM1416271400160189640000,232
14,16,271400160189640000,RVM1416271400160189640000,233
14,16,271400160189640000,RVM1416271400160189640000,234
14,16,271400160189640000,RVM1416271400160189640000,235
14,16,271400160189640000,RVM1416271400160189640000,236
14,16,271400160189640000,RVM1416271400160189640000,237
14,16,271400160189640000,RVM1416271400160189640000,238
14,16,271400160189640000,RVM1416271400160189640000,239
14,16,271400160189640000,RVM1416271400160189640000,24
14,16,271400160189640000,RVM1416271400160189640000,240
14,16,271400160189640000,RVM1416271400160189640000,241
14,16,271400160189640000,RVM1416271400160189640000,242
14,16,271400160189640000,RVM1416271400160189640000,243
14,16,271400160189640000,RVM1416271400160189640000,244
14,16,271400160189640000,RVM1416271400160189640000,245
14,16,271400160189640000,RVM1416271400160189640000,246
14,16,271400160189640000,RVM1416271400160189640000,247
14,16,271400160189640000,RVM1416271400160189640000,248
14,16,271400160189640000,RVM1416271400160189640000,249
14,16,271400160189640000,RVM1416271400160189640000,25
14,16,271400160189640000,RVM1416271400160189640000,250
14,16,271400160189640000,RVM1416271400160189640000,251
14,16,271400160189640000,RVM1416271400160189640000,252
14,16,271400160189640000,RVM1416271400160189640000,253
14,16,271400160189640000,RVM1416271400160189640000,254
14,16,271400160189640000,RVM1416271400160189640000,255
14,16,271400160189640000,RVM1416271400160189640000,256
14,16,271400160189640000,RVM1416271400160189640000,257
14,16,271400160189640000,RVM1416271400160189640000,258
14,16,271400160189640000,RVM1416271400160189640000,26
14,16,271400160189640000,RVM1416271400160189640000,260
14,16,271400160189640000,RVM1416271400160189640000,261
14,16,271400160189640000,RVM1416271400160189640000,262
14,16,271400160189640000,RVM1416271400160189640000,263
14,16,271400160189640000,RVM1416271400160189640000,264
14,16,271400160189640000,RVM1416271400160189640000,265
14,16,271400160189640000,RVM1416271400160189640000,266
14,16,271400160189640000,RVM1416271400160189640000,267
14,16,271400160189640000,RVM1416271400160189640000,268
14,16,271400160189640000,RVM1416271400160189640000,269
14,16,271400160189640000,RVM1416271400160189640000,27
14,16,271400160189640000,RVM1416271400160189640000,270
14,16,271400160189640000,RVM1416271400160189640000,271
14,16,271400160189640000,RVM1416271400160189640000,272
14,16,271400160189640000,RVM1416271400160189640000,273
14,16,271400160189640000,RVM1416271400160189640000,274
14,16,271400160189640000,RVM1416271400160189640000,275
14,16,271400160189640000,RVM1416271400160189640000,276
14,16,271400160189640000,RVM1416271400160189640000,277
14,16,271400160189640000,RVM1416271400160189640000,278
14,16,271400160189640000,RVM1416271400160189640000,279
14,16,271400160189640000,RVM1416271400160189640000,28
14,16,271400160189640000,RVM1416271400160189640000,280
14,16,271400160189640000,RVM1416271400160189640000,281
14,16,271400160189640000,RVM1416271400160189640000,282
14,16,271400160189640000,RVM1416271400160189640000,283
14,16,271400160189640000,RVM1416271400160189640000,284
14,16,271400160189640000,RVM1416271400160189640000,285
14,16,271400160189640000,RVM1416271400160189640000,286
14,16,271400160189640000,RVM1416271400160189640000,29
14,16,271400160189640000,RVM1416271400160189640000,290
14,16,271400160189640000,RVM1416271400160189640000,291
14,16,271400160189640000,RVM1416271400160189640000,292
14,16,271400160189640000,RVM1416271400160189640000,293
14,16,271400160189640000,RVM1416271400160189640000,3
14,16,271400160189640000,RVM1416271400160189640000,30
14,16,271400160189640000,RVM1416271400160189640000,31
14,16,271400160189640000,RVM1416271400160189640000,32
14,16,271400160189640000,RVM1416271400160189640000,33
14,16,271400160189640000,RVM1416271400160189640000,34
14,16,271400160189640000,RVM1416271400160189640000,35
14,16,271400160189640000,RVM1416271400160189640000,36
14,16,271400160189640000,RVM1416271400160189640000,37
14,16,271400160189640000,RVM1416271400160189640000,38
14,16,271400160189640000,RVM1416271400160189640000,39
14,16,271400160189640000,RVM1416271400160189640000,4
14,16,271400160189640000,RVM1416271400160189640000,40
14,16,271400160189640000,RVM1416271400160189640000,41
14,16,271400160189640000,RVM1416271400160189640000,42
14,16,271400160189640000,RVM1416271400160189640000,43
14,16,271400160189640000,RVM1416271400160189640000,44
14,16,271400160189640000,RVM1416271400160189640000,45
14,16,271400160189640000,RVM1416271400160189640000,46
14,16,271400160189640000,RVM1416271400160189640000,47
14,16,271400160189640000,RVM1416271400160189640000,48
14,16,271400160189640000,RVM1416271400160189640000,49
14,16,271400160189640000,RVM1416271400160189640000,5
14,16,271400160189640000,RVM1416271400160189640000,50
14,16,271400160189640000,RVM1416271400160189640000,51
14,16,271400160189640000,RVM1416271400160189640000,52
14,16,271400160189640000,RVM1416271400160189640000,53
14,16,271400160189640000,RVM1416271400160189640000,54
14,16,271400160189640000,RVM1416271400160189640000,55
14,16,271400160189640000,RVM1416271400160189640000,56
14,16,271400160189640000,RVM1416271400160189640000,57
14,16,271400160189640000,RVM1416271400160189640000,58
14,16,271400160189640000,RVM1416271400160189640000,59
14,16,271400160189640000,RVM1416271400160189640000,6
14,16,271400160189640000,RVM1416271400160189640000,60
14,16,271400160189640000,RVM1416271400160189640000,61
14,16,271400160189640000,RVM1416271400160189640000,62
14,16,271400160189640000,RVM1416271400160189640000,63
14,16,271400160189640000,RVM1416271400160189640000,64
14,16,271400160189640000,RVM1416271400160189640000,65
14,16,271400160189640000,RVM1416271400160189640000,66
14,16,271400160189640000,RVM1416271400160189640000,67
14,16,271400160189640000,RVM1416271400160189640000,68
14,16,271400160189640000,RVM1416271400160189640000,69
14,16,271400160189640000,RVM1416271400160189640000,7
14,16,271400160189640000,RVM1416271400160189640000,70
14,16,271400160189640000,RVM1416271400160189640000,71
14,16,271400160189640000,RVM1416271400160189640000,72
14,16,271400160189640000,RVM1416271400160189640000,73
14,16,271400160189640000,RVM1416271400160189640000,74
14,16,271400160189640000,RVM1416271400160189640000,75
14,16,271400160189640000,RVM1416271400160189640000,76
14,16,271400160189640000,RVM1416271400160189640000,77
14,16,271400160189640000,RVM1416271400160189640000,78
14,16,271400160189640000,RVM1416271400160189640000,79
14,16,271400160189640000,RVM1416271400160189640000,8
14,16,271400160189640000,RVM1416271400160189640000,80
14,16,271400160189640000,RVM1416271400160189640000,82
14,16,271400160189640000,RVM1416271400160189640000,83
14,16,271400160189640000,RVM1416271400160189640000,84
14,16,271400160189640000,RVM1416271400160189640000,85
14,16,271400160189640000,RVM1416271400160189640000,86
14,16,271400160189640000,RVM1416271400160189640000,87
14,16,271400160189640000,RVM1416271400160189640000,88
14,16,271400160189640000,RVM1416271400160189640000,89
14,16,271400160189640000,RVM1416271400160189640000,9
14,16,271400160189640000,RVM1416271400160189640000,90
14,16,271400160189640000,RVM1416271400160189640000,91
14,16,271400160189640000,RVM1416271400160189640000,92
14,16,271400160189640000,RVM1416271400160189640000,93
14,16,271400160189640000,RVM1416271400160189640000,94
14,16,271400160189640000,RVM1416271400160189640000,95
14,16,271400160189640000,RVM1416271400160189640000,96
14,16,271400160189640000,RVM1416271400160189640000,97
14,16,271400160189640000,RVM1416271400160189640000,98
14,16,271400160189640000,RVM1416271400160189640000,99
14,16,271400160190330000,RVM1416271400160190330000,1
14,16,271400160190330000,RVM1416271400160190330000,10
14,16,271400160190330000,RVM1416271400160190330000,100
14,16,271400160190330000,RVM1416271400160190330000,101
14,16,271400160190330000,RVM1416271400160190330000,102
14,16,271400160190330000,RVM1416271400160190330000,103
14,16,271400160190330000,RVM1416271400160190330000,104
14,16,271400160190330000,RVM1416271400160190330000,105
14,16,271400160190330000,RVM1416271400160190330000,106
14,16,271400160190330000,RVM1416271400160190330000,107
14,16,271400160190330000,RVM1416271400160190330000,108
14,16,271400160190330000,RVM1416271400160190330000,109
14,16,271400160190330000,RVM1416271400160190330000,11
14,16,271400160190330000,RVM1416271400160190330000,110
14,16,271400160190330000,RVM1416271400160190330000,111
14,16,271400160190330000,RVM1416271400160190330000,112
14,16,271400160190330000,RVM1416271400160190330000,113
14,16,271400160190330000,RVM1416271400160190330000,114
14,16,271400160190330000,RVM1416271400160190330000,115
14,16,271400160190330000,RVM1416271400160190330000,116
14,16,271400160190330000,RVM1416271400160190330000,117
14,16,271400160190330000,RVM1416271400160190330000,118
14,16,271400160190330000,RVM1416271400160190330000,119
14,16,271400160190330000,RVM1416271400160190330000,12
14,16,271400160190330000,RVM1416271400160190330000,120
14,16,271400160190330000,RVM1416271400160190330000,121
14,16,271400160190330000,RVM1416271400160190330000,122
14,16,271400160190330000,RVM1416271400160190330000,123
14,16,271400160190330000,RVM1416271400160190330000,124
14,16,271400160190330000,RVM1416271400160190330000,125
14,16,271400160190330000,RVM1416271400160190330000,126
14,16,271400160190330000,RVM1416271400160190330000,127
14,16,271400160190330000,RVM1416271400160190330000,128
14,16,271400160190330000,RVM1416271400160190330000,129
14,16,271400160190330000,RVM1416271400160190330000,13
14,16,271400160190330000,RVM1416271400160190330000,130
14,16,271400160190330000,RVM1416271400160190330000,131
14,16,271400160190330000,RVM1416271400160190330000,132
14,16,271400160190330000,RVM1416271400160190330000,133
14,16,271400160190330000,RVM1416271400160190330000,134
14,16,271400160190330000,RVM1416271400160190330000,135
14,16,271400160190330000,RVM1416271400160190330000,136
14,16,271400160190330000,RVM1416271400160190330000,137
14,16,271400160190330000,RVM1416271400160190330000,138
14,16,271400160190330000,RVM1416271400160190330000,139
14,16,271400160190330000,RVM1416271400160190330000,14
14,16,271400160190330000,RVM1416271400160190330000,140
14,16,271400160190330000,RVM1416271400160190330000,141
14,16,271400160190330000,RVM1416271400160190330000,142
14,16,271400160190330000,RVM1416271400160190330000,143
14,16,271400160190330000,RVM1416271400160190330000,144
14,16,271400160190330000,RVM1416271400160190330000,145
14,16,271400160190330000,RVM1416271400160190330000,146
14,16,271400160190330000,RVM1416271400160190330000,147
14,16,271400160190330000,RVM1416271400160190330000,148
14,16,271400160190330000,RVM1416271400160190330000,149
14,16,271400160190330000,RVM1416271400160190330000,15
14,16,271400160190330000,RVM1416271400160190330000,150
14,16,271400160190330000,RVM1416271400160190330000,151
14,16,271400160190330000,RVM1416271400160190330000,152
14,16,271400160190330000,RVM1416271400160190330000,153
14,16,271400160190330000,RVM1416271400160190330000,154
14,16,271400160190330000,RVM1416271400160190330000,155
14,16,271400160190330000,RVM1416271400160190330000,156
14,16,271400160190330000,RVM1416271400160190330000,157
14,16,271400160190330000,RVM1416271400160190330000,158
14,16,271400160190330000,RVM1416271400160190330000,159
14,16,271400160190330000,RVM1416271400160190330000,16
14,16,271400160190330000,RVM1416271400160190330000,160
14,16,271400160190330000,RVM1416271400160190330000,161
14,16,271400160190330000,RVM1416271400160190330000,162
14,16,271400160190330000,RVM1416271400160190330000,163
14,16,271400160190330000,RVM1416271400160190330000,164
14,16,271400160190330000,RVM1416271400160190330000,165
14,16,271400160190330000,RVM1416271400160190330000,166
14,16,271400160190330000,RVM1416271400160190330000,167
14,16,271400160190330000,RVM1416271400160190330000,168
14,16,271400160190330000,RVM1416271400160190330000,169
14,16,271400160190330000,RVM1416271400160190330000,17
14,16,271400160190330000,RVM1416271400160190330000,170
14,16,271400160190330000,RVM1416271400160190330000,171
14,16,271400160190330000,RVM1416271400160190330000,172
14,16,271400160190330000,RVM1416271400160190330000,173
14,16,271400160190330000,RVM1416271400160190330000,174
14,16,271400160190330000,RVM1416271400160190330000,175
14,16,271400160190330000,RVM1416271400160190330000,176
14,16,271400160190330000,RVM1416271400160190330000,177
14,16,271400160190330000,RVM1416271400160190330000,178
14,16,271400160190330000,RVM1416271400160190330000,179
14,16,271400160190330000,RVM1416271400160190330000,18
14,16,271400160190330000,RVM1416271400160190330000,180
14,16,271400160190330000,RVM1416271400160190330000,181
14,16,271400160190330000,RVM1416271400160190330000,182
14,16,271400160190330000,RVM1416271400160190330000,183
14,16,271400160190330000,RVM1416271400160190330000,184
14,16,271400160190330000,RVM1416271400160190330000,185
14,16,271400160190330000,RVM1416271400160190330000,19/A
14,16,271400160190330000,RVM1416271400160190330000,19/C
14,16,271400160190330000,RVM1416271400160190330000,2
14,16,271400160190330000,RVM1416271400160190330000,20
14,16,271400160190330000,RVM1416271400160190330000,21
14,16,271400160190330000,RVM1416271400160190330000,22
14,16,271400160190330000,RVM1416271400160190330000,23
14,16,271400160190330000,RVM1416271400160190330000,24
14,16,271400160190330000,RVM1416271400160190330000,25
14,16,271400160190330000,RVM1416271400160190330000,26
14,16,271400160190330000,RVM1416271400160190330000,27
14,16,271400160190330000,RVM1416271400160190330000,28
14,16,271400160190330000,RVM1416271400160190330000,29
14,16,271400160190330000,RVM1416271400160190330000,3
14,16,271400160190330000,RVM1416271400160190330000,30
14,16,271400160190330000,RVM1416271400160190330000,31
14,16,271400160190330000,RVM1416271400160190330000,32
14,16,271400160190330000,RVM1416271400160190330000,33
14,16,271400160190330000,RVM1416271400160190330000,34
14,16,271400160190330000,RVM1416271400160190330000,35
14,16,271400160190330000,RVM1416271400160190330000,36
14,16,271400160190330000,RVM1416271400160190330000,37
14,16,271400160190330000,RVM1416271400160190330000,38
14,16,271400160190330000,RVM1416271400160190330000,39
14,16,271400160190330000,RVM1416271400160190330000,4
14,16,271400160190330000,RVM1416271400160190330000,40
14,16,271400160190330000,RVM1416271400160190330000,41
14,16,271400160190330000,RVM1416271400160190330000,42
14,16,271400160190330000,RVM1416271400160190330000,43
14,16,271400160190330000,RVM1416271400160190330000,44
14,16,271400160190330000,RVM1416271400160190330000,45
14,16,271400160190330000,RVM1416271400160190330000,46/1
14,16,271400160190330000,RVM1416271400160190330000,46/2
14,16,271400160190330000,RVM1416271400160190330000,46/3
14,16,271400160190330000,RVM1416271400160190330000,47
14,16,271400160190330000,RVM1416271400160190330000,48
14,16,271400160190330000,RVM1416271400160190330000,49
14,16,271400160190330000,RVM1416271400160190330000,5
14,16,271400160190330000,RVM1416271400160190330000,50
14,16,271400160190330000,RVM1416271400160190330000,51
14,16,271400160190330000,RVM1416271400160190330000,52
14,16,271400160190330000,RVM1416271400160190330000,53
14,16,271400160190330000,RVM1416271400160190330000,54
14,16,271400160190330000,RVM1416271400160190330000,55
14,16,271400160190330000,RVM1416271400160190330000,56
14,16,271400160190330000,RVM1416271400160190330000,57
14,16,271400160190330000,RVM1416271400160190330000,58
14,16,271400160190330000,RVM1416271400160190330000,59
14,16,271400160190330000,RVM1416271400160190330000,6
14,16,271400160190330000,RVM1416271400160190330000,60
14,16,271400160190330000,RVM1416271400160190330000,61
14,16,271400160190330000,RVM1416271400160190330000,62
14,16,271400160190330000,RVM1416271400160190330000,63
14,16,271400160190330000,RVM1416271400160190330000,64
14,16,271400160190330000,RVM1416271400160190330000,65
14,16,271400160190330000,RVM1416271400160190330000,66
14,16,271400160190330000,RVM1416271400160190330000,67
14,16,271400160190330000,RVM1416271400160190330000,68
14,16,271400160190330000,RVM1416271400160190330000,69
14,16,271400160190330000,RVM1416271400160190330000,7
14,16,271400160190330000,RVM1416271400160190330000,70
14,16,271400160190330000,RVM1416271400160190330000,71
14,16,271400160190330000,RVM1416271400160190330000,72
14,16,271400160190330000,RVM1416271400160190330000,73
14,16,271400160190330000,RVM1416271400160190330000,74
14,16,271400160190330000,RVM1416271400160190330000,75
14,16,271400160190330000,RVM1416271400160190330000,76
14,16,271400160190330000,RVM1416271400160190330000,77
14,16,271400160190330000,RVM1416271400160190330000,78
14,16,271400160190330000,RVM1416271400160190330000,79
14,16,271400160190330000,RVM1416271400160190330000,8
14,16,271400160190330000,RVM1416271400160190330000,80
14,16,271400160190330000,RVM1416271400160190330000,81
14,16,271400160190330000,RVM1416271400160190330000,82
14,16,271400160190330000,RVM1416271400160190330000,83
14,16,271400160190330000,RVM1416271400160190330000,84
14,16,271400160190330000,RVM1416271400160190330000,85
14,16,271400160190330000,RVM1416271400160190330000,86
14,16,271400160190330000,RVM1416271400160190330000,87
14,16,271400160190330000,RVM1416271400160190330000,88
14,16,271400160190330000,RVM1416271400160190330000,89
14,16,271400160190330000,RVM1416271400160190330000,9
14,16,271400160190330000,RVM1416271400160190330000,90
14,16,271400160190330000,RVM1416271400160190330000,91
14,16,271400160190330000,RVM1416271400160190330000,92
14,16,271400160190330000,RVM1416271400160190330000,93
14,16,271400160190330000,RVM1416271400160190330000,94
14,16,271400160190330000,RVM1416271400160190330000,95
14,16,271400160190330000,RVM1416271400160190330000,96
14,16,271400160190330000,RVM1416271400160190330000,97
14,16,271400160190330000,RVM1416271400160190330000,98
14,16,271400160190330000,RVM1416271400160190330000,99
14,16,271400160188720000,RVM1416271400160188720000,1
14,16,271400160188720000,RVM1416271400160188720000,10
14,16,271400160188720000,RVM1416271400160188720000,11
14,16,271400160188720000,RVM1416271400160188720000,12
14,16,271400160188720000,RVM1416271400160188720000,13
14,16,271400160188720000,RVM1416271400160188720000,14
14,16,271400160188720000,RVM1416271400160188720000,15
14,16,271400160188720000,RVM1416271400160188720000,16
14,16,271400160188720000,RVM1416271400160188720000,17
14,16,271400160188720000,RVM1416271400160188720000,18
14,16,271400160188720000,RVM1416271400160188720000,19
14,16,271400160188720000,RVM1416271400160188720000,2
14,16,271400160188720000,RVM1416271400160188720000,20
14,16,271400160188720000,RVM1416271400160188720000,21
14,16,271400160188720000,RVM1416271400160188720000,22
14,16,271400160188720000,RVM1416271400160188720000,23
14,16,271400160188720000,RVM1416271400160188720000,24
14,16,271400160188720000,RVM1416271400160188720000,25
14,16,271400160188720000,RVM1416271400160188720000,26
14,16,271400160188720000,RVM1416271400160188720000,27
14,16,271400160188720000,RVM1416271400160188720000,28
14,16,271400160188720000,RVM1416271400160188720000,29
14,16,271400160188720000,RVM1416271400160188720000,3
14,16,271400160188720000,RVM1416271400160188720000,30
14,16,271400160188720000,RVM1416271400160188720000,31
14,16,271400160188720000,RVM1416271400160188720000,32
14,16,271400160188720000,RVM1416271400160188720000,33
14,16,271400160188720000,RVM1416271400160188720000,34
14,16,271400160188720000,RVM1416271400160188720000,35
14,16,271400160188720000,RVM1416271400160188720000,37
14,16,271400160188720000,RVM1416271400160188720000,38
14,16,271400160188720000,RVM1416271400160188720000,39
14,16,271400160188720000,RVM1416271400160188720000,4
14,16,271400160188720000,RVM1416271400160188720000,40
14,16,271400160188720000,RVM1416271400160188720000,41
14,16,271400160188720000,RVM1416271400160188720000,42
14,16,271400160188720000,RVM1416271400160188720000,43
14,16,271400160188720000,RVM1416271400160188720000,44
14,16,271400160188720000,RVM1416271400160188720000,45
14,16,271400160188720000,RVM1416271400160188720000,46
14,16,271400160188720000,RVM1416271400160188720000,47
14,16,271400160188720000,RVM1416271400160188720000,48
14,16,271400160188720000,RVM1416271400160188720000,49
14,16,271400160188720000,RVM1416271400160188720000,5
14,16,271400160188720000,RVM1416271400160188720000,50
14,16,271400160188720000,RVM1416271400160188720000,51
14,16,271400160188720000,RVM1416271400160188720000,52
14,16,271400160188720000,RVM1416271400160188720000,53
14,16,271400160188720000,RVM1416271400160188720000,54
14,16,271400160188720000,RVM1416271400160188720000,55
14,16,271400160188720000,RVM1416271400160188720000,56
14,16,271400160188720000,RVM1416271400160188720000,57
14,16,271400160188720000,RVM1416271400160188720000,58
14,16,271400160188720000,RVM1416271400160188720000,59
14,16,271400160188720000,RVM1416271400160188720000,6
14,16,271400160188720000,RVM1416271400160188720000,60
14,16,271400160188720000,RVM1416271400160188720000,61
14,16,271400160188720000,RVM1416271400160188720000,62
14,16,271400160188720000,RVM1416271400160188720000,63
14,16,271400160188720000,RVM1416271400160188720000,64
14,16,271400160188720000,RVM1416271400160188720000,65
14,16,271400160188720000,RVM1416271400160188720000,66
14,16,271400160188720000,RVM1416271400160188720000,67
14,16,271400160188720000,RVM1416271400160188720000,68
14,16,271400160188720000,RVM1416271400160188720000,69
14,16,271400160188720000,RVM1416271400160188720000,7
14,16,271400160188720000,RVM1416271400160188720000,70
14,16,271400160188720000,RVM1416271400160188720000,71
14,16,271400160188720000,RVM1416271400160188720000,72
14,16,271400160188720000,RVM1416271400160188720000,73
14,16,271400160188720000,RVM1416271400160188720000,74
14,16,271400160188720000,RVM1416271400160188720000,75
14,16,271400160188720000,RVM1416271400160188720000,76
14,16,271400160188720000,RVM1416271400160188720000,77
14,16,271400160188720000,RVM1416271400160188720000,78
14,16,271400160188720000,RVM1416271400160188720000,79
14,16,271400160188720000,RVM1416271400160188720000,8
14,16,271400160188720000,RVM1416271400160188720000,80
14,16,271400160188720000,RVM1416271400160188720000,81
14,16,271400160188720000,RVM1416271400160188720000,82
14,16,271400160188720000,RVM1416271400160188720000,83
14,16,271400160188720000,RVM1416271400160188720000,84
14,16,271400160188720000,RVM1416271400160188720000,85
14,16,271400160188720000,RVM1416271400160188720000,86
14,16,271400160188720000,RVM1416271400160188720000,87
14,16,271400160188720000,RVM1416271400160188720000,9
14,16,271400160189550000,RVM1416271400160189550000,1
14,16,271400160189550000,RVM1416271400160189550000,10
14,16,271400160189550000,RVM1416271400160189550000,11
14,16,271400160189550000,RVM1416271400160189550000,12
14,16,271400160189550000,RVM1416271400160189550000,13
14,16,271400160189550000,RVM1416271400160189550000,14
14,16,271400160189550000,RVM1416271400160189550000,15
14,16,271400160189550000,RVM1416271400160189550000,16
14,16,271400160189550000,RVM1416271400160189550000,17
14,16,271400160189550000,RVM1416271400160189550000,18
14,16,271400160189550000,RVM1416271400160189550000,19
14,16,271400160189550000,RVM1416271400160189550000,2
14,16,271400160189550000,RVM1416271400160189550000,20
14,16,271400160189550000,RVM1416271400160189550000,21
14,16,271400160189550000,RVM1416271400160189550000,22
14,16,271400160189550000,RVM1416271400160189550000,23
14,16,271400160189550000,RVM1416271400160189550000,24
14,16,271400160189550000,RVM1416271400160189550000,25
14,16,271400160189550000,RVM1416271400160189550000,26
14,16,271400160189550000,RVM1416271400160189550000,27
14,16,271400160189550000,RVM1416271400160189550000,28
14,16,271400160189550000,RVM1416271400160189550000,29
14,16,271400160189550000,RVM1416271400160189550000,3
14,16,271400160189550000,RVM1416271400160189550000,30
14,16,271400160189550000,RVM1416271400160189550000,31
14,16,271400160189550000,RVM1416271400160189550000,32
14,16,271400160189550000,RVM1416271400160189550000,33
14,16,271400160189550000,RVM1416271400160189550000,34
14,16,271400160189550000,RVM1416271400160189550000,35
14,16,271400160189550000,RVM1416271400160189550000,36
14,16,271400160189550000,RVM1416271400160189550000,37
14,16,271400160189550000,RVM1416271400160189550000,38
14,16,271400160189550000,RVM1416271400160189550000,39
14,16,271400160189550000,RVM1416271400160189550000,4
14,16,271400160189550000,RVM1416271400160189550000,40
14,16,271400160189550000,RVM1416271400160189550000,41
14,16,271400160189550000,RVM1416271400160189550000,42
14,16,271400160189550000,RVM1416271400160189550000,43
14,16,271400160189550000,RVM1416271400160189550000,44
14,16,271400160189550000,RVM1416271400160189550000,45
14,16,271400160189550000,RVM1416271400160189550000,46
14,16,271400160189550000,RVM1416271400160189550000,47
14,16,271400160189550000,RVM1416271400160189550000,48
14,16,271400160189550000,RVM1416271400160189550000,49
14,16,271400160189550000,RVM1416271400160189550000,5
14,16,271400160189550000,RVM1416271400160189550000,50
14,16,271400160189550000,RVM1416271400160189550000,51
14,16,271400160189550000,RVM1416271400160189550000,52
14,16,271400160189550000,RVM1416271400160189550000,53
14,16,271400160189550000,RVM1416271400160189550000,54
14,16,271400160189550000,RVM1416271400160189550000,55
14,16,271400160189550000,RVM1416271400160189550000,56
14,16,271400160189550000,RVM1416271400160189550000,57
14,16,271400160189550000,RVM1416271400160189550000,58
14,16,271400160189550000,RVM1416271400160189550000,59
14,16,271400160189550000,RVM1416271400160189550000,6
14,16,271400160189550000,RVM1416271400160189550000,60
14,16,271400160189550000,RVM1416271400160189550000,61
14,16,271400160189550000,RVM1416271400160189550000,62
14,16,271400160189550000,RVM1416271400160189550000,63
14,16,271400160189550000,RVM1416271400160189550000,64
14,16,271400160189550000,RVM1416271400160189550000,65
14,16,271400160189550000,RVM1416271400160189550000,66
14,16,271400160189550000,RVM1416271400160189550000,67
14,16,271400160189550000,RVM1416271400160189550000,68
14,16,271400160189550000,RVM1416271400160189550000,69
14,16,271400160189550000,RVM1416271400160189550000,7
14,16,271400160189550000,RVM1416271400160189550000,70
14,16,271400160189550000,RVM1416271400160189550000,71
14,16,271400160189550000,RVM1416271400160189550000,72
14,16,271400160189550000,RVM1416271400160189550000,73
14,16,271400160189550000,RVM1416271400160189550000,74
14,16,271400160189550000,RVM1416271400160189550000,75
14,16,271400160189550000,RVM1416271400160189550000,76
14,16,271400160189550000,RVM1416271400160189550000,77
14,16,271400160189550000,RVM1416271400160189550000,78
14,16,271400160189550000,RVM1416271400160189550000,79
14,16,271400160189550000,RVM1416271400160189550000,8
14,16,271400160189550000,RVM1416271400160189550000,80
14,16,271400160189550000,RVM1416271400160189550000,81
14,16,271400160189550000,RVM1416271400160189550000,9
14,16,271400160188840000,RVM1416271400160188840000,1
14,16,271400160188840000,RVM1416271400160188840000,10
14,16,271400160188840000,RVM1416271400160188840000,100
14,16,271400160188840000,RVM1416271400160188840000,101
14,16,271400160188840000,RVM1416271400160188840000,102
14,16,271400160188840000,RVM1416271400160188840000,103
14,16,271400160188840000,RVM1416271400160188840000,104
14,16,271400160188840000,RVM1416271400160188840000,105
14,16,271400160188840000,RVM1416271400160188840000,106
14,16,271400160188840000,RVM1416271400160188840000,107
14,16,271400160188840000,RVM1416271400160188840000,108
14,16,271400160188840000,RVM1416271400160188840000,109
14,16,271400160188840000,RVM1416271400160188840000,11
14,16,271400160188840000,RVM1416271400160188840000,110
14,16,271400160188840000,RVM1416271400160188840000,111
14,16,271400160188840000,RVM1416271400160188840000,112
14,16,271400160188840000,RVM1416271400160188840000,113
14,16,271400160188840000,RVM1416271400160188840000,114
14,16,271400160188840000,RVM1416271400160188840000,115
14,16,271400160188840000,RVM1416271400160188840000,116
14,16,271400160188840000,RVM1416271400160188840000,117
14,16,271400160188840000,RVM1416271400160188840000,118
14,16,271400160188840000,RVM1416271400160188840000,119
14,16,271400160188840000,RVM1416271400160188840000,12
14,16,271400160188840000,RVM1416271400160188840000,120
14,16,271400160188840000,RVM1416271400160188840000,121
14,16,271400160188840000,RVM1416271400160188840000,122
14,16,271400160188840000,RVM1416271400160188840000,123
14,16,271400160188840000,RVM1416271400160188840000,124
14,16,271400160188840000,RVM1416271400160188840000,13
14,16,271400160188840000,RVM1416271400160188840000,14
14,16,271400160188840000,RVM1416271400160188840000,15
14,16,271400160188840000,RVM1416271400160188840000,16
14,16,271400160188840000,RVM1416271400160188840000,17
14,16,271400160188840000,RVM1416271400160188840000,18
14,16,271400160188840000,RVM1416271400160188840000,19
14,16,271400160188840000,RVM1416271400160188840000,2
14,16,271400160188840000,RVM1416271400160188840000,20
14,16,271400160188840000,RVM1416271400160188840000,21
14,16,271400160188840000,RVM1416271400160188840000,22
14,16,271400160188840000,RVM1416271400160188840000,23
14,16,271400160188840000,RVM1416271400160188840000,24
14,16,271400160188840000,RVM1416271400160188840000,25
14,16,271400160188840000,RVM1416271400160188840000,26
14,16,271400160188840000,RVM1416271400160188840000,27
14,16,271400160188840000,RVM1416271400160188840000,28
14,16,271400160188840000,RVM1416271400160188840000,29
14,16,271400160188840000,RVM1416271400160188840000,3
14,16,271400160188840000,RVM1416271400160188840000,30
14,16,271400160188840000,RVM1416271400160188840000,31
14,16,271400160188840000,RVM1416271400160188840000,32
14,16,271400160188840000,RVM1416271400160188840000,33
14,16,271400160188840000,RVM1416271400160188840000,34
14,16,271400160188840000,RVM1416271400160188840000,35
14,16,271400160188840000,RVM1416271400160188840000,36
14,16,271400160188840000,RVM1416271400160188840000,37
14,16,271400160188840000,RVM1416271400160188840000,38
14,16,271400160188840000,RVM1416271400160188840000,39
14,16,271400160188840000,RVM1416271400160188840000,4
14,16,271400160188840000,RVM1416271400160188840000,40
14,16,271400160188840000,RVM1416271400160188840000,41
14,16,271400160188840000,RVM1416271400160188840000,41/B
14,16,271400160188840000,RVM1416271400160188840000,42
14,16,271400160188840000,RVM1416271400160188840000,43
14,16,271400160188840000,RVM1416271400160188840000,44
14,16,271400160188840000,RVM1416271400160188840000,45
14,16,271400160188840000,RVM1416271400160188840000,46
14,16,271400160188840000,RVM1416271400160188840000,47/A
14,16,271400160188840000,RVM1416271400160188840000,47/B
14,16,271400160188840000,RVM1416271400160188840000,48
14,16,271400160188840000,RVM1416271400160188840000,49
14,16,271400160188840000,RVM1416271400160188840000,5
14,16,271400160188840000,RVM1416271400160188840000,50
14,16,271400160188840000,RVM1416271400160188840000,51
14,16,271400160188840000,RVM1416271400160188840000,52
14,16,271400160188840000,RVM1416271400160188840000,53
14,16,271400160188840000,RVM1416271400160188840000,54
14,16,271400160188840000,RVM1416271400160188840000,55
14,16,271400160188840000,RVM1416271400160188840000,56
14,16,271400160188840000,RVM1416271400160188840000,57
14,16,271400160188840000,RVM1416271400160188840000,58
14,16,271400160188840000,RVM1416271400160188840000,59
14,16,271400160188840000,RVM1416271400160188840000,60
14,16,271400160188840000,RVM1416271400160188840000,61
14,16,271400160188840000,RVM1416271400160188840000,62
14,16,271400160188840000,RVM1416271400160188840000,64
14,16,271400160188840000,RVM1416271400160188840000,65
14,16,271400160188840000,RVM1416271400160188840000,66
14,16,271400160188840000,RVM1416271400160188840000,67
14,16,271400160188840000,RVM1416271400160188840000,68
14,16,271400160188840000,RVM1416271400160188840000,69
14,16,271400160188840000,RVM1416271400160188840000,7
14,16,271400160188840000,RVM1416271400160188840000,70
14,16,271400160188840000,RVM1416271400160188840000,71
14,16,271400160188840000,RVM1416271400160188840000,72
14,16,271400160188840000,RVM1416271400160188840000,73
14,16,271400160188840000,RVM1416271400160188840000,74
14,16,271400160188840000,RVM1416271400160188840000,75
14,16,271400160188840000,RVM1416271400160188840000,76
14,16,271400160188840000,RVM1416271400160188840000,77
14,16,271400160188840000,RVM1416271400160188840000,78
14,16,271400160188840000,RVM1416271400160188840000,79
14,16,271400160188840000,RVM1416271400160188840000,8
14,16,271400160188840000,RVM1416271400160188840000,80
14,16,271400160188840000,RVM1416271400160188840000,81
14,16,271400160188840000,RVM1416271400160188840000,82
14,16,271400160188840000,RVM1416271400160188840000,83
14,16,271400160188840000,RVM1416271400160188840000,84
14,16,271400160188840000,RVM1416271400160188840000,85
14,16,271400160188840000,RVM1416271400160188840000,86
14,16,271400160188840000,RVM1416271400160188840000,87
14,16,271400160188840000,RVM1416271400160188840000,88
14,16,271400160188840000,RVM1416271400160188840000,89
14,16,271400160188840000,RVM1416271400160188840000,9
14,16,271400160188840000,RVM1416271400160188840000,90
14,16,271400160188840000,RVM1416271400160188840000,91
14,16,271400160188840000,RVM1416271400160188840000,92
14,16,271400160188840000,RVM1416271400160188840000,93
14,16,271400160188840000,RVM1416271400160188840000,94
14,16,271400160188840000,RVM1416271400160188840000,95
14,16,271400160188840000,RVM1416271400160188840000,96
14,16,271400160188840000,RVM1416271400160188840000,97
14,16,271400160188840000,RVM1416271400160188840000,98
14,16,271400160188840000,RVM1416271400160188840000,99
14,16,271400160190090000,RVM1416271400160190090000,1
14,16,271400160190090000,RVM1416271400160190090000,10
14,16,271400160190090000,RVM1416271400160190090000,100
14,16,271400160190090000,RVM1416271400160190090000,101
14,16,271400160190090000,RVM1416271400160190090000,102
14,16,271400160190090000,RVM1416271400160190090000,103
14,16,271400160190090000,RVM1416271400160190090000,104
14,16,271400160190090000,RVM1416271400160190090000,105
14,16,271400160190090000,RVM1416271400160190090000,106
14,16,271400160190090000,RVM1416271400160190090000,107
14,16,271400160190090000,RVM1416271400160190090000,11
14,16,271400160190090000,RVM1416271400160190090000,12
14,16,271400160190090000,RVM1416271400160190090000,13
14,16,271400160190090000,RVM1416271400160190090000,14
14,16,271400160190090000,RVM1416271400160190090000,15
14,16,271400160190090000,RVM1416271400160190090000,16
14,16,271400160190090000,RVM1416271400160190090000,17
14,16,271400160190090000,RVM1416271400160190090000,18
14,16,271400160190090000,RVM1416271400160190090000,19
14,16,271400160190090000,RVM1416271400160190090000,2
14,16,271400160190090000,RVM1416271400160190090000,20
14,16,271400160190090000,RVM1416271400160190090000,21
14,16,271400160190090000,RVM1416271400160190090000,22
14,16,271400160190090000,RVM1416271400160190090000,23
14,16,271400160190090000,RVM1416271400160190090000,24
14,16,271400160190090000,RVM1416271400160190090000,25
14,16,271400160190090000,RVM1416271400160190090000,26
14,16,271400160190090000,RVM1416271400160190090000,27
14,16,271400160190090000,RVM1416271400160190090000,28
14,16,271400160190090000,RVM1416271400160190090000,29
14,16,271400160190090000,RVM1416271400160190090000,3
14,16,271400160190090000,RVM1416271400160190090000,30
14,16,271400160190090000,RVM1416271400160190090000,31
14,16,271400160190090000,RVM1416271400160190090000,32
14,16,271400160190090000,RVM1416271400160190090000,33
14,16,271400160190090000,RVM1416271400160190090000,34
14,16,271400160190090000,RVM1416271400160190090000,35
14,16,271400160190090000,RVM1416271400160190090000,36
14,16,271400160190090000,RVM1416271400160190090000,37
14,16,271400160190090000,RVM1416271400160190090000,38
14,16,271400160190090000,RVM1416271400160190090000,39
14,16,271400160190090000,RVM1416271400160190090000,4
14,16,271400160190090000,RVM1416271400160190090000,40
14,16,271400160190090000,RVM1416271400160190090000,41
14,16,271400160190090000,RVM1416271400160190090000,42
14,16,271400160190090000,RVM1416271400160190090000,43
14,16,271400160190090000,RVM1416271400160190090000,44
14,16,271400160190090000,RVM1416271400160190090000,45
14,16,271400160190090000,RVM1416271400160190090000,46
14,16,271400160190090000,RVM1416271400160190090000,47
14,16,271400160190090000,RVM1416271400160190090000,48
14,16,271400160190090000,RVM1416271400160190090000,49
14,16,271400160190090000,RVM1416271400160190090000,50
14,16,271400160190090000,RVM1416271400160190090000,51
14,16,271400160190090000,RVM1416271400160190090000,52
14,16,271400160190090000,RVM1416271400160190090000,53
14,16,271400160190090000,RVM1416271400160190090000,54
14,16,271400160190090000,RVM1416271400160190090000,55
14,16,271400160190090000,RVM1416271400160190090000,56
14,16,271400160190090000,RVM1416271400160190090000,57
14,16,271400160190090000,RVM1416271400160190090000,58
14,16,271400160190090000,RVM1416271400160190090000,59
14,16,271400160190090000,RVM1416271400160190090000,5/A
14,16,271400160190090000,RVM1416271400160190090000,5/B
14,16,271400160190090000,RVM1416271400160190090000,6
14,16,271400160190090000,RVM1416271400160190090000,60
14,16,271400160190090000,RVM1416271400160190090000,61
14,16,271400160190090000,RVM1416271400160190090000,62
14,16,271400160190090000,RVM1416271400160190090000,63
14,16,271400160190090000,RVM1416271400160190090000,64
14,16,271400160190090000,RVM1416271400160190090000,65
14,16,271400160190090000,RVM1416271400160190090000,66
14,16,271400160190090000,RVM1416271400160190090000,67
14,16,271400160190090000,RVM1416271400160190090000,68
14,16,271400160190090000,RVM1416271400160190090000,69
14,16,271400160190090000,RVM1416271400160190090000,7
14,16,271400160190090000,RVM1416271400160190090000,70
14,16,271400160190090000,RVM1416271400160190090000,71
14,16,271400160190090000,RVM1416271400160190090000,72
14,16,271400160190090000,RVM1416271400160190090000,73
14,16,271400160190090000,RVM1416271400160190090000,74
14,16,271400160190090000,RVM1416271400160190090000,75
14,16,271400160190090000,RVM1416271400160190090000,76
14,16,271400160190090000,RVM1416271400160190090000,77
14,16,271400160190090000,RVM1416271400160190090000,78
14,16,271400160190090000,RVM1416271400160190090000,79
14,16,271400160190090000,RVM1416271400160190090000,8
14,16,271400160190090000,RVM1416271400160190090000,80
14,16,271400160190090000,RVM1416271400160190090000,81
14,16,271400160190090000,RVM1416271400160190090000,82
14,16,271400160190090000,RVM1416271400160190090000,83
14,16,271400160190090000,RVM1416271400160190090000,84
14,16,271400160190090000,RVM1416271400160190090000,85
14,16,271400160190090000,RVM1416271400160190090000,86
14,16,271400160190090000,RVM1416271400160190090000,87
14,16,271400160190090000,RVM1416271400160190090000,88
14,16,271400160190090000,RVM1416271400160190090000,89
14,16,271400160190090000,RVM1416271400160190090000,9
14,16,271400160190090000,RVM1416271400160190090000,90
14,16,271400160190090000,RVM1416271400160190090000,91
14,16,271400160190090000,RVM1416271400160190090000,92
14,16,271400160190090000,RVM1416271400160190090000,93
14,16,271400160190090000,RVM1416271400160190090000,94
14,16,271400160190090000,RVM1416271400160190090000,95
14,16,271400160190090000,RVM1416271400160190090000,96
14,16,271400160190090000,RVM1416271400160190090000,97
14,16,271400160190090000,RVM1416271400160190090000,98
14,16,271400160190090000,RVM1416271400160190090000,99
